,Feature_1,Feature_2,Feature_3,Feature_4,Feature_5,Feature_6,Feature_7,Feature_8,Feature_9,Feature_10
0,0.5627389536862814,0.30662287454942055,0.3057606410862671,0.30591668325599153,0.3040132900540952,0.09219962495822492,0.38126310087235044,0.6041113248549796,0.9597504361080833,0.2272924570388815
1,0.3090294503045018,0.43148136993758557,0.36109116240699846,0.9416255844067063,0.2572171569767562,0.9999999999999999,0.18236585102786512,0.09872948040324071,0.154763017177121,0.20568497512078976
2,0.6468371774416241,0.554170692398416,0.5032416784318827,0.48682650372849556,0.4393082042257273,0.22133476934639199,0.3648202294097928,0.7936169007564525,0.3971435705542122,0.3345112978104672
3,0.6827065641842504,0.5524199061778815,0.5535859439015114,0.2609788171244618,0.6341142212997793,0.20919347743042677,0.25947938692213174,0.8537751974314023,0.18581644987707818,0.9076733170673331
4,0.13713823753405846,0.04156112845533996,0.3842205235847773,0.1704499709852966,0.582911487031704,0.13702796237780526,0.3320125422641587,0.9141266110533713,0.15290705206622662,0.22409396527038145
5,0.2595601216733004,0.4393155716688289,0.5151346476156311,0.018890874846811095,0.9237874413140673,0.5560646158249538,0.3024148119042785,0.9398713077214834,0.10942832874067837,0.9267028394575434
6,0.529367008867521,0.21357579545630714,0.6141592529850519,0.3651414664786756,0.5010879514399724,0.012329760021474331,0.6765838959942465,0.10730651446328697,0.61931192896382,0.5496338222575335
7,0.4455803078332731,0.9166899489208707,0.8665835335926383,0.11009290574332958,0.4335417929648426,0.05409548553240699,0.4899513417801417,0.8821846165733997,0.24964877671931812,0.5170095127187943
8,0.5020769767707626,0.9765950729013432,0.4772370783712174,0.02700518547904812,0.2776586707576417,0.06861461171433962,0.6973419819429927,0.9454144845430906,0.4537389145352971,0.6737647442624057
9,0.3443001114637634,0.29943350534104035,0.4930793442314898,0.10300787651857168,0.7252064718622804,0.112656127007359,0.5063751240858583,0.690678903110216,0.6715863877465122,0.8056698175655268
10,0.6711660198772517,0.1749299988532578,0.785644478387037,0.31864893728933064,0.4957054122398377,0.6871464781251668,0.6702437017788136,0.1833979890543594,0.5901668580949762,0.9576394258844518
11,0.6519956509701355,0.21926371071062595,0.39836402280874494,0.7511902024933066,0.20554947597385875,0.2638674321196544,0.44315566896243447,0.4005290216999292,0.5807770928565583,0.0026276641754027774
12,0.5177051542660563,0.4775989772343117,0.253794914502514,0.06699784788243315,0.5011836238819508,0.5704210586642381,0.7931231369910745,0.08959438664640947,0.7327416525324555,0.3980964745574605
13,0.7179274743839063,0.8744862304467355,0.5474514864807848,0.6789671836594511,0.30427502056136246,0.7089782244313194,0.585806012567982,0.0036733290426755605,0.8078990173083704,0.17898085206070746
14,0.5934535425502061,0.4998904579473453,0.7014831789883131,0.6208090210008973,0.41454796246470865,0.09186607333181433,0.3550176824606212,0.9200996799194484,0.26433742570514124,0.15169825654188335
15,0.34312117832472266,0.05509623149709498,0.5681148716017365,0.8823770862072848,0.49807551504806374,0.16699280015240375,0.6131475825694381,0.9724108654882148,0.5939393813591072,0.14697351639574158
16,0.574820417950589,0.03958453886184616,0.482688110585641,0.18405248040348285,0.32179179659950985,0.3681946691572968,0.5039057548705475,0.9193299729458878,0.45042549893209755,0.7097632434094593
17,0.3243311566432535,0.2271531672816751,0.2306619190242621,0.7946141929308635,0.40255805893893937,0.3775199273188898,0.4615401835121861,0.25355598983141736,0.4742757358237258,0.051082261287485775
18,0.6709872189736366,0.842741198193662,0.48989550196986287,0.8652442122628945,0.35294483007414795,0.008159547505826927,0.5166230032647805,0.6209491702896366,0.21499227882912514,0.8367198176256192
19,0.49582721299938987,0.621375789601768,0.730759262352673,0.9769145239125399,0.35813460422725873,0.14067389137853734,0.6375219267735719,0.4994549003378056,0.4010818912927902,0.7525564092065992
20,0.4703682777925207,0.5628333336735741,0.27062353529914474,0.8089024215287067,0.30189926961157043,0.08890943229946008,0.10819467323212612,0.4958024128405657,0.42182822217892973,0.4092362178568501
21,0.3767735376298315,0.3187627232347775,0.4551368116511272,0.12380594385862684,0.4034980384228881,0.0364339672828599,0.4341522372669803,0.42804350826064164,0.7738593145823784,0.42542666391344874
22,0.7359080854960007,0.9294245725338638,0.42851686460740857,0.9475458853018504,0.323818837167262,0.29057047488303067,0.6248681269704579,0.941232133846622,0.28265744077156746,0.678346677726218
23,0.4760912892508892,0.3309754961944165,0.37066218524061856,0.815348082974326,0.6103391200971564,0.08189608850568873,0.5447071611919043,0.7908408524316061,0.04895436789331353,0.01070981562023715
24,0.42443279321060695,0.8349116915677011,0.5470177027641205,0.21240370523664057,0.535718003320046,0.3053613276444921,0.29107248135095903,0.8468573537257178,0.5009820045511746,0.38709824914242064
25,0.4388086344967636,0.8958913713874355,0.5834556582340015,0.16525422044642105,0.7279681953210766,0.2551548331462613,0.0620200453974214,0.03405780738985727,0.26338175848419737,0.180086291677714
26,0.6056795569498489,0.4831836193514246,0.5815014930867597,0.9368260916784252,0.8618175030785025,0.13265397212011923,0.812750763060184,0.41164892800346065,0.475624341634918,0.18072855484010908
27,0.5741965275083696,0.8942765780622752,0.31861025481455907,0.15575107211517744,0.6278908745661173,0.10684703208329377,0.4643864310972801,0.5978010788191876,0.6276707362778746,0.5505656761609572
28,0.583118624074364,0.27658218636267295,0.19381216520137803,0.7774419690242017,0.5838401613625958,0.03187284328020609,0.778269282246852,0.6585848309491495,0.48317808362815323,0.24588332077940867
29,0.586531424516487,0.6583411303272639,0.5497154442594502,0.40542661519639,0.640079156945237,0.01425746527925332,0.6455875969076923,0.8949005746919371,0.420213425301825,0.37514730750739067
30,0.9093190973740106,0.0876789116772702,0.4064293700565421,0.7241193069778064,0.5871287698285177,0.16957153789015547,0.35247278286910694,0.16653833870664225,0.4723976593699299,0.7173027009342386
31,0.4285671593654558,0.4737796473347984,0.8436185514387163,0.09187442650074806,0.5065877355871544,0.14329963684298844,0.03735577661758821,0.0895208064903203,0.6631291048927495,0.6206524214682958
32,0.4086002725139632,0.5041605632076909,0.852234154286274,0.7253729062013723,0.4912054110825441,0.16774511434289216,0.4136326070007495,0.8932185459409604,0.28277837931418676,0.32998320441697393
33,0.351709546795494,0.06246993559445831,0.8720362906586087,0.5121278482449371,0.29925909581360427,0.2372382010454508,0.4920339734941141,0.5063811327952574,0.6405372999835635,0.049543946797872496
34,0.6214659149183059,0.003412239720575761,0.3254544364701326,0.9007737332654824,0.6591476480886636,0.23738461633482902,0.5820588701117195,0.5389991909724252,0.3113181638940237,0.02660595278789385
35,0.7182540844228081,0.3245471987705146,0.6069660288024742,0.18846592049220776,0.4908245523192444,0.5712418092778331,0.29393289039788945,0.8900182076486826,0.6165217731171231,0.48751731713371005
36,0.4837480425634602,0.5894150430722328,0.6632100548453698,0.10938718467916789,0.7772541617013837,0.6107829735439646,0.5317504514293656,0.749734035082796,0.20898608294875037,0.42149773904104104
37,0.3467316321082313,0.4550694680935602,0.6422109542299621,0.19629140346666954,0.6738899603136175,0.33998255741932926,0.5316831636428208,0.7306658448548528,0.6052065919086103,0.7964383115678757
38,0.3496891387974039,0.30155662384700876,0.4346874097225961,0.07859230039156365,0.375801772061224,0.04503643193878557,0.6808280321155102,0.18557656613873436,0.4827875125093409,0.081968562003494
39,0.6279965403086974,0.9912200480095478,0.7393399271475122,0.9805826213901978,0.7380217311037478,0.18163261805749562,0.4422954805508144,0.6212487319958444,0.5204842517325343,0.8499244693457308
40,0.6454792894908475,0.9395276162264805,0.5008697006881317,0.12289394919876878,0.0015607664727734782,0.11180478183921455,0.5806010929157113,0.44979540899012416,0.6843201759738788,0.21248472161703796
41,0.607725736865329,0.12538119071015974,0.5246723647450718,0.20092418284577548,0.8702359086458029,0.07743197582526375,0.5521264170602962,0.6108730237114546,0.34615020414914527,0.3506930751010082
42,0.3796828525449087,0.41493300509933323,0.2139817250761407,0.8100393340579218,0.23798614553944236,0.6388638326952065,0.6604638519473405,0.5754851199197676,0.4973817571393057,0.8599250599926336
43,0.5490496038229447,0.6487514025708726,0.6210270400135525,0.2468487700669886,0.592645962855556,0.11450978999650935,0.34762063804985827,0.02572155153749263,0.5597617476946686,0.8376497520213231
44,0.5272624323709894,0.7334238345202351,0.4522154416632691,0.22237645099884726,0.5795517151016784,0.029617463582438913,0.0,0.34352877068539395,0.44533506301948705,0.5148778294064861
45,0.5465076571481454,0.36618128454752935,0.5874603971149616,0.6726001098200579,0.7142351833507447,0.024708860018086233,0.455201139140851,0.4575325450592891,0.6383159614665657,0.08160888840560698
46,0.6696624434599611,0.7462191668608792,0.5446288219601236,0.398929601076638,0.4332989276459806,0.21472608411526367,0.45628918246659683,0.49997954655541976,0.5648000799965132,0.590455832696639
47,0.5474334690531182,0.12387738940194312,0.5345250191095618,0.8358446176450283,0.08187626716924501,0.9999999999999999,0.2853271027680387,0.09895965256948559,0.3919666416555177,0.7617337517131906
48,0.6333399206062588,0.33161009060165086,0.49225573107610476,0.6385440005112444,0.4335714463876683,0.022889339031857157,0.22064717047974375,0.8985621440600052,0.7416536609961122,0.26226759938953903
49,0.5179972910447788,0.7163604555753477,0.6474786199557702,0.2883281826409181,0.45448587617450376,0.5447999720615363,0.3928652564266681,0.33396268302314863,0.6088894810361705,0.18301215703416357
50,0.5597960843276586,0.6255794406356059,0.4636885062474084,0.5981793523552656,0.10050842014098205,0.5086571341268205,0.47770924083589766,0.4891723983929007,0.34207076636652284,0.49701390156339886
51,0.6243542806858744,0.8371782585143438,0.22939299334864252,0.8668413518574382,0.5056539202182563,0.10223395005415443,0.5165135132057119,0.6635940729386985,0.3401656385494301,0.7492949437629532
52,0.2303201954986313,0.0465583117614386,0.60688891647387,0.36463154526796804,0.2887789172160329,0.11567639499764751,0.0772344984452566,0.7189852076615275,0.4604381457721501,0.5048613783282452
53,0.44493341727880403,0.17413605154804102,0.34990503104217174,0.7367905950586998,0.622428508727735,0.6965300240085778,0.17535277012723133,0.377703655130336,0.5871524693649,0.23941954687909722
54,0.4165000468201879,0.04819642406407362,0.25381192106427375,0.4160052101830962,0.4492793134075234,0.30213766670575465,0.707324699110699,0.1286229770354937,0.08163351866053065,0.8689137103388049
55,0.38470757908111003,0.19186453955234153,0.31013708730780043,0.5433042178476373,0.8762068389327562,0.9999999999999999,0.46392033097045654,0.2068799708895372,0.3500609109343848,0.8720043003825309
56,0.45333485378161703,0.00396973037280482,0.5536214004446677,0.7340186255142335,0.4473259077651831,0.4726283877895199,0.4984566771430777,0.16458597412941534,0.3924322104076918,0.6583145909351645
57,0.7873027466142378,0.5040659534975405,0.4827807718260576,0.06053599391003281,0.5801271802921476,0.9898449583318998,0.25290099749990863,0.24372465969178947,0.22901670527979728,0.07423272139618936
58,0.34188750769626636,0.5281781828344545,0.10304481088870912,0.45513976410119206,0.4556640015737148,0.3388626534395657,0.4980931782449253,0.6034729248504958,0.3080265361282066,0.23207859182198864
59,0.6879353937992773,0.6577993027377733,0.42923091747765274,0.09523811048591987,0.18289365792807982,0.28415564723450537,0.4295891038311301,0.5355401431761091,0.5282253278518503,0.6186443745847473
60,0.18773395016485223,0.38472783443066527,0.7188377641558358,0.725320138648359,0.45728076277239493,0.4243014967509402,0.3847777803641658,0.16816695089847156,0.4092578488165695,0.7812945783597101
61,0.44206297353976104,0.0028942475579840994,0.4166163961492385,0.6080668927306758,0.642608443195559,0.18593177811698974,0.22917662129481714,0.6813950256434416,0.42418753127910186,0.47423097504680006
62,0.5359541036170519,0.6738040757374445,0.46992044492075213,0.32706095297555915,0.6133189989496836,0.37622109452417013,0.33865754852473845,0.06317123257832562,0.24022820704383668,0.3040027683618195
63,0.6158515398339507,0.05399488593656979,0.6952945811231697,0.07629739028651003,0.4401518720469346,0.05183268588409651,0.8627708530426144,0.9096376452934997,0.4615772467647719,0.8845201370737202
64,0.6394365311472662,0.8661482489227852,0.6491364782567973,0.9262095169548101,0.215101615552742,0.4231367068068988,0.43442344810765837,0.5659924480886417,0.21640020119517683,0.3812959375501137
65,0.6549305241010231,0.022347107960788492,0.6913333463222792,0.3151295216087777,0.6215336149864704,0.1501060628754343,0.6446017136533331,0.5902350966289652,0.7793261072371773,0.9162408375948421
66,0.43945172407719374,0.5303396397967385,0.0,0.2754843314803921,0.5780179188052056,0.11088672076640713,0.46266754347112055,0.28550854161159234,0.8333368033062751,0.5323152476005281
67,0.41801337100074637,0.8949054031321455,0.8240757853523021,0.10103223219613408,0.6600163874189247,0.09238211151565984,0.441315892404241,0.5114022400953634,0.412249364305974,0.6142588636324913
68,0.6671242381143593,0.5723682727571333,0.6194670900007259,0.5775998139549259,0.4438570743088378,0.2585690064193089,0.38155422891207574,0.42596559230235975,0.2889007913073221,0.12490353826877698
69,0.46915285028455606,0.6083075694031687,0.9598359912266604,0.26575653218525275,0.1710739808007125,0.9926643094677878,0.7471938669588836,0.9508045033961615,0.6644975620497717,0.2675409259650269
70,0.26455868381110625,0.6815263751650659,0.3548806431324584,0.8432219415216708,0.6001215366114466,0.10729854736790015,0.5677427627637694,0.07569633752506795,0.6146776996802232,0.9746895495033763
71,0.2914256247252085,0.12213563655566896,0.17190508626128861,0.6830619281646292,0.4951093594993623,0.21850914516088002,0.35321166082185124,0.4584655954275825,0.8583033688410227,0.7186545715923319
72,0.3317706128564508,0.6748403717858518,0.5021273292051591,0.0038974601262503072,0.7660672628644498,0.3804332776359553,0.42618684079786157,0.7914692258295317,0.9089009821996528,0.4770451040246733
73,0.5990479768409154,0.8803374875559944,0.4494253504275151,0.5659158388927127,0.5024355675646778,0.13912376563666876,0.6974257897733873,0.5443642940250626,0.11708987453159009,0.5214006441971861
74,0.5321188749371647,0.9742351193668286,0.6226866682520121,0.23192218111743254,0.4880832872186544,0.0062183840506742725,0.0,0.5650189293141711,0.7222620446342094,0.08773908331408203
75,0.6355232111226783,0.4428870094486276,0.7012506783815043,0.01535494773386159,0.5775861674042702,0.11371705709451731,0.5561977718960798,0.9112473108232456,0.45986909871639886,0.7833215020284179
76,0.42463565041624424,0.3443066008142166,0.48450113131671246,0.619633113967618,0.3814151353921379,0.2518305037199118,0.59810079897171,0.3753673674346363,0.6064562771052164,0.07130879373012
77,0.5351591515166053,0.7532493416973998,0.4558900918280493,0.204989468532825,0.3720910462440531,0.16704673806308584,0.36056688945292353,0.0014897839667882828,0.649915889100035,0.3869567134462014
78,0.6232792507019257,0.5427429895160205,0.5982661390362903,0.9000308159469452,0.47794221495966166,0.029993998399178903,0.5274305551209091,0.9257127496708027,0.6419493676272872,0.4106182477299121
79,0.44688141034183443,0.25707697238254884,0.45297691271260476,0.5736255166133912,0.31884623748097884,0.27013590270966575,0.5915889972945825,0.032505846026812654,0.6921902888822025,0.6030641165616609
80,0.5914283012551976,0.1719014647468374,0.4373759031337272,0.20926218459503945,0.4525645326410872,0.7702164396347244,0.27174176274544565,0.7973599248542584,0.39570144611489194,0.4154992149961816
81,0.3803590143256083,0.16997322978489365,0.6942023690538945,0.9795590491093575,0.8720416696859357,0.513722515290889,0.6542546794075754,0.13911135868950797,0.32111353244820334,0.9607165480308386
82,0.4367482638186581,0.4590174891077909,0.7357243255816359,0.5466739376174664,0.6985515025482152,0.048142991624710973,0.5537691781109639,0.02012203281751783,0.7276296509879687,0.7978952946909277
83,0.4332230788594837,0.16986729906685777,0.7029362081250827,0.165529118550286,0.5564607237499744,0.01660065043683759,0.4706799091568616,0.3543308010431958,0.33653085867948357,0.9593291008750944
84,0.2796236374003048,0.019411073648631316,0.4694069924310327,0.5174610957595923,0.797014349280414,0.02734462787600518,0.5182664901528089,0.8640566748069375,0.855767817112425,0.5187080808177109
85,0.5971257213680902,0.05179182984892755,0.10171957995458566,0.9597715603143904,0.337320506501545,0.9999999999999999,0.6293927255511775,0.036386552915112405,0.3569256253445037,0.30219343481511385
86,0.4166831193930988,0.9298838664060394,0.4731413135077115,0.424386318112005,0.9785965375712256,0.0043128130921039984,0.9262619879327696,0.2622793275767295,0.42979010326904415,0.9813152585349451
87,0.5076042195973892,0.07267144080395692,0.3594210718741464,0.4255221219262145,0.4078041230278144,0.020395048853881936,0.6114494620435327,0.27865936398209695,0.4659669828191158,0.08116723931614417
88,0.59595107365179,0.07289086425808439,0.47658795390633224,0.4613198083931307,0.8844683084291551,0.15154374999166112,0.6484696598408246,0.09429420635539625,0.2093716914604647,0.9270809183961347
89,0.5894955181284965,0.45102620178100933,0.3756255228865534,0.28021328177075644,0.8836166780831672,0.10885418854800946,0.534614156794931,0.09204381771568503,0.20991973634373323,0.09572631113065705
90,0.6307874595786672,0.24486848112704587,0.4969132229914408,0.1618388610005824,0.1577555507782516,0.033384557653811424,0.8497872982752472,0.9082102874323253,0.6754084536279437,0.8068993959873134
91,0.4866653074315895,0.9627042481969977,0.3069606367749047,0.5791750332325182,0.7806532898993566,0.4369194476188073,0.22840916916615078,0.6951833648614124,0.17536952979988812,0.7799228431293123
92,0.425381728578422,0.9109787833904937,0.2619327674214874,0.8945926997800715,0.4419620789880331,0.32739324174732115,0.17833049190480094,0.3107690691820481,0.9808242441252693,0.6596814870934051
93,0.4902061949650011,0.40456532905622916,0.7288078746337816,0.7360492742377667,0.3870172911679551,0.28427803775250143,0.5271424219845102,0.2379037575488822,0.48425898888901003,0.7825446092125301
94,0.1868915866141908,0.4485684464189783,0.31994410039122756,0.09621245057772865,0.5983570818606005,0.05362014255440758,0.6207112943531274,0.04233386005351579,0.30658706102873273,0.08800131573417436
95,0.23221510919094357,0.3749257330837805,0.5008429644513288,0.40101430619242207,0.30191961667459744,0.09084014950329755,0.023852696372226867,0.3584505403990726,0.5819736437879113,0.37347371629746906
96,0.25568852118096763,0.037564371188820306,0.6787940735704837,0.005279070118057172,0.5939776912225448,0.07256910152106083,0.49827179529265814,0.3007594296515612,0.03442996730809761,0.33645466579807737
97,0.3170928430138422,0.292631153135308,0.6712949453854327,0.30806293450179767,0.3149026108175527,0.021424256574538527,0.4656028020490525,0.9171154152834157,0.4387700305751377,0.9815358095351863
98,0.5806737200132341,0.12240034775053843,0.6490169245471294,0.6696655713845145,0.5311297612462021,0.1622457362124573,0.6362134362320684,0.22007966312562233,0.4631303915344333,0.47250512334112704
99,0.33440699143901587,0.10209035557803002,0.5572644334983847,0.2903486789951025,0.7551732140253449,0.15098976208491197,0.5780134931741199,0.4048414685765973,0.2615885143940095,0.049591426649903014
100,0.43389765082747994,0.560736345301416,0.635804652937285,0.8409261217378642,0.5716408863576902,0.0038610678004786557,0.16526319055247368,0.6818929391964936,0.3821157597320726,0.2592689770276785
101,0.750376883854186,0.09848366638232504,0.7568562096734753,0.47758478577922925,0.42728435256713077,0.6758387228545204,0.29961986851819095,0.3208186058496231,0.792053461608492,0.8440791542518133
102,0.4380293335165178,0.10265153870092239,0.5800460223434509,0.6694570456349288,0.6016014338635634,0.8193072889463842,0.35004160306162796,0.7817313458611088,0.5369546736423112,0.8916452422863281
103,0.6443965671243399,0.48036136872946,0.15815070047224786,0.8842529674094912,0.22482633541034225,0.020493582817443817,0.6352515542438748,0.7261647809924611,0.5780314057329479,0.9273586899622261
104,0.32909797813546243,0.4421171154512802,0.4022119246075472,0.6831054732291585,0.5010879514399724,0.999159364372041,0.5680332499998799,0.034916654339580175,0.35266044260569346,0.14406617310080222
105,0.4664862834967772,0.1373667129109507,0.6306511718974487,0.8977201467774596,0.41365190142977415,0.9999999999999999,0.3843732273773333,0.8558253904856243,0.25072273350467605,0.6880718950334694
106,0.32600290701282725,0.004136000648195102,0.38383039546869124,0.8084181965669098,0.6490760295203033,0.4186259968987718,0.5255767282917934,0.3635667903617665,0.4563445648716236,0.40229968659459653
107,0.4412803471243117,0.1927250474056581,0.8029240164724399,0.5673061125042781,0.5753703203613696,0.05813415937574069,0.3036885290260924,0.09534371633186593,0.035244064695637733,0.7354626318384597
108,0.6637908027370443,0.23565734514389922,0.4889983487365338,0.2973507182593629,0.6003935477036977,0.8164854141870573,0.87709306914593,0.698235342328778,0.29376934435025154,0.8243760372556291
109,0.17934728935579125,0.8002040121794466,0.516679650733606,0.29826044159980736,0.491581289855795,0.00031931674315215786,0.6048827874270686,0.7470689351023041,0.2641921421008138,0.2612106383373881
110,0.5872111473807726,0.9154327972007184,0.7105411231606849,0.8757149042827868,0.3444379398257051,0.2645204688152552,0.6439664973608157,0.07048110250324187,0.11481797421975798,0.5003102021104286
111,0.5501013227021316,0.4057668832763961,0.4666803902397503,0.0538897933781729,0.7847200560473002,0.7170885659287183,0.7529468411840643,0.35358071911972067,0.6254787083357825,0.32724651433602214
112,0.3931465479193073,0.40484890256342176,0.5336560345592956,0.9418511021712732,0.3619056102667909,0.43496931230779956,0.6864169708293164,0.89550169177072,0.4773475085604498,0.4558875992547515
113,0.23241408768565364,0.712407229763979,0.6684638202287363,0.3271911527037986,0.5779313338904871,0.01985587175610819,0.5047227679392061,0.6693084360420358,0.3844165772542755,0.29057355051529193
114,0.5188558382329964,0.5041605632076909,0.22620891489894188,0.7391920386291574,0.47519373357815514,0.9999999999999999,0.46477706308765093,0.533701797178476,0.6296200406214782,0.33959692214285353
115,0.40534565810388884,0.18388781065438012,0.44757422489313803,0.3301624727199952,0.6057759897680703,0.5909878771362198,0.7366124268899312,0.5038732080322509,0.18976377237299696,0.27223157990119157
116,0.5491467496076008,0.10741094302085577,0.6554146778924944,0.9537211065605766,0.37976018875190676,0.1326383889525515,0.5038018524367829,0.6082461069700411,0.24688903400333612,0.29840063748001255
117,0.5093698314342137,0.4374450646373619,0.5130152661790576,0.0364715769398303,0.7004941755259338,0.1377513889099983,0.3607013340427749,0.65288045419763,0.7144094668444398,0.5779422657856941
118,0.8074601687006968,0.5647044743714696,0.7744326277202572,0.3534623206416684,0.7634742058665733,0.07037449767421336,0.8617772457745481,0.06830653428128329,0.9355606166959105,0.6002624639558239
119,0.46008684198153366,0.1384398930275317,0.2068781196676329,0.8678412375412048,0.6886266301967668,0.3780408481202661,0.3262137749772312,0.3337951686969916,0.6321297066204654,0.9207377203132987
120,0.3121400376953616,0.2930579512904113,0.18560298184394,0.2741634852918815,0.5273668382501339,0.19214499475600022,0.17882807702173148,0.5264272020148456,0.5917297437733018,0.3905447370625713
121,0.5390714749968243,0.30573173043582075,0.6443243767860547,0.27572714243237517,0.4127127766533723,0.11623295513988384,0.6820870077429981,0.7302525532187779,0.39159999398762985,0.6574522616269306
122,0.5467544585700489,0.2610718668259771,0.6622504778648863,0.8991464150105839,1.0,0.27662615078637826,0.36398040775664625,0.742694098011649,0.3959684511273995,0.9654726235830113
123,0.7616896116665167,0.460602253491707,0.4647408140838363,0.830945462146542,0.30507069603367215,0.09028704599562376,0.5791872140674481,0.6053371680743147,0.5453173688476665,0.46633132197382426
124,0.6628102869271459,0.6529694760717364,0.5754529690064228,0.1058006512733421,0.6673315508604672,0.23943609298230736,0.8342068382580734,0.5863400066977317,0.7629629252991148,0.7791435907846016
125,0.5725790284549511,0.5092472836114387,0.6397590469659784,0.5804278163356689,0.5612474554416704,0.1327066610219343,0.24522708600447524,0.3674201383907334,0.583175229057503,0.9697566601355141
126,0.781333414606987,0.20121003071196197,0.3489990942244824,0.22347880651511096,0.4847813785809999,0.02488781213246723,0.4913562516781365,0.8346807382759498,0.6841329654032566,0.7897681085779353
127,0.28095880276974133,0.10265926455975734,0.3689569046402025,0.21521808788622124,0.5326933607589929,0.047545852921241805,0.7726157158339488,0.9164353832899578,0.3280766909257909,0.08044676029443254
128,0.3845427379516894,0.8218333291841041,0.536164242567703,0.6156681129641487,0.3981883198992485,0.009690141713436115,0.6247234141428994,0.8463058295573054,0.6193438732263437,0.19306374293776823
129,0.3304265677305795,0.47915192856372085,0.6693898603465902,0.12390395231353626,0.5794819608367329,0.03687445519804491,0.4657262208347756,0.8719264864049733,0.37459959314497765,0.2948417318918549
130,0.4317001233620053,0.0618456311578987,0.28333511410380974,0.46997607127715446,0.5581602801379544,0.05290218323844327,0.9397800635509932,0.908840170434717,0.5287668688112674,0.68620057836434
131,0.24550269166134503,0.2578940932730327,0.46386472699842496,0.25592028385607657,1.0,0.611573176887468,0.481318299978938,0.20162243351030912,0.6191340559971246,0.6714220493095234
132,0.625083073841332,0.8039906245548198,0.4552320255793404,0.8542964289979654,0.7040039218839262,0.010421016749692171,0.5721346853371261,0.5136433022154748,0.4012177742500383,0.1370992587363441
133,0.4633193722284,0.7516655164932341,0.5787287117208706,0.5547303113771425,0.5966635597273391,0.07966463181776687,0.8032349675532173,0.534320807875959,0.3089174325486513,0.4493163311840134
134,0.227744712425006,0.8757977067220155,0.4991589087722599,0.21518863382654033,0.608206550291111,0.36362876602830224,0.6798889298203716,0.4851726616376627,0.5710265964354948,0.42178576628572284
135,0.3136340322336458,0.6019765127673196,0.3989761530304822,0.9268730130254288,0.8526943687720632,0.3865658288471755,0.7427816917890147,0.848478386157605,0.4765370879412624,0.6898533727822471
136,0.5643986707942171,0.42273414488742306,0.7336333211067058,0.8232562003439076,0.3091709611732179,0.5986180477286754,0.33292794756197713,0.3246797373459081,0.5280028621983652,0.2609033337041822
137,0.6633791983328914,0.4264644666915095,0.40021189288217107,0.26539514082864046,0.4615323423750149,0.39620484132062994,0.7255213487809706,0.16084533018863778,0.6269845498021971,0.23772958522912252
138,0.8819771520404529,0.19375099628511622,0.4463063894127459,0.9614741935443167,0.12798536549002015,0.19365570621879685,0.5301978585378704,0.27390758274811605,0.7504979918799026,0.5967031007598702
139,1.0000000000000002,0.6507040889300106,0.20397358316535216,0.26784295422809823,0.604959857727637,6.130591673167286e-06,0.3612989514147215,0.14264714720749527,0.6281475057483725,0.0827731091715837
140,0.5834349959197414,0.5849516986993855,0.36769292940486,0.29275862674646336,0.6609376610142508,0.004173566256956201,0.5398575716865976,0.40448403123873655,0.6031985282215919,0.6688380144933498
141,0.3185472719900137,0.154602154432053,0.597027109214119,0.38612183007494405,0.30430172490121943,0.030576040565934756,0.5340088502680616,0.11631304727612364,0.4070797625139719,0.4393966010017102
142,0.1029862379999832,0.8856473171209416,0.5605720179097557,0.16486185976793286,0.7744612753477564,0.9999999999999999,0.8435944878449559,0.08705821505698332,0.4362485588249831,0.5363193470534242
143,0.5557569736647261,0.368278040392436,0.6125884844420664,0.6873132399467161,0.35782690101096215,0.1511831513877462,0.5692601720014858,0.450730054288653,0.5884870784204421,0.8019812181463319
144,0.3518664539074826,0.04944102724132482,0.6035369687208483,0.5575747139931044,0.43063518382328114,0.8098301632337749,0.3548361807916693,0.6009656709143777,0.4331313001795985,0.1809218743977305
145,0.42687999477008337,0.32767705912195133,0.8901308987706947,0.8948551053884692,0.5200051144752801,0.5042956502321014,0.31228300661417646,0.6074711371290245,0.587699908894288,0.20989855662829393
146,0.38976045384552843,0.8698357769857327,0.36130862983682166,0.24096689283638992,0.8052386985210953,0.7834038875236472,0.49016021670258864,0.09177224644752514,0.3471907293475914,0.9010799248776549
147,0.4786833984246152,0.9169515449596066,0.19876548298655036,0.17029002426343406,0.3308790492604487,0.1930332905705833,0.25048218279519524,0.9716468972384008,0.8686770669350881,0.7409666796815892
148,0.7063691504935992,0.4902494073863383,0.3048574558635043,0.3587692792458872,0.5532129238379953,0.2688504123393768,0.3669124242378547,0.12125152705840005,0.5389357543692823,0.26265240847071264
149,0.5348778159753447,0.9563481915693288,0.36955304559762925,0.14615671364645363,0.6467524874011267,0.19414684843865623,0.453848956532711,0.6603279462994864,0.5264592713631966,0.7207159023709183
150,0.4753167174862,0.875222689026088,0.31907329148110164,0.9465674529746728,0.6068353896915168,0.014205183657219553,0.4210618978854143,0.8886571387404484,0.41045601192493036,0.4571578170027697
151,0.3098464733173091,0.8251947175144513,0.5182484671532374,0.7177578104309487,0.6139788229887716,0.17202082989151343,0.6330304589157156,0.8847801003570708,0.8655749246330491,0.617264273793751
152,0.1892785875992568,0.8596857023290259,0.7343959254756984,0.7965390278198421,0.6441726463036663,0.652990040764577,0.36276607826488755,0.5118945313674276,0.26404199502346076,0.7866374204108791
153,0.4134934862409761,0.3816897743593275,0.7879209810104971,0.7483688258686805,0.38957937567011314,0.9999999999999999,0.043159216263209677,0.27706187256024906,0.3685824495032373,0.04469630373291794
154,0.49509956719472575,0.7564097331702644,0.594832506662192,0.2429117370907841,0.8233402747544393,0.27830880906955924,0.18785675420800224,0.827845595941155,0.6643055470082873,0.6111610000119616
155,0.8388084665848163,0.5772193367897542,0.9001192712032687,0.1407021576608634,0.4753785058392521,0.35177779342303633,0.49561801905418185,0.6124223536776453,0.5476706760790224,0.3384258848076199
156,0.5298262625313969,0.7196123787561148,0.43431905967255435,0.42961207547079694,0.4497109524749764,0.37017992037337977,0.3906322080348728,0.7909981560748999,0.39256711829986285,0.5161217004902454
157,0.6906638310571555,0.1775315869567872,0.19632326554630938,0.829381610974942,0.7575451962826614,0.11542559860954896,0.270722278238341,0.3996828204341887,0.39801576724468263,0.3637172034820658
158,0.4110430531791414,0.7313262410388223,0.6971943443614731,0.33064827227597626,0.37490905839093286,0.2989934636716692,0.8602677083875077,0.9134618320354232,0.4468777686940843,0.9410518072441265
159,0.2816794012550786,0.9576011084232597,0.15789109001739635,0.009548097290637075,0.5588283204478763,0.0359133121431018,0.6518218452047098,0.9296366200313401,0.5215453608019056,0.5971354509644643
160,0.3231549354796786,0.30245094945371015,0.3599762678327798,0.6603453912134541,0.35706196788377653,0.029397533062695762,0.48812507920707177,0.7372628476153642,0.7972983894648726,0.8465948722620626
161,0.368415957342678,0.9861796405593493,0.5977798351430735,0.20013594531237963,0.984166455631327,0.9878450418138722,0.5419523607091727,0.9426194337979173,0.6171090638100996,0.2566806623446081
162,0.9068327825769609,0.37818919590341216,0.4816874075297466,0.5430658727607757,0.9434343124133935,0.5669738043318819,0.44998344779044136,0.4532246747681754,0.6965532644100025,0.36457332203172477
163,0.35027299587909544,0.1994763805534283,0.4651692403037826,0.014867653451061169,0.4755542183114075,0.10296888903716211,0.26755905748039716,0.19401735002004528,0.4196379328816518,0.7870588743481564
164,0.6634476181129372,0.11200960210925169,0.28056880288857533,0.5090649168117093,0.5974323169102503,0.028525367112807936,0.6890881994357794,0.6557654882005326,0.6001188064295182,0.23439502044914284
165,0.3348884631015501,0.7849123224544732,0.4987665181057479,0.3937704818831409,0.4978836021497413,0.04708586117818105,0.6559881673816819,0.6532248379256228,0.20676352990186425,1.0
166,0.6810100678491492,0.5546981354542653,0.6879598996223873,0.8807981410025667,0.4294492085014844,0.31288434131496606,0.13405964610298632,0.49107371570843084,0.5367432228556455,0.6600624981608116
167,0.5778769632847118,0.30692042873316067,0.5045050491893861,0.7221269239207692,0.5200178001028926,0.2641275575190233,0.5406857189414234,0.260216407231412,0.5245509677462676,0.8968182130020119
168,0.47569348706431275,0.608341204001284,0.3459475252136015,0.036025496374283816,0.4890243981768075,0.7789391038055296,0.5610560305735843,0.6241833477927429,0.8481720879036703,0.10445979656746385
169,0.4975561010557183,0.3318987505786038,0.2681205052354545,0.7898666988231783,0.20273943593666915,0.02624678457164701,0.43954175159077696,0.1803243435613055,0.7980495692883487,0.41379572372271184
170,0.38170581224213324,0.4481945581815759,0.3497951742244143,0.7915725416861819,0.5477536735363885,0.06038505758125343,0.8858808579916371,0.75322534283857,0.4530427788488052,0.3358820808292489
171,0.5894089217858918,0.8626407604342298,0.5739496925348494,0.6636957794648445,0.4886972282601657,0.6618519941693956,0.865857257882586,0.9068407922127474,0.3469013845330035,0.9709680074753929
172,0.41940357640838627,0.6680774660352887,0.5648614770744931,0.9297053998332254,0.5572658672631234,0.27530526368231856,0.42925015423442386,0.16615636907047215,0.49909834135951575,0.14469690027345772
173,0.27400755916727426,0.7623446345505718,0.35148995100194413,0.8036041526101679,0.48188377476600797,0.007392420327061207,0.4577924190292138,0.8202423552907541,0.44616454809779343,0.7481522627883448
174,0.2641339323685532,0.5833759624239074,0.0884838960700223,0.21898021226751188,0.4271783977712413,0.09284162837216536,0.4361210063064634,0.19802841995624965,0.749444544949645,0.6308276180950467
175,0.5378096798590514,0.9914181329526242,0.579111710313466,0.3817023266869851,0.6661091895579869,0.18087378666037782,0.3861062413265773,0.5001820455607849,0.5809647106206708,0.8513537766865982
176,0.8031796128076892,0.241177019586638,0.33336250910566856,0.3500651028443512,0.6000004938834974,0.03260754350110499,0.3290123697841982,0.9292898367953722,0.49909834135951575,0.9772919571191163
177,0.5354330908418838,0.2620651616575356,0.6292883369637847,0.5051210624428368,0.7669112874234404,0.06967279440368082,0.5924280286798149,0.08218992504506449,0.6562533085376845,0.8058837379368828
178,0.48286299990971343,0.09227565282812505,0.3597698880200034,0.9541335273446168,0.592571993465281,0.8588360116687507,0.8608194255698809,0.08925063283273278,0.3132718666899415,0.25210783712491247
179,0.5591747335500402,0.5538919651471694,0.31654188832898744,0.6158625840150663,0.45865534387840906,0.17354155908172544,0.7849177665888647,0.9587868603417505,0.3674345400265225,0.8342404087921851
180,0.7516548533474968,0.6132517274226975,0.5293470264512654,0.3130639097688739,0.6161776049343607,0.31616526179453325,0.6445200432312397,0.15837933592934744,0.6009743388877222,0.5267330007917339
181,0.5466385785767379,0.7258920686771493,0.9404819881583523,0.9419320297073552,0.11377343397392536,0.3123684051039137,0.05475949691772258,0.3416997750905658,0.35416206066321304,0.6532921678545327
182,0.4277158239914994,0.3352446175797979,0.6404720227075795,0.7005746777336154,0.9037866516078281,0.10153657727878787,0.15486994579984797,0.45872413228445674,0.21215533702038086,0.28039911451202076
183,0.713974293081965,0.011946412931421473,0.5261854372112376,0.26618379692924476,0.5499503914389493,0.42973258881887294,0.6952589100144464,0.006124496174442773,0.29647295025681103,0.816009609692136
184,0.5861418958604636,0.6321283970763877,0.5677054017680289,0.9069109414220629,0.9194109251798268,0.43944688620859096,0.7977030398337637,0.1876298652752425,0.7024475493732201,0.44443049737077067
185,0.7950033960184016,0.9987180395702315,0.17420546354256713,0.34435214878347487,0.32872286994115973,0.1779205044992538,0.6010775932328483,0.8283818946253797,0.4310733910974944,0.8083604522351676
186,0.5398183961472256,0.29433424229155564,0.29146941606207577,0.516429726480041,0.2806948428734922,0.4876903888476285,0.442521823796119,0.5186238890588668,0.5450478694877117,0.4272212640892768
187,0.27422203040152476,0.18368200699199413,0.03250357266658441,0.47942426456130927,0.5676399145868257,0.040077497658002045,0.7484243946462428,0.3935847129361122,0.3059825607991859,0.616521921848498
188,0.24711150099667323,0.28154753210179023,0.823395235554662,0.9240369282748662,0.5670018854377008,0.07227128098326518,0.6379544349196482,0.6818485011884617,0.5742196678802052,0.10293940083750786
189,0.8167332911541627,0.42524453230918924,0.7856321105816956,0.26576644075711364,0.562303545771324,0.06161918211499352,0.7087804715314636,0.3244097884598934,0.45092409221411905,0.09241014659281416
190,0.8304569856097267,0.25068308958897484,0.5740401007851207,0.3334409759029975,0.5328216539393861,0.3012663204201245,0.1563424381542437,0.43825493848937735,0.5869092591651435,0.9529722457960568
191,0.4713763887496258,0.3467626031574903,0.5259795093347709,0.660444918237306,0.37538289806344055,0.08846802775009352,0.5622567908374572,0.9938130709888416,0.411353490429683,0.7260529816913794
192,0.4329496103423785,0.638107615951253,0.21141618692414807,0.8870047135522021,0.20956966113294018,0.05291682107038643,0.8263392120836381,0.7742265342251028,0.5979443826359001,0.1726449825328476
193,0.7809827461994306,0.3448299125442573,0.45988260865778974,0.11491774285129866,0.5516468275204187,0.11618629837349548,0.5962274184536274,0.5537667741858378,0.4020195733555642,0.5977141212637438
194,0.29637670687705536,0.39587809410226366,0.8350545734187852,0.2099609153762119,0.24878968654799505,0.3281094022331529,0.673870292180387,0.5265207723700804,0.48688130884838726,0.7811868747257689
195,0.3364356159727578,0.03973024811015376,0.5252896420190092,0.9484517745645507,0.2305273968358088,0.016647180339299385,0.5056170340898265,0.8442590137717393,0.4505274313939703,0.5986882628341104
196,0.6266256398222382,0.9179377934801797,0.39547695532896654,0.7776357772211308,0.4232532896383169,0.029181316873061296,0.5184780787649983,0.6006916894592418,0.5071255567408548,0.4484157295093028
197,0.4307953735236885,0.4067087634929364,0.17290842322337688,0.34620987349945265,0.5801789644163536,0.23361880978375735,0.757691900912373,0.3389289546118554,0.5551573914534089,0.8352406145267229
198,0.5042805496504301,0.3279397430063012,0.7582022604411592,0.35778023943345916,0.8813644488456867,0.029317933725815724,0.3753202864388712,0.41749436278339347,0.40811963545188773,0.05071626558680681
199,0.4744095636110474,0.08619886002998763,0.48771078718598626,0.46973082806560174,0.6862931676013266,0.25185460871602244,0.35726543439023867,0.18293604046719714,0.47941598127990187,0.6333168767385574
200,0.5689382879625392,0.634082734775279,0.17315773197151205,0.6740905151345912,0.7741010306277448,0.5638210268701369,0.41066846080783176,0.959584488501633,0.5375695075083535,0.47297799248558386
201,0.7708014645178727,0.8638019767383762,0.32840950235858246,0.5612801982918749,0.6233137444746198,0.22835081824473505,0.5032319103889116,0.6520652868421253,0.5985909337455668,0.6481485863305809
202,0.5223378833233366,0.04085256403181386,0.262525715598372,0.7764580832732358,0.5678372927472302,0.8417425955603305,0.20182152310795115,0.39826025935663145,0.4876863359290505,0.2904073560272439
203,0.6267411077487944,0.14500697296244766,0.4762115109986811,0.05417248553086318,0.9815657305956358,0.052110344415870286,0.6337964376935084,0.3595519642781809,0.3336194647025544,0.16242436717582742
204,0.11843372751504692,0.14612471160677337,0.539448953007763,0.8193986369816694,0.2410016099934038,0.0637503737185922,0.4685998419473239,0.9070211939725833,0.5185654496636345,0.9741982204536674
205,0.4960550379809931,0.6021636052382754,0.40693327730363316,0.05805883422249389,0.416947850793858,0.09980270078868987,0.6564234693005582,0.35997988200527,0.6294923069379883,0.8642266594345324
206,0.3461516887070789,0.9212269043191315,0.6456970003511444,0.8813603377966628,0.4320449466439103,0.3486255727827707,0.1079073214305108,0.7562932283133592,0.24887379595100717,0.9089425777215394
207,0.2752891624036501,0.43760159386065955,0.5154774001640636,0.04325510429675786,0.6697160183410733,0.2836318071969233,0.6571308534616345,0.8354074802723369,0.25109021971543904,0.7687494468439884
208,0.33956281387985543,0.3436079616101934,0.6988978556716262,0.1278720458702816,0.30755580704017477,0.26102418309926123,0.7455817575068016,0.909831091544555,0.3763346223550316,0.0648623820680938
209,0.44220666526940416,0.7657846410980945,0.43416594265497144,0.1802480927523102,0.6445458418486748,0.128749839671904,0.579824000061949,0.37272467588556507,0.46560224960951074,0.6278934915788896
210,0.6780534650482097,0.7425051627790789,1.0,0.22313424172646792,0.6089978411748119,0.08530844603742381,0.5044446454819456,0.7652613135510149,0.0847731067431155,0.381383472555195
211,0.2549917299957106,0.2465248969426377,0.39550637367813024,0.4019278231798631,0.6542013055861813,0.008455626111114816,0.6585479725132721,0.32652379983886953,0.6112060858884032,0.3342490260723716
212,0.511026261731585,0.16056611754764458,0.332313919485716,0.6557645876222058,0.65069555661232,0.14449202534523795,0.7335022274366134,0.9440726965260543,0.4674637022300378,0.24917566176633987
213,0.4138969599818913,0.3576162722248637,0.30938043380284586,0.8929951496866368,0.7944306219016775,0.21081472641354035,0.5953930707949653,0.010591655660894289,0.0554810996342055,0.18060967500622543
214,0.44342367480528827,0.7755506427694432,0.46144157015950105,0.5247250790263581,0.4873593717958226,0.08227426999677853,0.6091789744669187,0.5699947329879445,0.2906622069623522,0.13939676592741068
215,0.6944407568365091,0.6949834571516902,0.18009495633787556,0.5327156874708019,0.5994247590510794,0.36759303947534594,0.804634946237061,0.5097160502826933,0.4450362558530225,0.12115533964414837
216,0.6067750428372549,0.6657639149419801,0.5557158342638854,0.3194328796615965,0.3544091798035428,0.161774580453316,0.6393499549133679,0.8776317720670402,0.16539590431463208,0.7115502827185027
217,0.7575785161224046,0.8293939774054686,0.1454500750158866,0.8010298644156416,0.3102602567788487,0.04474368204400963,0.35124658000207326,0.2158805516412735,0.6865083068889493,0.9304174529577844
218,0.47609578021246896,0.27690932168822535,0.5309320569063486,0.11051785522142957,0.8382436438152346,0.29087850793007386,0.7326190768523526,0.08677016106494505,0.5376353420967759,0.38028100624950145
219,0.3739409694130724,0.33948384741291315,0.24877841933816044,0.3012225809520992,0.3397919854528393,0.03592024806927886,0.47607738807201544,0.8464280627757923,0.6309827919334421,0.10596331717728047
220,0.46301067975335936,0.04203921496369594,0.4296715203240068,0.09700682229448751,0.6209249943324805,0.27115579567929604,0.5050469034527736,0.34975941277506367,0.30664853636508543,0.22111123551937267
221,0.5509996329689679,0.8687244631212523,0.6135253288498929,0.21426019407021427,0.5995959208165353,0.23835839908837098,0.5186266689602652,0.3245599718290116,0.5802931915607596,0.7469814791363394
222,0.5385616269825467,0.5823117868244853,0.9304743382219295,0.5868487733126944,0.7241510397266253,0.46517444614756465,0.6776755526888008,0.10480474559445115,0.37663253174208416,0.34848953880766287
223,0.30065159782875095,0.2979083862986795,0.2997386093407556,0.12599914045450702,0.1761367712625314,0.3822687104606615,0.821593832871155,0.9200965056570064,0.465575918818467,0.6628067440832599
224,0.5223199357032675,0.0691254346734615,0.4727475532893729,0.1006448782596997,0.6692614589346827,0.9999999999999999,0.5034118190042616,0.6328039695050275,0.5691712951008117,0.20557570169586858
225,0.5483075522110977,0.7233391375838132,0.36580320572315816,0.8262718693596175,0.48565285223937377,0.9999999999999999,0.8183480817352982,0.6920694112530956,0.48883003579693624,0.7567671358583639
226,0.9802275933259057,0.7486757025078196,0.33855400536316593,0.1183343527953282,0.380839099694517,0.05997708222476736,0.52927459063334,0.8979608400151183,0.49909834135951575,0.6551567578650683
227,0.8593577857589881,0.6660889703742489,0.36744163513298933,0.6083140912325384,0.44836289884911873,0.5182399998813323,0.7576255498713513,0.84384130346219,0.5285628192650043,0.2221898379078862
228,0.34426248562757383,0.2035352239297402,0.6544660076635913,0.3521540247431374,0.697417450757311,0.04053381720930594,0.5355194276810264,0.4515392147977142,0.4141566132021251,0.931975059774717
229,0.4510252804331982,0.9132097551294331,0.4097607765760869,0.8967606226405034,0.6383195974377949,0.16482580852793727,0.4080465826314627,0.15930263738395373,0.6622706707678105,0.5226334432219681
230,0.22913415942960497,0.7530976939561285,0.9202683613537906,0.7078565932649521,0.47213394703167644,0.18681026201922402,0.8535602016252157,0.6721862871559717,0.7023130044800738,0.21981605549356403
231,0.3937961398483006,0.657663799196959,0.5783594782823666,0.059438348914423594,0.276543493342884,0.004750980468925208,0.39043265066763183,0.6505732122930821,0.5187824409653818,0.566655590240458
232,0.5647932165798055,0.6508490997604582,0.312418428745736,0.8958611974067849,0.290192268559048,0.455345341724301,0.37808417384040965,0.0465350318850926,0.7559734404489531,0.415291153136366
233,0.732759555074443,0.9043484069004322,0.43239216223278787,0.41407023375547447,0.6425343061913086,0.05060261179812678,0.2671485041042487,0.8994251636357137,0.4574119746873972,0.9171440208188966
234,0.36768809770001676,0.9283059231533648,0.3512400673240721,0.2983455250928254,0.24972772601373722,0.038488979807617354,0.7327345120985407,0.33488684766949983,0.47783596617972807,0.3098151923732191
235,0.38182680014712295,0.5955239276786504,0.6499905158831507,0.6730725684276349,0.47402353113922335,0.37998557454950976,0.7763130245590757,0.42848973118723,0.5029728555317647,0.8863088114964734
236,0.10011033492121456,0.4164955165835528,0.19515568757983628,0.7182852775647248,1.0,0.36372939372766977,0.5677534544590215,0.513548062605571,0.4774822892736081,0.7423733932418547
237,0.47455615877984575,0.36354221877870635,0.2506993933153989,0.3033711660661762,0.5857693678592251,0.22418579109825432,0.3173671974246271,0.9120514684703785,0.4431441046794257,0.6798765019386322
238,0.30479744563418204,0.8190407651571839,0.3904602846342462,0.3517992245467281,0.6404489764700754,0.6030765467006912,0.4976549353425917,0.17002761359327523,0.3663327923208837,0.18378307459212617
239,0.4053557109492428,0.6445083768179888,0.6281477875803096,0.15638324647868448,0.291644775999535,0.10277216256883241,0.44306816357287687,0.368359706990698,0.31327861084583225,0.08607919243942996
240,0.3398065024751961,0.07697758278644844,0.7307416102520253,0.5936975787769471,0.25948434096039813,0.08276396456954319,0.30876967532595206,0.5010988770235929,0.5231832515069101,0.8644340674120962
241,0.48746206253929975,0.1419194768926539,0.7582463597919494,0.957330431876388,0.6508114175860817,0.10609214195741433,0.40869830383504707,0.9919842261715807,0.7298006315608736,0.5705188104316747
242,0.17361011102787816,0.9001751938747908,0.5995868460221452,0.4167970566022169,0.4422632743964153,0.5835862507070106,0.592221103363241,0.43946834703299664,0.656822238990934,0.9652958540180254
243,0.22845432279216693,0.8844821520542755,0.4853225720569161,0.996645655247145,0.7238880923703145,0.09001045981378393,0.38724350278038505,0.398227629036511,0.5758689376913111,0.5163668480733282
244,0.9069794535195963,0.9518391788559785,0.6489754492736324,0.17647658957024817,0.5245636747130263,0.37328953253776853,0.5527347480511786,0.935074385281785,0.7394569522269245,0.5913620464818752
245,0.2623443627384825,0.4276808468711142,0.28733662438570895,0.7964467897592478,1.0,0.6585695440276923,0.17114912844699331,0.6613600311166623,0.5057975582718175,0.997114811662329
246,0.29831251671591286,0.7840110127057907,0.15676039798015792,0.9285163702846115,0.4055183366475455,0.015626632934152767,0.8087383904015353,0.16310739294007448,0.31428715537828505,0.715878529916471
247,0.8518238478604557,0.8281900383484797,0.5822121673604618,0.6883519319625013,0.5721464263836594,0.16856787507580437,0.4266847407855699,0.17534314687675573,0.43575348297203614,0.35999249305944475
248,1.0000000000000002,0.31548893191567,0.3132263738154216,0.10935738229827682,0.3432684759894892,0.44554266017172683,0.6594789542965822,0.6443064910282295,0.4906166920459483,0.8277897861213593
249,0.284203312864887,0.14507223884421241,0.48860169019428157,0.3266724676216207,0.7158528434999742,0.09891681798395634,0.5337207744592165,0.46679085393722686,0.40479137323492625,0.29545168187149295
250,0.4357680840966441,0.9970483453354784,0.523091046997829,0.08568601124976685,0.6014275975908366,0.056859641192612095,0.5731723171113532,0.008398088894111463,0.6180409840674841,0.5250494896673765
251,0.5696893976416415,0.029914877363743108,0.547054359371406,0.6020059588739213,0.3303003083539382,0.5276924753490685,0.2900385739856211,0.4483152765647085,0.6798739164163059,0.23790199906200832
252,0.8314063763417077,0.5972230016460955,0.6756752477999117,0.998589177331344,0.4548490179526765,0.6831761778342066,0.3585718193425154,0.9397459981911366,0.1730736574627168,0.994688778390435
253,0.3190531135411972,0.6501172035791744,0.6559595984831047,0.37490792772803594,0.7815706434353857,0.054231199604481514,0.3627613184203576,0.7473013269853216,0.4745065591734166,0.9345247890610218
254,0.45896947618877687,0.6817049290412481,0.5371478002246264,0.1630008252854229,0.7583350762310556,0.14304067331049383,0.5035826761458393,0.558399065170715,0.0,0.8738608454514254
255,0.6519099253899019,0.2553994959173464,0.41834714946702634,0.2687446467634056,0.24263799888555238,0.9999999999999999,0.7436001929401286,0.19475033383356782,0.48474390002313944,0.4011073069308885
256,0.5872757550272547,0.721508260983856,0.5208782885809973,0.5710455574258901,0.42608934863418546,0.3351543198703967,0.5788473677251849,0.3352879345809712,0.4826202765846273,0.7285147279175995
257,0.4342762209978576,0.21615807520453115,0.3895904129255576,0.5692045277030984,0.8685281424158859,0.37876663871329197,0.33278017473323623,0.9967279440969642,0.8395837093810752,0.2607385024816908
258,0.479998060762502,0.829003541261094,0.4641479599354781,0.22990740992140254,0.4838838071973737,0.9999999999999999,0.5150200718659768,0.6589172049652158,0.7825989268915461,0.3899643024043764
259,0.2458404812539911,0.21887610306839872,0.9890593164983444,0.7510311683962819,0.5516994315652286,0.31764468894738995,0.484027633397311,0.2758958713199706,0.6792680692752484,0.8045261575475046
260,0.46030983209900106,0.6966266507250298,0.5347587214423878,0.08803357004627524,0.7148570622835403,0.11634005060342928,0.4341661398233368,0.7379070184574675,0.319810646202951,0.056349749952187944
261,0.45498664537956407,0.7833633723857165,0.5847498968767861,0.6233079251018531,0.25854427525189216,0.0025248578124420613,0.49606115003401224,0.09084984982626114,0.3088357447264522,0.04944152569768079
262,0.5490512201058693,0.18869499636389922,0.36921197972074893,0.4258757217286533,0.3344575138009439,0.2548755109174496,0.6398213767125402,0.3702535468150803,0.2939136256954024,0.6610605722701905
263,0.4004713702633101,0.23775228542569166,0.6910204677807313,0.127214331617117,0.45360833955070423,0.42269940854945287,0.3660691028488154,0.22870766942041765,0.7921663585317564,0.774589054572464
264,0.5942137421706444,0.7790521706899904,0.6425686883355238,0.6346576182095266,0.749227464343169,0.10270182073872061,0.43508393116866223,0.8960296398552451,0.32917599522032176,0.38350682123856267
265,0.696319566316288,0.08571347164989203,0.6438891028140431,0.6733400881875489,0.7134708532870928,0.15223675494065653,0.6801209068287568,0.7350597976413606,0.42889069690615916,0.6746603549648169
266,0.5345723083102021,0.19051081102283574,0.5408574205467923,0.4402036629451337,0.6554429014397047,0.0035274828031282477,0.5854359868812287,0.4972556720221667,0.33120380837681357,0.9029793807004908
267,0.5716140293046966,0.4553701280747631,0.6936531683867392,0.798341022016591,0.4893032208311816,0.3676649900931477,0.7349199520678944,0.40749611332969105,0.263114477418017,0.09992995519666326
268,0.5152759166895868,0.930181351569108,0.7379449937556462,0.5095318605147395,0.7347100048325442,0.9999999999999999,0.7638403138998853,0.8585837994403613,0.5653311043959743,0.8305108371794134
269,0.5052628330045354,0.5617529502597651,0.5535778611470124,0.28586678477931404,0.48669480095759393,0.015126615626484657,0.24786662279989474,0.19498606610426095,0.5312729785521817,0.5817178818181219
270,0.36910801765413714,0.3874941687969224,0.4794064006683414,0.9540211333550144,0.6280152479323171,0.454835539551269,0.5521007397876894,0.07423671323249613,0.0795212732151675,0.4223223312930247
271,0.5649609960307034,0.9783859092272765,0.667614799497859,0.9444594923542389,0.692633646591643,0.0403050385329874,0.40518052960301126,0.8517628377548597,0.25480058857022064,0.05165337697680411
272,0.48689150548895627,0.46355328909833526,0.3321655966602023,0.09564617702713968,0.8444316269126262,0.402191973575584,0.2777250819363423,0.8564913259303417,0.5506213754040874,0.38403929943609144
273,0.9001723388149605,0.4335668391595172,0.36688458155207326,0.9464976752407535,0.5053258303132097,0.17630288355762658,0.35328836725296814,0.2426625787434274,0.4884218420592234,0.7938819297392979
274,0.8020973147304082,0.4114687264736337,0.4908408306876354,0.7758202179310899,0.44608186856572496,0.9999999999999999,0.4434096996022742,0.194838103052284,0.42597231088496096,0.541939254110824
275,0.5780459367310011,0.31197091170697633,0.1760254369057623,0.10667402050851782,0.7667232883782995,0.4025279637597631,0.4445624820525758,0.7212122282381882,0.6172071353433286,0.17625788518437974
276,0.3612782220966457,0.3254902102386304,0.6551241134558826,0.5195451566464071,0.7815740874412263,0.9999999999999999,0.3869261640733385,0.1429048402269778,0.22799484986767232,0.23217524609322887
277,0.29536432441239396,0.687754688185153,0.3212017765659698,0.03494815569536602,0.4111171483462419,0.4029217410045197,0.49638868677448705,0.6217897969891482,0.38910496960610425,0.8476164163458222
278,0.7299840416290297,0.040534854126218316,0.4128500492335784,0.5891089725903941,0.30247699501268244,0.5163017127889368,0.9503465718378967,0.7011262852092722,0.6005571927913356,0.4328750695879261
279,0.5548207309158174,0.6817323219602685,0.461005381023442,0.9335980974391893,0.7520149134632881,0.012878085048415857,0.18057846686556173,0.621818770629841,0.378788472238995,0.09543132834459672
280,0.5958372553116716,0.20095788151554678,0.5081079427437406,0.3683600382660781,0.19866586642620337,0.7250993171740586,0.7087309546833422,0.42663712278146837,0.5615183064211982,0.9733365338435589
281,0.1760897346973137,0.38402315267503545,0.4366912445251361,0.5088401317824001,0.18878675686873014,0.9999999999999999,0.4955153963696531,0.8161460375153639,0.28438127482637104,0.25341761053376743
282,0.6802299912805853,0.14627390561884232,0.4882167042218327,0.22764586199444034,0.4643249719856354,0.8362212256674298,0.418110872002122,0.930027680996106,0.3456267786118154,0.7964794371797355
283,0.5909839941116766,0.5526230790277337,0.48966081812816564,0.5411760805078586,0.5166924422153012,0.09762852916132814,0.12651739145754953,0.7056033354802175,0.16356061679053652,0.0127409837679886
284,0.29573804657137964,0.7292820845191916,0.4174117470272931,0.8029249810939308,0.2918542780410035,0.4886529805341675,0.6396463449682375,0.41865468248390403,0.11132989891608586,0.25645618948882376
285,0.41628266603078606,0.3544607511955178,0.35658364265195863,0.215338145315869,0.5397924081812056,0.9999999999999999,0.23302681782249784,0.9957893531959036,0.41172094659728947,0.3370837844561193
286,0.5550033629585743,0.16315720701160213,0.7024714011459663,0.5537223770646745,0.5484203719128583,0.4716907656432951,0.6516638610553243,0.4491395855049205,0.5876361206539937,0.8594219178919811
287,0.5151460056856467,0.2262675047681553,0.10831841208214463,0.35478733096458204,0.40395775106483006,0.3253619090087934,0.8202059102671919,0.11576500778670161,0.4803316076065823,0.7479371811184609
288,0.45012194478769635,0.8180745165905151,0.4624161162629905,0.7481972015790643,0.8902050261003658,0.47699339883706937,0.26221026542558573,0.18212803305930098,0.7225708419926666,0.30798016610021356
289,0.4857214146583289,0.26742454425011397,0.41333336220582706,0.7023426805968681,0.580005310282875,0.052830223479264166,0.7144847827516327,0.34760051575304496,0.4275172747585509,0.7874746421286082
290,0.45770545186761974,0.7746495395225007,0.578883947361694,0.6990921786873951,0.7151582515610336,0.22630444674425015,0.5035996401385092,0.17065482661356496,0.09935882925683298,0.8100533899415923
291,0.5340314161319906,0.33099666518089477,0.2295617016751297,0.37795785196624343,0.21520667130870225,0.5458406386330991,0.11249532025602088,0.7782354949174838,0.5675306868129877,0.5119937158858799
292,0.7828784774741654,0.18848172828818918,0.40757327904186547,0.5995360041145569,0.21353762240360752,0.2857531991111559,0.27659995393681,0.013539157034910085,0.2972431535167021,0.5078600520026951
293,0.020986432781965506,0.7272395100314312,0.48169146307718846,0.6513657398307798,0.5858664242476532,0.23008217378653634,0.5317910555377898,0.40557801548605954,0.5260556520504103,0.5094956481306613
294,0.4605595376256218,0.4683886437971882,0.7003452911153373,0.6811082176985661,0.8556576794730406,0.30605445740944265,0.5729297046306518,0.8782167810699665,0.06794714636690496,0.16734618952005875
295,0.5385501297690497,0.03097328199210244,0.5627322000516389,0.5755019933592408,0.3015288059470616,0.19646443213284845,0.20724580670046527,0.11723929937128404,0.4498873889668043,0.8127250287177685
296,0.5610931375956979,0.9599518867242669,0.2800656041677707,0.8671846351313105,0.5246107566015378,0.7631208092929614,0.5047557558100515,0.5758920322050339,0.6356377325021687,0.7145924149746695
297,0.4350764778203922,0.14748878803100374,0.40986878474840693,0.24889389491829475,0.2579766558145101,0.006008453587936558,0.6508634489723766,0.9338957736088759,0.6124200253459986,0.8493803901049897
298,0.17380003146612072,0.35321173017351787,0.6660259233781286,0.05581323828008558,0.3578766878880909,0.22725989549312195,0.6831570349362648,0.07106811927072447,0.4545052378010705,0.8156679889448855
299,0.5671309720541099,0.38460998246216616,0.2768417165840892,0.9629274084663888,0.5342307931747446,0.059167271340561094,0.4227316378116716,0.3493830259608582,0.49238901802585683,0.7854287627190462
300,0.8311521519378406,0.48928056249760216,0.4861142964654507,0.06074244424427519,0.4015934290870373,0.14743001873757688,0.5798094132133276,0.037110933245217234,0.4076859491518365,0.7803679046114824
301,0.2158478829172289,0.7853945942185863,0.49908019217943145,0.9033521904716451,0.24435403363057645,0.05497887119531847,0.6967852258559357,0.6820732982005618,0.4454703935570478,0.9444531447600115
302,0.6682283805296431,0.0057778094594816785,0.42883421923622944,0.6125476267891105,0.24002246685351647,0.46247339562588025,0.6561959115194593,0.4172017752226711,0.6212148981010224,0.6053902630978477
303,0.44326290067419855,0.9324722471067945,1.0,0.9191441883723421,0.13207262230328265,0.19385712317033027,0.6633885013419463,0.9473771582534799,0.35967789329637617,0.8279309650577125
304,0.4936766301982714,0.645892964345427,0.42380845743546103,0.565194825938042,0.5890620716570469,0.7691846035550545,0.5198492944754489,0.6911749734674525,0.3782939135544578,0.8013335532616768
305,0.30659284418187843,0.9506552098372142,0.584660405463983,0.8213675261543899,0.61246622109622,0.8674255401575467,0.4814658569248878,0.6017660286039186,0.20205964141924232,0.27019005278332214
306,0.4421438876175026,0.8173508913308254,0.35786922073789296,0.7216031466390966,0.6114937488410843,0.5820117454077972,0.5491145232518135,0.9103534235405032,0.625,0.5657042150346846
307,0.7505308974644506,0.9278368498744963,0.5992038718010513,0.5253346831251255,0.321018523248995,0.5620651601224022,0.357979577836911,0.1291727942248433,0.44137391852803326,0.7296794381951917
308,0.6151785245332985,0.6008888707317241,0.663179297892869,0.36347164081494676,0.6914561229868383,0.3100265760763069,0.7041029846379714,0.7833914717718581,0.2622083673781012,0.10341176295210902
309,0.8320882350782098,0.3571150535758976,0.39112832768000205,0.002841088802857994,0.6335880112234776,0.2299236692561302,0.2165244144181076,0.7297154503909963,0.658370138230689,0.5305552021613369
310,0.7273933534576862,0.4427490266485942,0.4905794620630459,0.2510015602854714,0.4982887549946424,0.506300654037489,0.4058533264490532,0.6731239757021659,0.48294471752616935,0.002778066364278964
311,0.5880909386710432,0.6579398791462631,0.33381525159624115,0.9521858191745469,0.46654287970576785,0.10424125449102777,0.4922184045821684,0.6379263327328801,0.3507660157107149,0.24025634476502267
312,0.8342811724266941,0.42676142909828146,0.2873546781773476,0.2755694411209535,0.3713212548954108,0.365036252046704,0.5855682328957306,0.12387998994295758,0.661364875538998,0.4863420304203772
313,0.5880732938875535,0.73160520685452,0.6941390525974146,0.7521793990018656,0.534047137008077,0.016627356699673024,0.6202290352697186,0.8140102715285171,0.4269198351807471,0.30688887371262874
314,0.6614663524179911,0.0915644902241093,0.3974622995555074,0.5087125135253779,0.8096974736610294,0.3219814785646695,0.773644739144405,0.6350016693844102,0.19363918770429406,0.7710805336643944
315,0.4492918251316033,0.8299522545894433,0.05065269248481455,0.30863719757813857,0.7169701958106622,0.09873048941938582,0.5132520828007403,0.771411487777205,0.6738829846667458,0.6373855439410282
316,0.5178023434475094,0.2039430302185412,0.8300125263652008,0.9915305683603921,0.44731976320538347,0.4178568502292533,0.36642716523304825,0.8760983598279812,0.3322003490544075,0.26749616689835815
317,0.3736615040040608,0.9439516784466957,0.3511937542724307,0.04697675939197413,0.6010618399590887,0.4014095382700524,0.4721443873732048,0.5422117529443444,1.0,0.01701688058381412
318,0.6919551925309315,0.15528377291803488,0.45483359382725375,0.5823258865405012,0.28383132875263994,0.3004151729420139,0.43997234722592976,0.9569473878825957,0.4071185599261746,0.2546682937758401
319,0.2829322204517303,0.12889326494619097,0.8068031961973873,0.46171148244878113,0.6380926416257143,0.22028687983449052,0.5948408006536043,0.10869825318809744,0.1088910912294187,0.5190475016744307
320,0.6528557016530407,0.811835603647935,0.4743468205387732,0.0765423993628859,0.3361674785439568,0.07949686777218123,0.30202929935959805,0.003464609872475724,0.82508877424348,0.7622201459822162
321,0.4692761045386477,0.8186636245325208,0.47031953671524196,0.21417554209769,0.6303919936588042,0.2962109659550257,0.46653645059271326,0.329587688934523,0.48109736249344653,0.6033469449165115
322,0.7262302198011705,0.5041605632076909,0.27173207289561374,0.6945424021845809,1.0,0.006271287218632719,0.7983098276568517,0.2161185530814656,0.5404191290251161,0.055759402975507466
323,0.6469160039025301,0.9605401297573174,0.19589159175200024,0.10835926338960006,0.3866219308804574,0.16370231232437565,0.5320909811364085,0.5534031159790327,0.5643348997180144,0.46649037815930866
324,0.848754625807153,0.27031641359015574,0.4697507876601784,0.8013747093768229,1.0,0.1956774371878207,0.30462471270109187,0.27990636329948787,0.23331289339037758,0.9595180516032993
325,0.6431247420845703,0.8266132180064822,0.5684435962489562,0.625329566764732,0.5917800491402168,0.03405230982152727,0.4362106459335408,0.6880205729424589,0.08018198062429177,0.9040457205935878
326,0.20864454483656036,0.3518448225702795,0.557760305857072,0.10088478830006758,0.3518798589641003,0.11126593103968438,0.0868886957823311,0.9453829488248583,0.8629823813939115,0.7423837854555047
327,0.4926146195930447,0.5372654788821962,0.41102797482425746,0.28692744962246963,0.3430149888900839,0.58419293992913,0.4880451987507975,0.7691934950011184,0.19480556424985723,0.2837721419483855
328,0.28412019014860956,0.44543589978523696,0.5045591110996821,0.1372217801192606,0.9543244727498039,0.7806572189795489,0.8029262504688761,0.4199561484984332,0.8030030459577038,0.02210628316973401
329,0.4074612291102541,0.005537471368076038,0.15814927405698456,0.7979493178243348,0.5922352213447467,0.18950331708129137,0.27996067400003516,0.9855841724559641,0.5918340333513745,0.4563359278337545
330,0.7903756952275905,0.574341556291849,0.5866003083240986,0.5331857881163877,0.38736847774819505,0.9999999999999999,0.23024445991752446,0.7711207007417014,0.5251040864731016,0.3744022663096436
331,0.625532657190774,0.7474436550308459,0.530882620747649,0.0028119914388358425,0.45752300980922445,0.1193000485150839,0.37836999759828677,0.810846370627299,0.40288079116045533,0.675832044405723
332,0.3733772474859778,0.17429677152706033,0.8688604732555957,0.5431343891324301,0.5802015552352017,0.3637498368685149,0.6689016228287477,0.20430963525671864,0.9304697612171746,0.07053194874377972
333,0.3139852885082216,0.9316557821891256,0.5021760399731275,0.4830067520015391,0.4951910031436527,0.04464581615772031,0.8134354798468761,0.686781576731436,0.3602275958952585,0.9233795572829405
334,0.5114320230525105,0.5302640304480741,0.32497729622839555,0.6433532713418625,0.5637841092012911,0.9999999999999999,0.5816072032703277,0.07010652755054565,0.3655349191522092,0.7358477087531347
335,0.2757142270557149,0.1779916377478871,0.49132146915772623,0.034840851717352905,0.8399423428354295,0.261627426924807,0.2616371723003283,0.23489038140261964,0.6197084399977693,0.9710025999795424
336,0.3786205130744699,0.6458510609211181,0.4396478503917488,0.0354228560349828,0.27869765287772175,0.20434284565676245,0.49480491367934026,0.015872808984312328,0.3640207824858786,0.865310804865153
337,0.5641148349010108,0.1916729591794046,0.5818522848617829,0.34950972988902773,0.6215668341733889,0.2848772056301734,0.8290800471389725,0.705130481430248,0.2997154803530811,0.43019568635884015
338,0.723223696469868,0.06324026586803022,0.5057963727932275,0.6888358982096052,0.48277744173846676,0.9077505222887368,0.44154013711763934,0.020384241682605872,0.4809911712683396,0.6624800368518614
339,0.6201040788330303,0.6852320195284439,0.2658064212085689,0.6668457735273372,0.40034889305249877,0.679968423308268,0.5248248827847128,0.44890036174545267,0.6226799524367597,0.8456251325121104
340,0.07294125798525787,0.1104177185142143,0.19572195735619305,0.27837246257654713,0.7042654262605599,0.1366369246132988,0.5432923692010301,0.6487241026776852,0.8491341650658997,0.2038268836704039
341,0.5626728517826283,0.10593877239219852,0.5498123784250437,0.21614778858554182,0.21419840397757878,0.09780697806871055,0.21367212036947386,0.304622993705684,0.8878825937464407,0.009568554905091786
342,0.5188377379369162,0.7398787780650701,0.75872609217253,0.6834209071414741,0.03914532742314836,0.01821725843845835,0.6830410111813856,0.3669494161457101,0.15188234598621758,0.3075422740580567
343,0.583337046458478,0.054906338920259964,0.5155791603689635,0.027105972331545547,0.5403086026836452,0.6820679331280414,0.6564368446182436,0.8681619926974011,0.6901753128798711,0.43742266081825076
344,0.8101828766794187,0.809727960991495,0.652457612304231,0.5570204647626608,0.47015010352587094,0.0806780583983932,0.13106929627929426,0.9014382010620151,0.3051885308986864,0.6245511359222858
345,0.11596848616538825,0.7961029435210139,0.6896657137972431,0.42427467793073503,0.23520041281083948,0.1097089780979447,0.2533816589567593,0.8586967341823964,0.31466123305509447,0.2633802272728125
346,0.39372134754742233,0.1411266244475911,0.5505366613432279,0.23917766161882062,0.16601050189970518,0.13196640249179972,0.3199823185480863,0.7498585769370882,0.3896686366793762,0.44202780256293045
347,0.6167352849759652,0.5182410817729571,0.3488819223040821,0.5205184220789147,0.8703147558846864,0.038604582837875046,0.6369867457090863,0.2771384748994808,0.3775706017821185,0.6486616310125441
348,0.20684193091447872,0.0963435775733966,0.5372052442477135,0.21724840721290964,0.5864374671355397,0.1514481745707952,0.3603149086945518,0.07415098647260447,0.28896274046408926,0.8244179509916423
349,0.7837194095056639,0.6324701950964424,0.7258950731553133,0.5645622097586015,0.5006778350919158,0.4694799415016181,0.5729606759999135,0.4884453165954139,0.05042726479924975,0.22688869878299894
350,0.5747460482492937,0.06263672690966272,0.5996034496733432,0.14902318567861264,0.9214978137120045,0.33394998581627144,0.4653656576867992,0.9244334387229268,0.7671232232040441,0.7998961804736116
351,0.6649748891302867,0.9444851052225021,0.6403256891418874,0.40586047271055903,0.6945724671792556,0.20386682941194362,0.5120379130873784,0.2229466516915391,0.6630266492184391,0.9392023953676031
352,0.39752496108038043,0.20748632144983897,0.4145182125929777,0.5106421224149039,0.8391040051165652,0.33288298073401673,0.5904128237395256,0.20911317964985293,0.48925841373971785,0.4095281263531778
353,0.6587825684462791,0.6828106160781958,0.46304300291729283,0.031696377007593285,0.2686426776785992,0.5513957503000548,0.5491552174142675,0.7795927632391522,0.30858506690836346,0.5519634694058819
354,0.7068391975837567,0.12802019864900996,0.47863897965505686,0.610979208428925,0.26140102349521993,0.03959424789660127,0.4954051376813901,0.5918070057503287,0.7270701396102464,0.00992246001520014
355,0.5491848255805458,0.2093526641096034,0.49120679880948304,0.7506415420276852,0.616236930772901,0.17653260876404558,0.5592566861286867,0.4039935355660971,0.4803583847863469,0.7101960148161538
356,0.5494721513041512,0.4507873245338491,0.7186003720527258,0.9564945566383511,0.5770532264838165,0.1672233968268843,0.53894013663469,0.8626695989653219,0.38316313559223697,0.8720108529540657
357,0.5562535202781135,0.5729750430336913,0.06304320860799126,0.20320063746973557,0.7385964010314832,0.3584024430507016,0.4602191933249227,0.5823407746050485,0.18007535238262412,0.019926432655731796
358,0.3423565219408836,0.9988858440586363,0.5064763815650685,0.2087722166133739,0.18143895280550842,0.014916896276260576,0.41933668109516026,0.9203052831244468,0.5946969723491546,0.8436631547927482
359,0.47741215516048224,0.02562045276780087,0.4859553820769641,0.304951940986923,0.6329726707630652,0.5367103057691812,0.8458740339249293,0.36781979896222805,0.4289237156773718,0.14897038396546675
360,0.47646994749541466,0.0,0.24500199292819916,0.8911549582747302,0.6882292439401996,0.10842297981044964,0.41722039844370723,0.443795685863446,0.5420709482685566,0.8420942534630249
361,0.5775831794192532,0.3501708224354561,0.6260628441415634,0.40702526041380394,0.6779589256894397,0.103463059597728,0.7511356428582572,0.07377711245307252,0.5244965324026098,0.5418797094805919
362,0.6938872682806102,0.3659654246094828,0.36566491592747685,0.30191353138466104,0.4182120781953849,0.14186803760160643,0.3724896920366943,0.3673586677441351,0.6132341233721599,0.37012255517335346
363,0.30552918377671223,0.8838210169819443,0.4341960484255091,0.7415028242504551,0.5971920800052775,0.18916903268344987,0.6483943828932304,0.17925816551725138,0.5337966591581873,0.9412651559642032
364,0.48166101673451606,0.9125760304999305,0.8455710738577268,0.037988422499579316,0.3468446677551341,0.6562665241199863,0.8280343589072048,0.03227805276774666,0.43459551222269693,0.6123377496380008
365,0.7847583401579342,0.8805076393115687,0.6891369042471694,0.5490479749820439,0.44021408905079024,0.04695702175110705,0.4366309931948262,0.2553565127253712,0.597913137530766,0.038596237713511505
366,0.36495150321100606,0.14291254942557885,0.607920486490528,0.45037804121933,0.2951456011818035,0.05392509033621572,0.3757624179206395,0.4903778654485661,0.6732006159659523,0.7659906502351804
367,0.35011010684899724,0.4119294001979419,0.571794395214541,0.6251266901798999,0.3501312588256005,0.7830823338407474,0.41970677671292606,0.24694676187567377,0.7863462373380234,0.18234913454232782
368,0.5434167311832444,0.7458223825458338,0.4700689945583564,0.7314170738239546,0.45026915901262005,0.8020991002546106,0.4953321145283062,0.10858540333265566,0.2796948933677675,0.9232758966195724
369,0.6645600346747781,0.31240205235094126,0.8736564670154022,0.32511878423473584,0.4019173162419504,0.5587217687065934,0.558295535130036,0.45125919503486744,0.7038716371520057,0.16640523054532652
370,0.5074027043622504,0.6631473542707798,0.6503819664374929,0.6366909880098602,0.35010694237797707,0.03797850643597956,0.49152566963380967,0.14736996471754626,0.1909233529290289,0.4876292028162867
371,0.7559865801059866,0.2369083762498778,0.36099324939958144,0.5245508916799269,0.24550044760410938,0.16171458542645784,0.42141262134096097,0.08547460904543334,0.6853410645458688,0.5225514816317925
372,0.6669012451305132,0.3232138904333128,0.23966800266610697,0.1340102500333735,0.8762070135857393,0.08983266753689317,0.8595463555998293,0.9602470051567163,0.38042915252485837,0.5637562060554295
373,0.6640760637820297,0.8604055298645574,0.6064939922701149,0.8821129671875219,0.40005534853800334,0.012843724395305647,0.4619219168526653,0.4756977148096554,0.6525113351853393,0.5332688900945696
374,0.6097940199338252,0.25027906040627157,0.4903617628478688,0.7549183848079929,0.5607021234272019,0.1433199515282325,0.3844882359506478,0.8022864284062556,0.7762116834262971,0.4390137878194438
375,0.9444134093220766,0.9643350331349392,0.23429023216367198,0.9220592789777158,0.15664486310045872,0.9999999999999999,0.6521467831542771,0.17032199707631357,0.5362063325760349,0.7128185671371359
376,0.4665383326718055,0.30604840178676157,0.5807106132995046,0.7207170670441997,0.7594840389064057,0.26588601700978953,0.6550851031475222,0.4612817195563105,0.49314662433268447,0.155508256695162
377,0.12723531108506764,0.02322152510379608,0.4506086975197092,0.2449000379186074,0.529211229020184,0.13606055315716878,0.7595300003887402,0.08940864326682783,0.4834472234568891,0.787262318577503
378,0.8079272243712519,0.25467241043274713,0.5997478674875542,0.4307052207251255,0.4110204249898749,0.051054775440062095,0.8546238687632042,0.41149940117697337,0.4127399003114994,0.0373912214525311
379,0.41889114845102066,0.1709482003899036,0.5831637874209282,0.3870273179722056,0.41270971575357274,0.005620586102502607,0.5627978063041617,0.8263749103662804,0.7157555847642658,0.8420908812709615
380,0.5256010932175879,0.506683501194792,0.3873424669259611,0.035819179144589014,0.6650453009899416,0.059153311981491465,0.44571872886210345,0.8927670088897289,0.48166517646255363,0.7498180446120083
381,0.7523244449373857,0.11243958371233355,0.6188039724939196,0.4107179492858315,0.5010879514399724,0.03570678655936548,0.14791605316789974,0.5187762481509378,0.0888891437683797,0.795391988633297
382,0.20294296594849248,0.6259456511797948,0.4079239392687113,0.34570932963051815,0.3374564392388325,0.34193299769469665,0.32585885575307,0.28601731944569514,0.670113801627874,0.29688749106862705
383,0.2690942271187619,0.8748798346918195,0.4200504910482379,0.003906344606868145,0.4738437697295706,0.09577623138430823,0.537388315607092,0.7333823631397457,0.66013534672802,0.8497037904698476
384,0.2031281686171203,0.36232671091161184,0.401514766132013,0.8474940846851095,0.4716140876955718,0.3870444936071153,0.2810052309215521,0.6387785050310859,0.5103327292478763,0.69114288634611
385,0.35541442267534956,0.1682350620411023,0.711703034331229,0.1439214263395209,0.9814732044843607,0.9482589018320925,0.2064283169063857,0.4702143335951915,0.35239555343164536,0.9685453485477062
386,0.588194695349254,0.39984548369720213,0.4484555616901226,0.501163591935075,0.4315780713328253,0.23719266918346046,0.5110518956408818,0.4751045844656171,0.28172476224256776,0.019950362698538116
387,0.6041472746443338,0.7859175697865947,0.7567359288630212,0.7850198945426532,0.6884146165334527,0.08680900453160167,0.6422287878228821,0.4929671495478165,0.3529402037911242,0.7905143198683688
388,0.5573725316016251,0.5913727831550549,0.8333934543006792,0.6047404656338897,0.8473015287546168,0.10900823693238104,0.4534270290197114,0.3388925463655301,0.539911526966071,0.6232830556387867
389,0.23869540087934576,0.10086282472254937,0.3630131432274881,0.1694099579901965,0.6265927987753596,0.4135313362375384,0.6643757235489314,0.5187409161257689,0.15190670520819233,0.9890431640158253
390,0.06939156799612249,0.5370539362655736,0.0,0.6184765443259755,0.3665434874756467,0.021588188723585523,0.6126740015317895,0.05683621904235735,0.582771026834429,0.443009510950219
391,1.0000000000000002,0.46792884064034523,0.6955777014196421,0.7579264959301649,0.2484230287857984,0.0442569922049638,1.0,0.5699881038337777,0.5159262576270212,0.27961242449406876
392,0.4162352663020166,0.3269081349289011,0.437004814563258,0.8551388602997166,0.6410623492307717,0.2821223499896079,0.8999358767809424,0.49595955299430305,0.7466959170100371,0.8797434793875762
393,0.5919208399187981,0.1098832509330947,0.33924103879037826,0.3187812415284116,0.8150703808891312,0.33943170588394955,0.9812306327181111,0.420267164251768,0.6353631948004341,0.32565415188862845
394,0.6376869703749312,0.9811285479892716,0.3909876969454603,0.03391777191240661,0.6024819113489639,0.6632133709382977,0.6339093946987073,0.3236337828278345,0.36477511881327956,0.7027740929541121
395,0.5313294075789814,0.1757882110555878,0.42342010580163314,0.6082088993479878,0.7354601958864428,0.6301904980697466,0.41405684827098116,0.6216190269903473,0.18090666126609772,0.33180855548683097
396,0.6486638936072913,0.19249341827707092,0.7427021074184591,0.22585322116012466,0.9982307830209907,0.04969682566975567,0.5103153135806482,0.48472275592694314,0.34612515636062074,0.9457248912329841
397,0.548493026576401,0.14531730240356133,0.5306038831928237,0.7812354035145987,0.6588487509128957,0.15827160036912552,0.789193456857195,0.10033092062767097,0.7645468622340086,0.5260742090983536
398,0.6052560830213114,0.5700709605559319,0.7401667983866451,0.6801755254167818,0.28398552573960434,0.015920001679236663,0.3340930698523095,0.3741264438737211,0.558063762438848,0.3197507919724838
399,0.3722937267371433,0.44350479301267753,0.5929510662563549,0.773523634850193,0.5067543576290731,0.07247228476592421,0.7660196805180963,0.07598046120127948,0.6156227452686875,0.822413191110657
400,0.47135899294771394,0.2493268850806142,0.44311090403514064,0.967957470035189,0.7619146563621715,0.19086938449177532,0.4675523230152135,0.37884631403684715,0.3826090602667968,0.062416188327183375
401,0.5423733486720054,0.42925379327521856,0.4279811609836346,0.5847973127062858,0.44875704940509475,0.18820632469297421,0.5408136701644057,0.5326112698287401,0.5942358471949423,0.09370224251678533
402,0.6600589043156794,0.673434647746807,0.6055187591732173,0.9047107103581284,0.7881221803145131,0.1313817602614706,0.34987592969849807,0.3907137727567038,0.21334167767740014,0.836711294226993
403,0.4309583781293506,0.2814810833543112,0.6537870053258055,0.6421697060791691,0.48393040432444817,0.1974657629132042,0.25465968070768313,0.34128188867169823,0.6798099218736042,0.32337392485462807
404,0.6035773698534874,0.9152401577074677,0.6866787105986216,0.181808785453734,0.5615496917420426,0.2045408210395615,0.4474565270802741,0.2807608283837708,0.2826340232078865,0.17650489787068607
405,0.45509017017918324,0.3061351072819875,0.45200529866937644,0.7996569877426114,0.42903497418592845,0.1897026876377547,0.7393298183517256,0.38145114034615046,0.1270435599125041,0.5871325291000629
406,0.48306981604332183,0.19793139307766958,0.533456264175101,0.6939988025248398,0.527736480334045,0.7888691634354302,0.36938405798406454,0.06878097092978448,0.9319366890984377,0.2545324861588173
407,0.6617551861459116,0.9545755002640502,0.6097021679999235,0.9783708402155356,0.5379709218769823,0.0745361354888365,0.7964386957239435,0.9939875874138674,0.5277665728025234,0.9871886484554355
408,0.12920919852720664,0.810519659180076,0.42917327483542056,0.2435248334407464,0.18574211701860455,0.19838726304729978,0.39320246967837696,0.5551335167149208,0.5225082626369919,0.8205949032716198
409,0.2606369151728397,0.34293891252316394,0.2891196325360683,0.3332596618695589,0.4114616807722994,0.22620965745045132,0.3018026866819093,0.6360240359310262,0.14688842397430518,0.8891739072136554
410,0.22559777704192846,0.8414013196541263,0.350414995858506,0.821850049348647,0.2583418768295874,0.24430358167488062,0.5457053428311684,0.18268683146195358,0.6204144086725336,0.833581326721426
411,0.06495534733688006,0.5186748299961033,0.4558290337305496,0.06289930836586183,0.41813195560033417,0.02217329467641151,0.6242041109370193,0.9234445861710004,0.6704661914328398,0.8858590974161776
412,0.3772763722242059,0.3465550060079055,0.6242799304068709,0.6334720850788554,0.34307154642568793,0.9230413380547912,0.5336106001504652,0.5709689635839906,0.4642790809400405,0.3379401124353185
413,0.6466452406116342,0.8395804436873221,0.7355750616002066,0.5357033744604094,0.6925915183181811,0.639018421527911,0.5267587554183826,0.4140743199652811,0.6712048533338912,0.6733960939442468
414,0.45149683124472934,0.7521044066653291,0.24788408559592887,0.1688803611244217,0.6948311651818698,0.169599630367287,0.7946745652883256,0.7131136859513136,0.7245131882263203,0.9069825685819111
415,0.5425646608428776,0.29766085354073096,0.38937881536711727,0.165178494306881,0.605253927398047,0.08746744342299596,0.5164187947417944,0.30397739628757187,0.6020172663712133,0.6859353576724204
416,0.7107534072033532,0.6065687514413773,0.4340412853599812,0.8105514437375924,0.2516800239810353,0.30994802735557175,0.4121090069778199,0.9346880051371659,0.09060396656099673,0.9971609903342629
417,0.755746123599678,0.3692003717955381,0.6489924614139666,0.015433019076620785,0.477895887050457,0.5853502908226633,0.2898567999082175,0.16885108340145755,0.28335915156336694,0.86553068002939
418,0.4922024128930382,0.0007378018500746224,0.40229075090540667,0.7471660892385449,0.23629423156118562,0.9999999999999999,0.7339095296439009,0.8330901214930431,0.8226159191531086,0.07088072125698358
419,0.7606327219243926,0.9618258410508875,0.42063786652217827,0.732985349147772,0.46838727681925285,0.013877088415490369,0.42036209673838526,0.9666769506687743,0.5177922790097538,0.5016374977099598
420,0.5226287710087854,0.5495000573229936,0.2374505125284966,0.649959885458604,0.6221066583339065,0.048112754207152816,0.4383660717866997,0.4914945610922876,0.5186464342162995,0.27549710916580294
421,0.3472520414306795,0.5983200547453027,0.5909345244666775,0.4096869848795952,0.6887777433146799,0.6124943930391741,0.6929923563288523,0.876668552173473,0.3441436766879357,0.8750531455940214
422,0.3930993047303984,0.5997793711290333,0.47068087736617825,0.02831447594423353,0.5883388429765309,0.5596177426296582,0.877925060843054,0.07103461730511197,0.3810341618095187,0.9372494742922801
423,0.2259088779525535,0.5505127837626768,0.3788045027957643,0.8021266131891434,0.7403004031094857,0.03675076202372759,0.5452800128417032,0.6204268075656,0.7287195038227938,0.5665939523790579
424,0.33767957164979107,0.2898312139568801,0.4523830060540234,0.1257458396965815,0.547121759639159,0.9999999999999999,0.4736275967378493,0.3558942374971623,0.7868193370438059,0.05808235865283934
425,0.4376986422316664,0.9715895188159893,0.7109609815925931,0.28089752970589577,0.4517009177773218,0.9999999999999999,0.4978627555836162,0.36397836751365725,0.6535940084581899,0.34664124563608356
426,0.6568621228582445,0.6215637079854263,0.3133739868428239,0.947199642568971,0.6658674925348365,0.7676313282823917,0.4148524558081244,0.4500877040055392,0.6069280677637714,0.18852656579612903
427,0.8299106079279718,0.6708332795394297,0.34381517923577165,0.3019807757745805,0.6722149191070764,0.26832348942825734,0.43324684145185605,0.5965983894785467,0.621186001773596,0.5292477074764744
428,0.24446586128206166,0.45463173006698115,0.7343208687547914,0.25523738567943155,0.3954887740142379,0.2520476823615098,0.43423549319593296,0.6158483465809877,0.48877147551876216,0.9848447522522056
429,0.5793630506554258,0.28764403172047465,0.5149128006282259,0.9737995139339661,0.5701832817599837,0.017284715170289903,0.6669479385581372,0.2778822380054436,0.27347069718538625,0.34322236780960247
430,0.30892382465856794,0.06405617503474481,0.6256874058540006,0.08595252283197341,0.4399496175433868,0.7143352779829759,0.48263699492124995,0.3836260480240099,0.23240909262673476,0.7339619440204079
431,0.5948096799141495,0.3500338780834759,0.575706138835457,0.16074513247803687,0.10836102415636012,0.6089060693741061,0.7497180977820488,0.24911670424231724,0.7519191585540583,0.8310490225491312
432,0.48051433071876365,0.1758423386933474,0.4941913741580508,0.4385000981180397,0.582006368852354,0.12538154760731393,0.4774509353964049,0.6323861590355176,0.49588600003322875,0.8301684477828233
433,0.15980346702636927,0.6619972059580894,0.4358248146327387,0.7880165784950146,0.24648206538642276,0.8550008049087391,0.4311836437961157,0.1015269271617766,0.5927742078618121,0.14947484211775813
434,0.6803919693844428,0.878986034366638,0.6558631492613435,0.8847469104120236,0.5603652962905206,0.0803042263875634,0.7346917432070612,0.4232809948214812,0.5421804005725201,0.2373989115075279
435,0.39109929740234656,0.3025425162124864,0.7175519399432393,0.7559644211054632,0.19990787605792792,0.0698221857180465,0.5028820009119661,0.9785639335580744,0.5518187511206982,0.22323029775110392
436,0.40451407404345646,0.33268045189706574,0.7029776294176935,0.9766052815326776,0.3576746575091138,0.5221753430455226,0.475576805367299,0.9888617380953811,0.5676736369055699,0.29723740524414044
437,0.30341295946682884,0.6702762348680388,0.2796957042623358,0.0168346513570152,0.41300803245714063,0.37154454043606266,0.5050981308948774,0.5177327091531023,0.6346327831036922,0.046747063381228915
438,0.3818009827006858,0.14900728954136758,0.7441414679792222,0.6197725701573035,0.7293240317872178,0.14100563257257853,0.7695233121405745,0.24704908035485623,0.35632164123280946,0.5393549392095263
439,0.5859785050152658,0.929436598222834,0.4340277164641214,0.11638052732421608,0.3936815140738789,0.7026382214057604,0.5553813911546555,0.5833090879714954,0.7267737274860986,0.7409185830439722
440,0.4695415147024629,0.36365505831674605,0.35997132292704714,0.9107626860172315,0.2889492366139145,0.5589116515899127,0.7294531990450224,0.48821056764699666,0.36198708198925206,0.2607738099682142
441,0.5672567264571977,0.10091907630095995,0.4692022230808002,0.9357186389245207,0.5673520542186581,0.08929408767408231,0.4556141940704022,0.04193909464955768,0.5476338453007046,0.639811544551995
442,0.5735319796745189,0.1744284372963593,0.6557830330706194,0.30314850441752395,0.4549092328691124,0.5783365218126406,0.69991615811798,0.9891783232808414,0.27739733104054026,0.5455615987504036
443,0.7544207908613247,0.9327463642650949,0.6015753874855112,0.828070420899009,0.6497937051343718,0.31846239067926346,0.5427619338923249,0.32680947406714883,0.4704845768322256,0.09911444182455942
444,0.44057224126767863,0.24688816860202495,0.4531526390425523,0.6305465493528283,0.30115275062216407,0.18685167801152633,0.6617534193182211,0.3989699487979903,0.3767868683392898,0.239732791435884
445,0.22660295041545664,0.662177802465486,0.6570022362416547,0.10051580807577667,0.5376626868665094,0.5243756626620613,0.6772656303276583,0.5133275473810325,0.5067412480174027,0.24143879234438698
446,0.7066035180555045,0.15590340558261376,0.526864520721175,0.603026466982596,0.974559118245608,0.006321341485791582,0.3251635859946807,0.880381074398412,0.6418517902517078,0.4886504203739319
447,0.44270387066763656,0.19385267844843346,0.39392437839133143,0.9764872349557254,0.45059476836946927,0.06755763581323702,0.5121829141632148,0.799076541368415,0.5165894214784432,0.6278321540938334
448,0.7155409878856789,0.8792204475547244,0.36873555136743663,0.30821666837754147,0.5329965520279162,0.2558334491806165,0.67552228816999,0.2051112691457327,0.8746631417320572,0.3013326754374654
449,0.5775800189168859,0.14776865748919682,0.5772881699948083,0.0011220530622335911,0.17558751366445535,0.26030274578536367,0.704913071275501,0.7163481224124711,0.6533490246418903,0.12707125620759113
450,1.0000000000000002,0.018442389540155885,0.48539191127543757,0.9772222110791635,0.33188845473118933,0.2637239537764817,1.0,0.8745719668806727,0.45873960268363284,0.2691750037438315
451,0.5710516851763695,0.5010878365305896,0.2442552617397266,0.4141547955901207,0.5858002898359168,0.13574669023687283,0.51822946491158,0.7141642749504726,0.4857826882242063,0.040127354496398315
452,0.8733513135882163,0.8627034691019292,0.6587731301064397,0.4311119506328184,0.43306663415757357,0.22444611081330262,0.7830961785033494,0.1387011905293865,0.49909834135951575,0.7486544243754164
453,0.8971181334374525,0.3257865459000937,0.41121186929599496,0.7129210044813374,0.6157258431092251,0.7251384386502191,0.3776418027331811,0.5386819190278227,0.635947720835419,0.6992963064638267
454,0.5183372931094261,0.12789100132653372,0.7977046549431251,0.6046444394817934,0.5790725031057027,0.08999581721833609,0.22310038579171537,0.8385411793678387,0.2676968545634398,0.6706447239659075
455,0.5354706330501208,0.9822478195760017,0.23912945761441842,0.3021064193987596,0.2419351239155032,0.13867419201925862,0.44768257790046345,0.19517158114136124,0.6230919228998713,0.6177603397049967
456,0.7083049269542047,0.6766525118793714,0.4670797337463425,0.10000466699040794,0.6932656325602359,0.15867660394895802,0.7195555452787696,0.5383204697263814,0.2726288134444846,0.29765268489154595
457,0.345693068199667,0.8506632254182466,0.37023825919258246,0.8277242463339292,0.256508795348125,0.33161813964785475,0.2984851194634371,0.6694210301805558,0.6047011430762432,0.11542903602530608
458,0.5680884691969682,0.7520776030863056,0.318868969773342,0.48358050815829523,0.3489211443592646,0.14238909166076585,0.2276961087722436,0.635217729648509,0.7111364132753046,0.5989941823925218
459,0.5003672757548763,0.6981634141409303,0.4099967211942751,0.6727646988123355,0.5412664348020544,0.02989861070055724,0.18144745604419626,0.10609917933167883,0.559083747008392,0.7325633745292899
460,0.5644730768388466,0.3843793367777036,0.8309844400810006,0.8608816874512514,0.7999826335986279,0.049377822725390395,0.6346978546215829,0.27706489393405775,0.06029796298120366,0.810837029714813
461,0.3480122858771086,0.324134936436353,0.5275190441901348,0.0177112915150745,0.30270086369182336,0.12078791582811606,0.23180215531813125,0.5519251017539635,0.16353085428177255,0.7265186784220258
462,0.20533761924773586,0.7168860530500981,0.3531309385724395,0.8597617488151668,0.5254440034730227,0.16936934426119007,0.6002095836637689,0.20832646836703722,0.6090454418264653,0.6586470897826802
463,0.11412983269847231,0.7166403824437818,0.15974970312857936,0.7521221897654801,0.5270564152856855,0.9999999999999999,0.4383690986761833,0.3333586378396811,0.03597756353779319,0.8243888783379083
464,0.294426118740148,0.950594694319483,0.17975433016515516,0.9472384836411081,0.6240290942620936,0.9999999999999999,0.35671944494202973,0.41477719047902706,0.6180048312987949,0.7617656552091262
465,0.41870703064711484,0.568537222223189,0.40073302493168206,0.23367911820913492,0.7259014888866386,0.8485046884595631,0.3146273117999954,0.013057138290656703,0.689237355184469,0.9449041003613274
466,0.4499294221704903,0.2944060185064761,0.38260100612394865,0.3225515543017574,0.4187186866063487,0.7595060551510016,0.5369692973107119,0.5101873751300406,0.7178010960034689,0.005985810775813838
467,0.8707511288022034,0.4893794959497365,0.4589966147542641,0.6617640846681393,0.6925969468568091,0.23005801441756227,0.3597529258016879,0.9948439686462095,0.49909834135951575,0.14661715987938873
468,0.7139185702163776,0.6136064274157521,0.07702851095291371,0.9262000392239333,0.754198174724822,0.09523986081608057,0.4979881634848396,0.40796414682127025,0.585447842936031,0.5797289523361446
469,0.32372579473402063,0.4265593007108961,0.48368289053657454,0.9931072065061926,0.8419439817079227,0.4932261084698179,0.572970877329481,0.2739053593971114,0.5418260386241502,0.4010244908693789
470,0.5708502872153483,0.7910856153901045,0.6924483460907526,0.41691029696417725,0.5939634185813801,0.9784648947928073,0.6119503868809568,0.25258814854535355,0.22233363894106722,0.34046656280677945
471,0.42844202732133657,0.5844960010703417,0.8034341024543193,0.5394587258751672,0.5273303935510729,0.29564166666954106,0.6713010580824195,0.5149420272735286,0.6436789499510387,0.745897001787095
472,0.4515949845562533,0.00912438654452502,0.1474749752356496,0.17061029268375813,0.4050802902168382,0.28226108643911857,0.5293004286147334,0.4557385806716635,0.7663024867171437,0.5356112143078587
473,0.5402129525085931,0.5697176908960923,0.35132477943490803,0.6942756729812969,0.21467015397607841,0.1221040943234036,0.3051492391048393,0.861984017875853,0.6331126698866028,0.5264611760425298
474,0.6220681031290238,0.6335031097569235,0.3414701388894372,0.8377367576083502,0.44311405530833736,0.17774800350355094,0.5848390026938071,0.6390950741733752,0.406619311881051,0.049776374440491544
475,0.4412378186070948,0.9152556384443468,0.5279575436952675,0.798997817290238,0.5186069882406428,0.35260240529171855,0.6199845774974526,0.3983420433577496,0.6427159309984554,0.46126588479422637
476,0.7059675215431873,0.4135467843852305,0.2732987446866807,0.34598304636889143,0.47569903316717155,0.05644412709964852,0.46540546934127053,0.3854281537989611,0.7486638186976886,0.6080007170445245
477,0.2897934078309457,0.5743470238688059,0.8145160527673975,0.9636883205216511,0.6124927143086876,0.787892145364338,0.4457835149422395,0.5469795366656123,0.7237017249712665,0.2800412437948877
478,0.5064429234596143,0.5041605632076909,0.5088978734603747,0.12038275453052116,0.21560120745213746,0.05799772713581959,0.9556109797718222,0.252961073935183,0.6972250808849887,0.23893655478568898
479,0.9953591508014172,0.5315213437149792,0.4778148589938924,0.4941782245815389,0.4616790517470015,0.5983225473899637,0.26031947420959417,0.4225516332418282,0.19972086038985198,0.5505881548658966
480,0.5473361500923182,0.06701226090989935,0.797815449414864,0.5548332565833707,0.8827204258470025,0.04726068901471394,0.5899956266009596,0.2846542399788409,0.5777934231558273,0.9119589531900708
481,0.7756565332319065,0.8972719867632126,0.49778830417085773,0.5367416566578694,0.6894536622704414,0.1596574748706566,0.6919133251762579,0.5152339933267585,0.6248001232660318,0.11631862753284705
482,0.5225143442443809,0.9104050901606631,0.575435999097232,0.7582205164854005,0.6160657272489627,0.8018186943897765,0.43593744981479926,0.5463909276401935,0.6994645833660778,0.30907189927080336
483,0.6148241679960846,0.547930061377372,0.36076043569901217,0.609868689312332,0.5724464020935903,0.9999999999999999,0.46781199126410306,0.8467980071798495,0.6000987327914729,0.058080468380502626
484,0.4945334252153712,0.556428834735241,0.2451883164221321,0.07714570062864776,0.42619337111904854,0.8577929184637114,0.42482944133000705,0.250768707610244,0.7969792891710181,0.32534339939842444
485,0.4730955124358635,0.05726093609540869,0.38695127159722287,0.17991522116552064,0.15759298589397253,0.11570329872461559,0.49894673713119425,0.9047522984435169,0.15488866581176025,0.6948263786220531
486,0.35817922427623666,0.5978378034880752,0.9086428024381578,0.5324648518298303,0.5852989050366774,0.23180697338210346,0.6648748269489695,0.5350493429554474,0.6082157682192906,0.31863187544867383
487,0.5864333814454186,0.4289821084666086,0.6188368300343626,0.6948481703020339,0.02328527527942531,0.5923988843263244,0.46233354423065737,0.7267422221195033,0.5931404003632004,0.39846720757724396
488,0.34458439309605426,0.7089684159854408,0.5519806962642209,0.5143920452490235,0.4339064716672115,0.9999999999999999,1.0,0.6115035236438142,0.6736383385795994,0.9354979515795916
489,0.6308252183080686,0.04682629610756697,0.3186916366017337,0.3556522353654634,0.4961700319658639,0.03462364653914557,0.4153692231602964,0.8290157605055777,0.7951122832413704,0.34704288049708987
490,0.710011827400379,0.7108130908723732,0.670725513224163,0.051138859248763324,0.4103790413138809,0.002548664997909517,0.7530767633719018,0.6630059422116075,0.3333860925952155,0.5395269869813224
491,0.5744016803134881,0.2866761284922055,0.24757710137220404,0.7862235247229712,0.9168822839870552,0.31383716230536385,0.5992675533560907,0.010504968065080972,0.7887320816966625,0.9336279455436088
492,0.4512393546883174,0.6516107637766285,0.2085317603600503,0.49740393403892225,0.8497552680973964,0.024997473144082915,0.5189205434953506,0.38995959715864903,0.6569541779145471,0.5084852291136901
493,0.5908981931491156,0.6270231127812189,0.3965510483443203,0.5390179778441362,0.6966516622964115,0.47116824390363315,0.770281957065545,0.9384140267626312,0.4665834968034364,0.17010360479783437
494,0.44700847897020807,0.22660352084077512,0.8652853531719701,0.4691548325612023,0.31789448728699066,0.6307190883972984,0.20366900164985974,0.451177699232741,0.32948902154465715,0.14303062869286126
495,0.6817598776524891,0.440286477889211,0.8547303133468894,0.2654483506986902,0.8685317344876086,0.23151984162669023,0.5773571610388197,0.8283611000297177,0.5394365358778646,0.8988945955754974
496,0.15970908152026092,0.835600770462765,0.4166273514095379,0.2764814777712902,0.6166032631943075,0.1839545876435368,0.36672347863595217,0.8689633191388676,0.5564136202080134,0.8856337542075923
497,0.44192668746306746,0.6054815129447497,0.37504587071478923,0.06351077901593744,0.31467336530454804,0.9999999999999999,0.4184597720406535,0.33222379207521,0.5669594336021817,0.25098334385832255
498,0.12963340752367153,0.06844697629117409,0.19486057970057483,0.707905595212157,0.5032061579488271,0.5836627313179464,0.4097849577219563,0.8577207347789202,0.38303364871533224,0.6231891564757672
499,0.22316852384309632,0.4427437930900216,0.5153335159095488,0.27197881377800726,0.6822922331720553,0.1734515509384939,0.3210664927240114,0.3771107400781747,0.6179025925969346,0.1664776529666177
500,0.7625715951901941,0.3115621599655758,0.5309958063604038,0.298679578033219,0.3810383834104871,0.48269571333818845,0.19398128203847836,0.024801392437913863,0.4250968793617425,0.23144805448956685
501,0.6741446100467169,0.6415477169709459,0.648029998264333,0.9939383485986331,0.5240606319874901,0.6924176861318201,0.5706419117639472,0.6942945988552254,0.7332648865158344,0.9206631466413895
502,0.3695000435384663,0.6144568389132751,0.6706241923884257,0.38597096215634485,0.5580929464441983,0.2073192524807299,0.4867517914157859,0.8202603436440287,0.827044484792423,0.40173130513295713
503,0.22176429744788334,0.010087085240810383,0.46396277047204937,0.5109131195924637,0.2839427133941419,0.34181639392430496,0.443442365112848,0.45133272193164276,0.34776417207189375,0.2084707755946556
504,0.0,0.6075860888507214,0.6044779495571367,0.38663181125377055,0.4446345252888676,0.6783940892063982,0.6389841929538129,0.1729490522873301,0.5135188149741181,0.5240962864902715
505,0.40270370077986234,0.7347831496070938,0.370114951301572,0.29030548886990903,0.29852550183068793,0.4812575687983684,0.5822940888246926,0.6151191368169918,0.6868317409388607,0.8510014885295384
506,0.9619151255742375,0.7686749630953845,0.600937264200951,0.005834183954366162,0.6649018085849187,0.11708254361196789,0.44967061445331186,0.7381731624326894,0.5545523099510368,0.8329461608508463
507,0.5872980556704979,0.05868114972039371,0.40618449430082637,0.8552607480304769,0.3212352336823103,0.1264135150595126,1.0,0.6546776689498698,0.24518956010515608,0.662001353429549
508,0.3996704384949122,0.3034463800396591,0.5864681752081107,0.47335229964708236,0.5533205812897007,0.46214180541807165,0.6867390444663297,0.35545395235368826,0.6664345237501588,0.8134414847342168
509,0.5929952295283163,0.42110122013334306,0.5713700037556433,0.7202025424760675,0.22798392235910298,0.2563193946607108,0.9500060528514793,0.36799907147701766,0.38705687554250806,0.7795431904611011
510,0.21073540639701077,0.1795178573370141,0.5136127010690841,0.9590788749075336,0.2776403377250435,0.5695104941254562,0.42234066026328737,0.5488876414452999,0.5402259068302757,0.9636561844045897
511,0.44914986544788,0.42056134859458943,0.6489593930802685,0.002813395322133816,0.26826988917175126,0.43191504319926777,0.5449787394586139,0.19294669186681807,0.3132934151245291,0.6558229468695052
512,0.5240156750558558,0.07083901721111086,0.20790837564555018,0.6753311932569821,0.44086611808455056,0.5148184539727634,0.27042751130187254,0.8461647777275961,0.6530976849410042,0.5978788785425468
513,0.4890019973843907,0.11294096955872183,0.30217877607241916,0.11867608602024862,0.5317685236411422,0.3384309316849368,0.4379277904297983,0.10181132904154268,0.4221517967285056,0.9056661193088088
514,0.6544510832755565,0.6686059303229852,0.4504161381952555,0.4581566880024571,0.5674314005938302,0.6947419243110435,0.39115696543666895,0.4862981870780887,0.6732033391454246,0.361509813561826
515,0.5702723375490405,0.2623465570414606,0.2316186394760781,0.8471527493832941,0.15407940469607206,0.294999203826349,1.0,0.8594361933946411,0.46131797191290885,0.4928567966541297
516,0.6313423312512413,0.7113314305098486,0.424902617684212,0.07150952222821,0.4642583809668749,0.01964591547467312,0.3711338541608325,0.5291950913686365,0.4107167288145505,0.8591303844971392
517,0.3753692901007079,0.0478102395104055,0.43091416240562885,0.9900499227991173,0.35169678470977106,0.1585127953247085,0.45572316542701724,0.760880945138527,0.5804571354834756,0.9789717843124119
518,0.6746409018567018,0.5625784469321962,0.7450315690483971,0.581084036614682,0.6002024490687796,0.8285024022457597,0.23068296966104634,0.23916135376579545,0.2980323737872032,0.4212346205690537
519,0.8125841747246597,0.39126625687513666,0.5273630465082491,0.3951560927702382,0.4451096823411825,0.07037590681022295,0.5973852332027263,0.44523361218890145,0.8437676830219525,0.5897723475565624
520,0.3222053874323322,0.7969258544381583,0.6927653517262052,0.019500000831293995,0.481242906501426,0.5701860263418403,0.3328013868541784,0.7129596730425161,0.5374046823437715,0.8377169197426162
521,0.33776224801162125,0.7839016483712035,0.5570421686749656,0.5870740436005292,0.35278445876410713,0.20545336651986398,0.6683904058266794,0.8883466638738166,0.39456331369435277,0.5187266950401085
522,0.7572740402475201,0.3753718729929787,0.400881451837262,0.49509909733104107,0.8304715324641969,0.08379623242682242,0.1689345143185525,0.6428984902513163,0.42627458755128195,0.4045015975260521
523,0.46914536715068417,0.6226096624620868,0.5257187332064007,0.21539690059365776,0.24859869213090957,0.05636277381396854,0.4764644987203444,0.24235244577404086,0.5054794518186934,0.06480749260441443
524,0.7701108309075855,0.22731114377946282,0.6368160240893761,0.49065412107946826,0.4195584068456629,0.672200971429522,0.15832950924921013,0.14581442204532874,0.6913274028824226,0.2120084827062993
525,0.4217521406724745,0.5802882053278958,0.7233453851949597,0.012775904706363861,0.5176902821837,0.6452144180858627,0.40839913377216225,0.8415250546869265,0.33220133400660173,0.3313896276362396
526,0.7797754779465905,0.08097759608170862,0.4761058542182651,0.9999185940746087,0.4482578774829225,0.2708451346615168,0.44591088095410164,0.5538293994079206,0.43207975251351266,0.4016104317269822
527,0.5300548018830942,0.43443644299430634,0.19352739561578622,0.33224812118254254,0.34911184866766287,0.3125347816704612,0.3883759330993896,0.18341872921538138,0.4927350004092303,0.7761994202391166
528,0.553967850800956,0.18247482876008203,0.18041830889476843,0.4804240270804764,0.14644901168498725,0.3811927982158334,0.40660873590894747,0.48542466112244065,0.49909834135951575,0.1667607725430323
529,0.8004677640445665,0.8833648090506322,0.439906555403066,0.7851202856647344,0.3631212039651172,0.5759285788581516,0.6781000093637717,0.1258309391969885,0.6919574300978653,0.07233623953970247
530,0.4369904015855541,0.4447364520576178,0.06477243950996789,0.7130873075231604,0.3113067303753472,0.2030121712853705,0.9001233173570893,0.10466583427612088,0.8042402870371381,0.5877560540373326
531,0.3276820935844446,0.590658616753803,0.8355604594097353,0.8889489461873541,0.821685467826361,0.4031857883767159,0.561512698674322,0.9200144631565591,0.5080370311262912,0.008041289807107332
532,0.42061472309838704,0.3601889681651376,0.6121066244491112,0.9417399397777271,0.9349315274167371,0.04844048620670333,0.3402155012269427,0.5444144086676443,0.7743344191533681,0.9308658530742429
533,0.5905903480287622,0.28852396335774866,0.38223192631866965,0.18924569311044706,0.48705332842565835,0.26189146407088804,0.5107289117986857,0.24850266794241382,0.7428970614161259,0.25597282276941224
534,0.20982963781938258,0.2026737453823488,0.2938365648955741,0.39056036486278,0.22515974614136186,0.12472869314906086,0.43353804161541737,0.8812785140449244,0.6345111369678715,0.8336430437519001
535,0.6255207880705834,0.9118648255096345,0.6925209527681436,0.6871140014954417,0.6396355962386102,0.09428167363263344,0.6630112896952607,0.9989743960075576,0.6497545037415087,0.37949372672011594
536,0.4035950303861387,0.7994210868391275,0.29309252863162816,0.04502575933610331,0.3071109760878339,0.4782068519542918,0.5520201881462041,0.884215702924067,0.3891844578169413,0.9988567767400057
537,0.7218087629356321,0.13299159604856747,0.310886160616504,0.7172557886817988,0.3906532196442606,0.1056278885521319,0.20778021642762695,0.7475138883235944,0.8494805163001427,0.5012420928347537
538,0.0535133955985881,0.7466623799570856,0.3579354603319196,0.004866440298027408,0.3752412319594774,0.2367696251385792,0.7014903554797387,0.9621325147980749,0.45556811331171815,0.9628657488924036
539,0.3568427783583966,0.41835751089309725,0.522057934936025,0.9144901372655363,0.40006642863011516,0.5052375340521068,0.6773014819576073,0.19694291025565286,0.6084724474040415,0.468848142936496
540,0.18705503122327205,0.015087325768525535,0.6165571976115215,0.7184808961084095,0.4282652866623139,0.16449718092110124,0.7747596744608407,0.8777029649304557,0.6306994841481801,0.7142367301920257
541,0.3493592901926877,0.5282311255052372,0.7232094124489622,0.5657403189073598,0.24281086279465858,0.08086072034316676,0.4036150610923522,0.3584027513667093,0.24161456787375318,0.06357955480494198
542,0.5519749071068307,0.12977580669756342,0.6956638168875587,0.429079219511872,0.3610893075618295,0.03746839350168019,0.554439639236765,0.031683453648340784,0.4924334638516276,0.4449360464164895
543,0.4714315923253644,0.20969064291020745,0.5009254112314838,0.9884604749123307,0.6941627410190072,0.6544038532213036,0.2802976507726362,0.03182358555244043,0.5407779527402223,0.2707431752441602
544,0.45744127295466,0.6959613586039984,0.6911041218127479,0.7368316257786159,0.4903869948309532,0.4835434166807362,0.4894503248334085,0.18738365990265338,0.48060025946230184,0.793168402196851
545,0.4752129405720083,0.25691430018324024,0.37564254598325086,0.8076454424900016,0.5211169194699145,0.29428557015751533,0.5721551311790833,0.779432715482813,0.49468721293697476,0.5324099650950587
546,0.5436208851348344,0.8918747000315598,0.16119735691723738,0.8257458060304727,0.06510039536899953,0.03515724988627862,0.3815444243900709,0.8966937744693507,0.785719861256635,0.63998944908144
547,0.3149628672288761,0.6570770360637314,0.37561802967540703,0.021865757639893846,0.6802049229337286,0.06813474796083065,0.5620722894883234,0.12747168006521536,0.3450018515902294,0.2537741668765182
548,0.6386107186882269,0.8322498657275843,0.35041696384100607,0.054690317148623935,0.36427965099163245,0.03519403063484284,0.5299041125865684,0.8453704036894895,0.26110364741362474,0.11677771316092361
549,0.6302744301355496,0.6150826470953948,0.3829182190350061,0.19843707826382992,0.7142838675220176,0.016959398779711917,0.4159045237873888,0.7554002746434464,0.3907198692933696,0.6805482669462537
550,0.5778933725130586,0.8688283133787312,0.3218618145096349,0.65550005507903,0.526718756328028,0.5837313480457726,0.7567589721974384,0.05168297783740168,0.6435323212175237,0.44223924196098646
551,0.6102500327756198,0.36149222257430685,0.4147861443344535,0.6242172570636727,0.38816141830654755,0.07980732442552319,0.4556477079405285,0.7313013304863407,0.662042024051275,0.41699690839469017
552,0.5611731372656614,0.5490113932608599,0.61641168896016,0.32529403415304803,0.17234773682500926,0.03872436316973293,0.5234181873720996,0.03782887604112885,0.6172697562036507,0.9639431994477025
553,0.8892113496187339,0.5157499944493861,0.8206692660818401,0.9734275505312506,0.9175521023865985,0.6332619658726617,0.2282413044880786,0.26218218666789495,0.6753660915320183,0.11820691732705235
554,0.48881454661581875,0.9037812235195274,0.179011344568036,0.09313026647139924,0.6522476599228897,0.11287728801866327,0.5947038189447356,0.5306874888383785,0.5507830725008507,0.6438177611672764
555,0.4473084391499667,0.16465654395507753,0.260624091322478,0.7770585299061417,0.6638198513070097,0.8385498206339971,0.41091207786502054,0.9092893283481064,0.40372914081647987,0.06019323717421682
556,0.36307621078869295,0.577941340503792,0.3531797594410403,0.4810793002986352,0.8486885018867926,0.42908689881560846,0.6755246899768426,0.10484609335378374,0.32258095621515454,0.6849025605718424
557,0.31048628073476425,0.754371298875547,0.6435887183689474,0.4190078117469488,0.5402223336788852,0.12061771500298746,0.2569806781790504,0.34796167972141173,0.2623648701585101,0.5596191509432911
558,0.2704480400804165,0.3698601314117854,0.46255929203585633,0.0255575167050536,0.7584687239575055,0.015881588529583723,0.5783754010214228,0.5767256175567091,0.45898316065453054,0.7268961254977877
559,0.3375543944124104,0.8675598189836641,0.36573782995214665,0.7281155223915063,0.4043083641635549,0.07941740720194888,0.0962854639460578,0.7401229116576284,0.6519097795833713,0.7508124575048162
560,0.4919113940052387,0.3728261386844183,0.634448772779639,0.7719115489673791,0.639545541797366,0.13991495495676995,0.6125420987204631,0.9154231206584057,0.5471490282735378,0.13199114637885612
561,0.5683195481974019,0.17305272810841812,0.6791438313687522,0.3190851184410448,0.375,0.09532877606818002,0.4666521557937782,0.46858682229658055,0.5065004071044135,0.2746516238203879
562,0.5148960623664142,0.5839309536129607,0.49728246517546515,0.5171816675775788,0.3994178411852668,0.03526947663208284,0.5725920923500676,0.8408842646658136,0.3016416781547027,0.2523498779080109
563,0.36081067633932246,0.4203954314865882,0.34855970637995126,0.6067021226353684,0.5156403647421006,0.11480650488570757,0.3881672373856527,0.6168572092503848,0.9921480306992094,0.6080066321871067
564,0.6750878987801513,0.01488070577653477,0.5511871065457746,0.3677952837119862,0.25172844291128094,0.10189478912982862,0.32374659668775846,0.203614096609119,0.34532102008811644,0.25831484922209474
565,0.6447545003786311,0.06954763816873186,0.45727758982663935,0.6158462141922901,0.5605974114087371,0.11335109759836272,0.41873374242420686,0.5793981655875663,0.5250548079116937,0.5158531638148934
566,0.4751255024636178,0.19502856304880026,0.4558331737052673,0.43430771307831495,0.43653662706155977,0.31782643578968656,0.5343346476631781,0.31345092964023524,0.6926933059827902,0.4420990517390433
567,0.3820589243089669,0.7692750926952241,0.40522065811217467,0.8784549310364085,0.11242960387452283,0.9008586908797436,0.605291166147939,0.7035356914364468,0.5101830539524843,0.5856310290689504
568,0.6087207354397042,0.892026065294014,0.6732865560114811,0.7188248313560367,0.4083535783785224,0.18168701887287497,0.5549691671581136,0.28415467529810357,0.34883938954081456,0.3513213086671406
569,0.5407125482997664,0.5455105091939267,0.5473827162999868,0.11053161658056251,0.4301348662572423,0.027521689102092028,0.3260600905517243,0.2624434864882875,0.6557695444404743,0.9249506866733159
570,0.23202364575917894,0.10528656647611512,0.6939349235677046,0.7999521277326541,0.6618395566125835,0.5234517597778958,0.8379835813118459,0.9454177540432444,0.2476534172017391,0.9650128125735639
571,0.4924208362139218,0.5342847998759107,0.7500002555584728,0.3376417938877032,0.5520428494901387,0.3111373081550091,0.5603146245332093,0.9087294646920284,0.8330936920914442,0.35083934030114344
572,0.5546861287616136,0.8555797128861033,0.5863790774075263,0.9359799738783867,0.7768582922636043,0.061661322439526815,0.38407065616736985,0.4514705192776606,0.5557595969229252,0.9142589746171628
573,0.3354983297960456,0.7494160618780268,0.4063252917425212,0.6036298651504539,0.5974811422056622,0.34318919829477645,0.5771803497413499,0.7654019768863883,0.45399841687057113,0.793025712090273
574,0.5410653310533249,0.29088188737706067,0.6947975317155969,0.0275714110599862,0.3897267003143444,0.3932022098445968,0.5461389936107632,0.9821414562051639,0.23305792212467974,0.22606845629933336
575,0.23076043394581686,0.12361789822750116,0.58762560253738,0.7346816079593874,0.48558953307195313,0.04860593375017439,0.4665542534383967,0.08810827099321185,0.2832891431339393,0.5627860119977368
576,0.7573498424166711,0.900671165872756,0.9862981263982676,0.13077531971472253,0.42955587420012153,0.13110080876797997,0.4448820671440346,0.6059935228299657,0.49224434836147185,0.3775859930370418
577,0.7407020241964221,0.8540624870105327,0.5586139864451084,0.8776521890306337,0.5912650238498828,0.22362644906367035,0.6806283993284497,0.25309063335820364,0.8617234182921338,0.8009289525042584
578,0.4576035764514224,0.05341896901996088,0.630896967187228,0.9487477358559886,0.5084490468864,0.15016543969450846,0.8177180620941724,0.7999725811980549,0.5464014711951732,0.8939136454475387
579,0.5738211188050962,0.8236379649926937,0.5549439372349455,0.6955567483960062,0.37529731175999903,0.039733207354191065,0.1232342035948723,0.10090254080469145,0.5680750281849329,0.6223928366603794
580,0.05055845493942486,0.09693092255913754,0.4822996522012035,0.5330988997156674,0.4985413833297792,0.6907423256754308,0.7259569486520976,0.7887605317311952,0.5754931828121503,0.6301131305334549
581,0.28707472920299776,0.06299046669268231,0.4525175953499071,0.6023209907867533,0.5860826864363047,0.056554268025288346,0.502582996422106,0.2001671558804627,0.9512595567469764,0.7212395975812536
582,0.4498186078921876,0.7585424091241972,0.5556563422767018,0.42903339731659174,0.3022085555505095,0.027781023510194288,0.542578472834768,0.4557475074475683,0.41828600742338834,0.49504361972621685
583,0.30296380137733114,0.5361771080223275,0.5979781769824338,0.08360202091586369,0.5581959240608663,0.2670142290032888,0.7483028589898078,0.8137875293217124,0.7995470967536578,0.47062905828262264
584,0.6400346078673017,0.4143734137154573,0.7160695471651587,0.9292519540622759,0.19151762585092935,0.9999999999999999,0.00905589913930499,0.06693252703826226,0.426419261715909,0.5631801639487457
585,0.8820838731510896,0.9038527355456814,0.5583804321952826,0.32931886656132403,0.7107253471451714,0.44236645366419275,0.649245896209387,0.9282127771196368,0.36846920405618516,0.818355769118283
586,0.28325087185160014,0.839272322255929,0.41445425691146054,0.3129725820149073,0.5988489072914109,0.1887116550407538,0.7355445782623442,0.2169173524478264,0.48701656857037984,0.6474143933892438
587,0.3472397436421512,0.5041605632076909,0.43982423870300025,0.1913936265783829,0.8120254141162317,0.18751889789765575,0.3718461815818695,0.5004860553015142,0.4860794545874511,0.14393054057721205
588,0.5496697822127119,0.6159806536931145,0.25405900923336233,0.9928459736570088,0.2808977369110488,0.3167032019403334,0.24170165194723287,0.7344830649033035,0.6089117699659623,0.1403552034200754
589,0.8092218618608056,0.7722135278102646,0.8105904283068949,0.9429792105745638,0.7161181710530475,0.6441815632849455,0.8014957962272333,0.12300350109475537,0.06063260812856236,0.415864406321602
590,0.2746172484384899,0.5503618517938966,0.3998545424391948,0.3495740242393558,0.6778831016141612,0.9999999999999999,0.1748265811497151,0.6085756279057685,0.5302312639209936,0.6590751905135823
591,0.552233431560656,0.983022750547663,0.6812046454744476,0.26010585697755984,0.46162919068901775,0.041983946779916216,0.5761525302893165,0.5153352953288484,0.3883915041410741,0.39107297748626146
592,0.848877771722996,0.6859645289048468,0.5523566754744695,0.8057211289796484,0.42402476331989036,0.05705681768803301,0.6876836887626419,0.5856489442817585,0.3646050614091771,0.38170858807398433
593,0.19360370093490264,0.10386363656356526,0.5574258113120149,0.4227854006324012,0.286981095329089,0.1937428733238788,0.5720838473922678,0.6623611506560554,0.25597032193533437,0.8954482699452229
594,0.2635430762428394,0.19805041441247606,0.4788775889535237,0.9682144380732762,0.23656166667604805,0.27298645211318956,0.6030884222097537,0.4203325856825558,0.43283584062012675,0.8682207973321376
595,0.4253235615862551,0.8262099641581202,0.3538599784392459,0.9016124635674878,0.3515686953539353,0.4733598516229277,0.45000584899565116,0.298392496055273,0.4039964118132005,0.4756324041060711
596,0.40702566299458415,0.9967785658172049,0.32015338831562956,0.759781797657284,0.2539766985810121,0.2227343708580253,0.5842842344957786,0.18340012711945614,0.42109001812457775,0.7182709636338469
597,0.6585632539315367,0.09805793189866704,0.8231325552238146,0.08994644908330607,0.8055338917439812,0.3463399088557947,0.3681832333036366,0.939116256402284,0.19083986203377007,0.45206414239768883
598,0.5508416997536308,0.10004865453960476,0.5220343738588319,0.7024317962112534,0.20634017622849343,0.6564066516692135,0.3920822709005744,0.40106749843964606,0.5207873660327451,0.6031179279766278
599,0.17035857420490386,0.763330181511921,0.7106387625009298,0.9876897384899381,0.5256782485426131,0.5868390753531567,0.5054644138834745,0.2818365907131652,0.3517480375042314,0.27446794171496314
600,0.602491204177363,0.06406147636501977,0.75906036650428,0.3734451742339647,0.5811550252623902,0.49209575250775534,0.2147827284127119,0.052005753989382245,0.19151839750933902,0.4975070992107393
601,0.3962806166204918,0.06826873023752948,0.42415991413706866,0.8819556898391703,0.5660278808651606,0.028458067995825342,0.6053777858751259,0.7511314170432908,0.39800162665735367,0.6425208356698923
602,0.7457013501520625,0.8888019444540509,0.5797631403655232,0.4083105276203923,0.5830087312913199,0.6431755734319315,0.04117437360995374,0.5275216083086,0.35508279187337527,0.44174635692580533
603,0.38683776192862,0.8004054488536079,0.5091754357848731,0.9717520168900351,0.67993734719412,0.19291040208880378,0.5658503060957965,0.19051560388278943,0.5099561751423121,0.7593760534266081
604,0.3851344652059217,0.881546213230669,0.2849656693901603,0.6538730817536109,0.4106243597566007,0.029070656726939897,0.5832050589936222,0.8933936393952332,0.3954657058585434,0.2672781191436972
605,0.607344114959028,0.6504184331648483,0.46618989177721826,0.09652567001541817,0.5138124916361212,0.0516246423576029,0.35230546176364225,0.9338273582967477,0.2267585479202076,0.012815461897896285
606,0.649190933639029,0.3223307564426379,0.6103485959989638,0.47924707611395334,0.44009504795542165,0.12610950262143764,0.2712214984371119,0.8806876421964581,0.3333723210874657,0.9142515265549456
607,0.5897913936576104,0.9063045571451616,0.407714285905848,0.04973240356950273,0.7488216486219386,0.14777928624281145,0.4235926261048653,0.5607691737368188,0.17411323744111545,0.36099623020910176
608,0.18721933450918676,0.29850982231346407,0.4401992445725016,0.39523839541956407,0.9030489271281258,0.30343577378831854,0.6169352276603661,0.3729527280640031,0.7181715135719293,0.25204534820348545
609,0.606759760834042,0.27528930220836173,0.468448937192143,0.9157834704047534,0.26593859842521983,0.9999999999999999,0.5626920972504503,0.16141774194440622,0.7487075223246427,0.476028065000021
610,0.31010037148768405,0.8863850651839636,0.8945723499166599,0.23228986800954285,0.10400774460788664,0.08306524070456983,0.29381212546969177,0.37691892916723363,0.7717050800218219,0.24932494681939615
611,0.5496372819310407,0.680737853274192,0.15873879796002824,0.9509862366660446,0.6069633234500179,0.42507421502850024,0.5184053749635675,0.6120029078663706,0.3900822384919475,0.7332316970899522
612,0.23662592567952895,0.8956598600090341,0.5943354576813258,0.09994980772021633,0.7039170090926836,0.4601214593016239,0.5472404525546699,0.22612849883150393,0.7485646713191434,0.3067553532724253
613,0.5894560799885206,0.15563938221704174,0.45353445823097627,0.665098423782809,0.8754103886093669,0.7477698950660138,0.5394195049570525,0.4636961673669361,0.579462051324003,0.9916966263699531
614,0.35306305739565547,0.9523036846480356,0.38130170438614064,0.9661109760024291,0.6396058559426863,0.161265852060483,0.3168656545774852,0.5728990886897732,0.3459485928082853,0.27618501444690335
615,0.2632477185266049,0.6126344394421696,0.4489584811986832,0.6544355427759448,0.7668597697913239,0.3313264679226544,0.5276350748852636,0.7313462979792409,0.3827355131522398,0.3618371359440432
616,0.6399258666119404,0.6679459889092709,0.6252439464139433,0.8993986687988302,0.8179786567836465,0.08430584086673897,0.6682426621816289,0.09083608566924285,0.46946821674703726,0.538355990652695
617,0.5508388322663194,0.9140545619844592,0.6359016839653032,0.9914675650460911,0.7802056275835801,0.12310414783188631,0.5979827548762764,0.8669984688105195,0.5216046356772881,0.0032713854070653414
618,0.38940574719155036,0.38056695804777774,0.5354725192695428,0.6421197366488072,0.6673181963479622,0.09200563965543196,0.5748295858560517,0.45580259302016257,0.5710852570616602,0.004075151755419559
619,0.7790459289133643,0.7195033349203644,0.7045727218110147,0.7826048071382591,0.24886366032061788,0.43289854680450646,0.8020039023613235,0.5817431622346037,0.5018015791881847,0.2337289140804793
620,0.42210746768297064,0.6402422187096938,0.737413070310463,0.031980673593004966,0.49526040855736997,0.758233148164946,0.5298655555691032,0.9403678837366193,0.4359293174131867,0.08160865224958136
621,0.5113047780650561,0.7877040699657062,0.6530317558673079,0.42748789331061965,0.5549134375227442,0.2702469390387716,0.34356157686527095,0.16751478184731228,0.7590099410120654,0.7600573331237053
622,0.5559837564663861,0.8969309960134031,0.3989185505855116,0.2883788423778534,0.47757192440959007,0.05929399861984516,0.34414597479734416,0.8844998930751502,0.4805246505843707,0.8718149112928884
623,0.3883323585040975,0.6799758591148389,0.5929923619965582,0.8245455973883667,0.4895070912858311,0.49678076683220074,0.5313852229845024,0.8043909109732755,0.4696492025102798,0.413210044082291
624,0.5941378521827871,0.06734785797415711,0.5938799157396454,0.677870767851091,0.8000222969373488,0.47640774759998145,0.2336586176805288,0.994114285544108,0.46086402937417953,0.5164915102281007
625,0.4045985792534949,0.1828876323513655,0.3486693272675484,0.6146778926849304,0.35048601307279414,0.03318887715979675,0.44152497543372776,0.3927284367249615,0.48063524723908385,0.6127233367934446
626,0.4275816598787692,0.9539856366387889,0.20808744462602188,0.9319683933071363,0.6514362503470729,0.8983576013147547,0.5845523261351122,0.1263557463033978,0.24330899770744313,0.09482530543061413
627,0.7623414908524178,0.9686628798394324,0.12354207469459919,0.08888947757181281,0.5580862244052177,0.19252638297425448,0.7149985472497564,0.013609659010068567,0.31157340244874615,0.46978651925728193
628,0.3089158789837457,0.9674253026029668,0.5138088693054104,0.9542612381413458,0.33100776127372744,0.010734206770487423,0.21401332613965424,0.7925484826154271,0.9668273549088284,0.9593776223501268
629,0.05001915713477405,0.03649729491510081,0.5563642559127175,0.10079185781377212,0.2886338449889107,0.4835458320206219,0.5171869403554528,0.13611133347711984,0.18859583210210545,0.2078350169654113
630,0.8091880603420195,0.3822627234525031,0.28038388399802994,0.34715808931708325,0.1677972703680809,0.06704879190204695,0.48631518848687644,0.3056402337730741,0.553772845292223,0.08400259363753626
631,0.9862375835439019,0.7596145777147868,0.6958616951383374,0.6305446378829451,0.5908016059915665,0.9145196583643572,0.5058260499854095,0.9873974806374278,0.5672134655436012,0.2805281379915574
632,0.4287833322251347,0.7528253867168312,0.5291691546509856,0.34161419468556375,0.4846445537721919,0.061584086997684036,0.525026556831373,0.44181381191769353,0.6945373527873351,0.5479001804606671
633,0.13981686339872612,0.08562337456621134,0.7524482862332071,0.6828313166916277,0.33715003295879287,0.2853426344176411,0.4930627080637257,0.2307839346040088,0.5718216220212518,0.8684875015271372
634,0.4466668062004943,0.6093800718102401,0.5698844802483345,0.7757564270281283,0.13398812666946736,0.5054436143747781,0.7557879746630072,0.7531599037320306,0.8613661096551679,0.35476781071378893
635,0.45124421939253717,0.14260331314430644,0.30191444564839753,0.8288680827868413,0.5805758608078817,0.024782589816868386,0.728440719600117,0.271158821718216,0.5476686628062497,0.344769309155089
636,0.4694133110308036,0.49306127171534747,0.5862486132703018,0.17940703473639766,0.46327424105239523,0.8935484573898764,0.8943729097502029,0.5308000392338086,0.7582051830516163,0.34302711797714475
637,0.29518007152656534,0.2394520721409331,0.625753909892947,0.18214128848075214,0.3588301150107787,0.5816688553479513,0.49695499682173055,0.15686095613523082,0.699713985823474,0.8409147869170294
638,0.6145947498935618,0.05286458856192509,0.39865165004843794,0.05231886853937995,0.31040631084761,0.02042141510949798,0.42312769887946283,0.46056428274605643,0.7950868832740856,0.46927836777346477
639,0.6042075619601802,0.07973190736638687,0.23183691229687245,0.4910586125688454,0.45073090155793877,0.9475849176889645,0.32033992855770205,0.10811419360743217,0.5068595678973506,0.33133809112680723
640,0.22329214469576586,0.9108858622710836,0.5194859068165951,0.1375777004332068,0.5877879055251997,0.10626631044813134,0.4030620124217807,0.7730343049898624,0.5777324741263155,0.17689996421181425
641,0.6371668173859629,0.7445827662067509,0.314127853551304,0.31872444703792824,0.433050146054977,0.5946157776277583,0.6307542056551314,0.3648065653352439,0.4320051315583548,0.12554775880640934
642,0.892534207093576,0.931823958811701,0.709821895642489,0.8408020648279301,0.26698454282405826,0.8650165842022686,0.6591608896248811,0.31844033817781797,0.5324908031856319,0.9741412637083209
643,0.5376912711354922,0.4698340343291815,0.42484440007789825,0.9490765223425617,0.4856348734514346,0.2952922536008813,0.6235477492231045,0.9938725633044626,0.5429840739636271,0.48639521601040897
644,0.4416025852353977,0.4131174648217576,0.8224118830217454,0.8224352394311361,0.6991150991122856,0.01959224094567129,0.3763020246815913,0.8296798655185958,0.10747683000423619,0.07214666000335707
645,0.4784546642375926,0.35821373389470806,0.10463456814486707,0.000629433346999636,0.5046666645508163,0.7177700658744741,0.37729706795634105,0.5537186924369919,0.47494669694245434,0.9063610638805342
646,0.621329568942664,0.6162005820076754,0.5259199241426447,0.5682665504969977,0.5101127902874775,0.9999999999999999,0.8599010261798785,0.9442659367160663,0.6711981815623218,0.9540847173482412
647,0.17871500999908174,0.3513635171061009,0.7673567606505022,0.16671762300838075,0.4338845961836328,0.17666276417993207,0.3453912351824728,0.21096375458009037,0.24563321627050455,0.2371308075742644
648,0.5362630825155809,0.746210585212096,0.33474315258894394,0.37590068262195353,0.32479267159945946,0.15213119447305318,0.7602745684590531,0.5732919122826159,0.31475665664569413,0.31602956224804746
649,0.43157670327698777,0.8012732555483265,0.4710908209271979,0.4280967391623345,0.3183643895113063,0.06438166833249459,0.5735557247323724,0.9291008477238242,0.7216897975617618,0.9604920193859293
650,0.85388255605278,0.8758256766910647,0.42561667262175573,0.9433557043902354,0.17543010095352424,0.5126376474130335,0.3637308434209137,0.5695104906406545,0.7573072276690151,0.015700219307520524
651,0.47238512784143377,0.24256835297583176,0.3732613630779763,0.634011300532242,0.7253589811512045,0.3024124018651232,0.28035136562005875,0.30761921764537414,0.38420788866446115,0.32427341925301467
652,0.8199331334336756,0.5268854003747726,0.5464021990377625,0.2677590504489238,0.5863290179581913,0.04307708361307554,0.37179033381693266,0.8116213172604092,0.5351944211879507,0.43006937319967703
653,0.2970002698845086,0.22320550645095508,0.25919050337419813,0.6430715793320692,0.5128330139223447,0.09254061195263333,0.5759646614193092,0.13832674424167168,0.4873126265733509,0.770378681519138
654,0.6160471632246359,0.037253973238004744,0.4800859123942347,0.9522845336885752,0.5540515546565824,0.11717484653411082,0.3310664770263642,0.15152571141228294,0.7257417968952431,0.3677149150450749
655,0.5655092816735233,0.7077496787198307,0.5970118466534209,0.059167116656896585,0.5625520265194532,0.0009219723644934727,0.7857164309066722,0.7310364925773478,0.400816279947861,0.33837171128265553
656,0.3412807087252015,0.5488520365435716,0.46066705616623815,0.816344156462992,0.35479661350371616,0.2535885877788727,0.4605525186421205,0.06880213529307481,0.4302060883204614,0.7293875456902851
657,0.5387168592860693,0.7238570887307536,0.3142472920142908,0.2169781819311601,0.4339632489844795,0.03361855381022749,0.6281480033107614,0.0500885977226951,0.7568587124919355,0.8493020214439518
658,0.7340171048145161,0.08733795952242776,0.6929063094121699,0.1531592051482635,0.4051529794159554,0.34412984696893173,0.6132511853721314,0.37875155936400984,0.31152911472270123,0.0932102428806918
659,0.44415599032542513,0.9955476564269709,0.6369709326168439,0.8992615706165952,0.982655441595037,0.13250437099432152,0.7981693684906304,0.3975958933959681,0.40753919407204836,0.1424189229126825
660,0.18601836496826502,0.9943696468525417,0.3066041423152852,0.0018310602396662268,0.6942126053023049,0.08581505534857013,0.41809398865124886,0.46938755491321726,0.5273888710474548,0.6597535096223448
661,0.5019332700060675,0.46484224327270074,0.2594355654903835,0.7414077389803073,0.5293508127031014,0.21035925794929056,0.5184793971159753,0.7406501636739911,0.7916253821001782,0.31430049384543013
662,0.33498357027007675,0.866036495583387,0.32325126621672684,0.08724932748915268,0.7610962818203031,0.019173618519134957,0.24032859716025085,0.5686563478397366,0.27540805525412265,0.6684193702358411
663,0.4406562410197901,0.24333623761979614,0.602472242057301,0.6182606143181761,0.7366671989034701,0.07972347801080339,0.5179380235659587,0.7134484591187986,0.36714423152956605,0.17388772863784308
664,0.4898534587331657,0.7375005737022415,0.5521742903808177,0.6211635567677984,0.22984691817527142,0.046946965187664585,0.7092539869487393,0.04935187070526452,0.61471323296675,0.8040157796519614
665,0.18343550623197397,0.8792080812959465,0.648128180486765,0.8631540827094601,0.45377194065953375,0.6729075164861696,0.5394013509507463,0.3153378317359261,0.6440458444825943,0.3213780755399236
666,0.2004149675438605,0.8146267008553592,0.43995549040650417,0.8229660336154279,0.4937202368462438,0.6100627308399342,0.9256259820116708,0.966475413015296,0.5423321170056423,0.33511497314302496
667,0.5962001560189564,0.8117335368644458,0.3283221187656501,0.6854605916255723,0.6151639349529766,0.13792218190736413,0.5947995528836711,0.4274745595310141,0.4799663700043481,0.1788200666315546
668,0.4066237349474055,0.4628683838794208,0.6721420765974947,0.3807035723999127,0.4535515373284667,0.021973874672671038,0.39919197957256264,0.22206409164215263,0.5267722066846232,0.2113162767863237
669,0.021347572594932626,0.819952179365683,0.39756532585263205,0.16646312335375782,0.4778192245397863,0.4167593912714163,0.5830007643926671,0.9921718182576315,0.2157914938964533,0.598374570912541
670,0.6533261957087019,0.6906234091812001,0.5355715360922095,0.6359563899819958,0.40764042373730475,0.19444784360371964,0.2288886625405196,0.41101647944156294,0.5214090256970139,0.5815832249409497
671,0.5566358701796461,0.13218157646175901,0.21172673280684554,0.49717938950054386,0.6997703714099762,0.11704466741135856,0.3514824245238078,0.4785251819228169,0.7837133395869065,0.8243959513077401
672,0.370557635821013,0.1139084170322195,0.3945138991226508,0.07795890389838234,0.2176965713522988,0.06549552701835348,0.27435029272270467,0.22337048295906714,0.25134037452352437,0.6302609725843001
673,0.2567959217718993,0.7718681440052176,0.6890292349212365,0.955982648686931,0.4142157974990611,0.100633826847711,0.5018784043522886,0.6562148149045905,0.3531876596385018,0.4278135137227078
674,0.6629417264088644,0.625360665333537,0.367198960027342,0.3145450519666664,0.14026080129565932,0.9017259245285655,0.4877383341798857,0.20679231648173385,0.42674225304246743,0.8034194347348252
675,0.5711601212270097,0.5192368876715056,0.6526826133632591,0.002122502372364665,0.29771758208238386,0.31272463348454205,0.7212655054665793,0.6097543491601253,0.43870193122037754,0.01653064701525342
676,0.9547808648634288,0.9072534778263022,0.06605586684125783,0.9020862558618283,0.5582285561376538,0.23606446707463608,0.48062617891930176,0.7573683953286582,0.8519618195232384,0.7017790428851876
677,0.5845253713959311,0.6594984514944732,0.39645695438594963,0.5772973455157864,0.5618991892895201,0.2722458397951404,0.3139266264354171,0.6522569359289091,0.32509800482549817,0.5431628108583487
678,0.5783962258534961,0.3959659240406625,0.46882420569994243,0.7333789768635258,0.4362980381053522,0.02540051354092397,0.7866219071761582,0.08986659269694246,0.2871394278386306,0.2208461268939984
679,0.4737520304418433,0.4137569898203769,0.8257574668725075,0.15271728998513076,0.7142870768210359,0.6252028649031209,0.0,0.0792513455775571,0.6486284683968853,0.6374733606205587
680,0.6593508865218805,0.605134112955073,0.28275586696795973,0.4047727340058589,0.758786493048512,0.17837779419166103,0.5060031573414179,0.8423373215707329,0.37925172962280157,0.9866625624382961
681,0.6231839342143439,0.7602173617920206,0.6259185111432256,0.6453390121142543,0.4834873715368252,0.5241358467369547,0.5390573795685196,0.9045863590369382,0.6517826802360844,0.3464699675809525
682,0.7414142711616785,0.5642292578201339,0.6978943959248363,0.2510610212465967,0.545318335575883,0.15369345058860542,0.49700752085383065,0.13517488539081185,0.4647033330456118,0.6384862871917262
683,0.40688708120474787,0.5086180699184126,0.3662263696991933,0.7018027153009995,0.4093434309640435,0.2084943244012729,0.5911797477461416,0.37513461479253296,0.5893451426701439,0.4393412476440805
684,0.4230970505917752,0.7268315154011092,0.4311204912821124,0.23370324671954348,0.6181349321679669,0.210420863325784,0.5193296292252938,0.6539270777888061,0.20427708784189785,0.39240260703597934
685,0.4148528295359399,0.705188060168912,0.5271942811988112,0.20920487563802562,0.26591408736155575,0.008437003113288667,0.5911000541584785,0.8354621440514169,0.5887061549887886,0.30712047354944894
686,0.654450253015648,0.83031256778751,0.22449047759315297,0.011610754675267426,0.8442410512273305,0.13084219065186098,0.38778773307478326,0.9090154178484641,0.5435177346773188,0.22890385930236995
687,0.787950487152078,0.06225837255994566,0.41590630597369116,0.28201730628453925,0.7173819339827718,0.02559375006681902,0.22968989648615595,0.6985727239792064,0.45362396055230486,0.2355395079293225
688,0.4186758602329425,0.7548924125538975,0.738770581376072,0.24683115828907579,0.264972895173779,0.9999999999999999,0.4903528800394806,0.1469969135360778,0.267946422294611,0.7742415924207267
689,0.4251033566985997,0.5136193260708798,0.5982540151994687,0.7646892707764426,0.34426021324249,0.18937883993106044,0.3094973845885837,0.7682873877543992,0.5433351205003751,0.3237469448787538
690,0.5645049650052458,0.07440380417503427,0.47154766950563143,0.5699529915224841,0.5783587720091107,0.46247219980012294,0.36448257205489015,0.8590218266307764,0.6396945768282829,0.5295499200711844
691,0.45887822347375945,0.6789246771862946,0.5218686319211822,0.17788711801209686,0.4314508672017089,0.40078554129683175,0.7132154464215019,0.3509642905840121,0.4012328558521991,0.2134654127323321
692,0.6848742222983725,0.7164675099414458,0.609117495690016,0.5683698276410946,0.6022181643582086,0.23050748622514136,0.7863783632213797,0.49390625612995875,0.40496849806099205,0.21242009352670388
693,0.08039616715421287,0.5234893748106836,0.6448323224275004,0.22552815197561157,0.4273608027703497,0.5129892485866265,0.7097511684845619,0.1659176132144341,0.6529632437048138,0.5870570978222911
694,0.34926956073668525,0.7937523694410729,0.39701224774885524,0.42567896227254376,0.7918178312811801,0.5593532931098848,0.6755561683187588,0.30414662036426116,0.8270472343362532,0.5827410575263612
695,0.3576256680164088,0.3000349205352941,0.787000040843353,0.8885978055898709,0.49848461664293203,0.3245586959616152,0.5099675528662808,0.8698036930069313,0.6806489567747664,0.5052358697962139
696,0.06745717846044268,0.20166083909845472,0.7462744539913826,0.7195681663070527,0.9650789307857319,0.04829734942153982,0.6862695035477999,0.08833053039832454,0.5457342267174596,0.693171264008192
697,0.32343385491167764,0.3505378032828407,0.6270867829378872,0.6513805796756734,0.6134515916157901,0.16726719554098737,0.5645224473747941,0.762355596759393,0.4559331377309603,0.6370071289684383
698,0.3325811863935271,0.40987438495229184,0.3435726909910296,0.2815938153386863,0.23586636555672458,0.10951794624352151,0.8582452707036519,0.09712623518967832,0.4969163520732967,0.2000524260235716
699,0.4673037876146246,0.6958539633469977,0.31051370191660355,0.12461978251098269,0.900462933618777,0.9999999999999999,0.32950305650986894,0.29223960131974525,0.25032529254559294,0.05543716696810519
700,0.7152341004246406,0.8454907861713173,0.4398708999384221,0.7532764455629917,0.7093921720347482,0.046282193990635254,0.6230114818159613,0.5822248394820956,0.4728109233318161,0.26962950534165997
701,0.4590104550866097,0.7208469836492205,0.5121135498051574,0.5681326320691177,0.5704086952981884,0.33210715836984134,0.26562583294577774,0.002739648600347089,0.7148956201258105,0.4312143149053369
702,0.3107596592864917,0.17373175638571897,0.1709649127471267,0.6230276831787528,0.6219542936238496,0.5465529327561178,0.6240706651965777,0.6752469165319052,0.5096707538995664,0.20825041009836348
703,0.4945010966078906,0.3660261621001026,0.5930392814036305,0.9755430804234466,0.2668838761095293,0.11771875716186898,0.1817063548808306,0.31583007479709885,0.3833090634263329,0.48237231975623684
704,0.7031981883830652,0.15815265438693318,0.7408873496329277,0.3484620627647165,0.14786246638043704,0.011082659552187707,0.2749898868269192,0.7484935461350688,0.49909834135951575,0.036649806527828344
705,0.32110932703162715,0.6866414522087488,0.6082910909595255,0.8010970002136697,0.4888022911274071,0.11641379892357627,0.26224346816953864,0.9753111433587257,0.49610604424691146,0.47709499630818714
706,0.33344554353736044,0.2479411137127648,0.37470014777670935,0.5591949747739554,0.7635694539111075,0.17600377500083958,0.5454276402599221,0.4161908787200772,0.2675857589049128,0.3514746001937802
707,0.610630307368536,0.5252497320610203,0.3526282656662739,0.23534902745476347,0.573418657586967,0.07588759773227349,0.5643206268993095,0.029439949112811045,0.3295345534818362,0.9591094552903935
708,0.46344891195046894,0.7917825703773141,0.5567023035627022,0.0528934370462566,0.8274780126460597,0.18608838688557047,0.9510537771071845,0.848881712197655,0.7933442562922408,0.8766977045520329
709,0.6274101246917714,0.6708511999534172,0.4721906274084321,0.6162752975105028,0.752437806563331,0.36662622916255383,0.48206132517156525,0.274185503496401,0.3053035200115632,0.951121064178259
710,0.502672122046046,0.29816017003175566,0.5834064108625342,0.2977339309958177,0.5008641022997857,0.5230196573812,0.6414502278385246,0.14813964089100612,0.3498651152733147,0.658812710923057
711,0.6376322591806881,0.3326645717414078,0.6129995924023802,0.6957793442988679,0.7258485617307875,0.01633384125492801,0.5285885203978944,0.879222336595878,0.5574890661611402,0.9719579647387366
712,0.3099550811119879,0.6532702798459904,0.7044140535522471,0.70103057647292,0.7913891246814719,0.35672575450692373,0.6260171603358617,0.2321088174962846,0.4182149817261532,0.18946962839052195
713,0.5029668566854094,0.5493386761402146,0.28964491735551545,0.4556509448533632,0.4813684474104182,0.22762246979099898,0.5254136632568154,0.6051129782072562,0.518979555411565,0.5323661639781931
714,0.46549528405177515,0.09611149577027782,0.5421121081634316,0.5366248626885675,0.455527818389306,0.2869842467044321,0.7018005947223749,0.25357706618117903,0.6660693177503312,0.7431687879623596
715,0.27584049214304124,0.8739720471220473,0.4329945767141916,0.626816114674652,0.524044757934816,0.14482038678692324,0.30467255356210515,0.7123573497178644,0.20822804724558847,0.48231698899001235
716,0.21026002556822448,0.5124717359768085,0.482386101917483,0.468801473457349,0.03034932977831295,0.9999999999999999,0.047312255736093545,0.6486032607966633,0.6454320113801355,0.2136991315702353
717,0.6346295931937495,0.4732062529770572,0.6619896892550389,0.8777553595073644,0.5511209657817805,0.024192778545556026,0.5759225014192715,0.5089318041000219,0.3914990790096425,0.6538032969053905
718,0.43903148966962796,0.1981917867437001,0.6822649507817459,0.07595029238918857,0.6362300938851567,0.0863156378143981,0.16584339892920968,0.5548190740167902,0.4477924130009319,0.9712138833506034
719,0.31236969317204044,0.37680653355937305,0.7615849058084055,0.9802500869078863,0.5248301890630152,0.12926107737415007,0.7409400061158691,0.2268191199287743,0.8672982528821707,0.5231741077696097
720,0.48710049187902554,0.33262266930231554,0.5801518878406585,0.03344706613902726,0.5635472139423751,0.2556483828022824,0.3977699939797508,0.02136547780040586,0.23567177324291338,0.24806591258856986
721,0.7180741964170922,0.270512533905009,0.48026345458403763,0.20817292943404206,0.4884683066155266,0.9999999999999999,0.307336331424302,0.8006669092450804,0.6143621307943161,0.040458304779724064
722,0.07493207740658862,0.5672835560356381,0.45362035962534397,0.708614760062693,0.1105995397412004,0.07645650865180945,0.9971898962930552,0.8893183674286959,0.7164429744353997,0.10408182045663061
723,0.22287082350713744,0.4621168585067585,0.17725669411992365,0.0849801325284423,0.8184688066361951,0.19939798662219574,0.49550142841321715,0.7778120653565294,0.37228440982008776,0.777214998463865
724,0.33112267858273287,0.8891832754198286,0.7506360007897644,0.26227422719055893,0.4257297281427228,0.4288688723405993,0.4601382120938103,0.7078210683329851,0.37528643771500175,0.4852296247961992
725,0.7809326674324596,0.9413471672090575,0.4407484338033044,0.15402833215499864,0.37738429538001494,0.028002332440331033,0.636917764732835,0.4716628827325646,0.4321017626070954,0.20861159164763116
726,0.5585635904633519,0.2192329786213906,0.5951287659963438,0.7238854976888914,0.759548575017163,0.23797694909172257,0.6493703903892718,0.5837165307235073,0.37115873978103714,0.8600745708406627
727,0.6500193534208997,0.09982468989626947,0.6274110795260387,0.5791807237933574,0.6861850737727433,0.5860121268059,0.7090907144904812,0.6915124690232286,0.5147690593489942,0.436043750437921
728,0.2901287385982022,0.7852880874368593,0.26853507623659056,0.06448905381586345,0.5496961724779214,0.5403980016467806,0.2529532389228621,0.025669708931698274,0.6717174609773395,0.7957416797979433
729,0.29402013818076933,0.9948826566332218,0.3285809459580725,0.4603268645605598,0.6456948215429135,0.18091411541126465,0.597825006817688,0.4233771108041777,0.4331341429745104,0.8112859474372618
730,0.589737499592942,0.8635770204286906,0.7892937452346708,0.20857968876754615,0.27347170139726595,0.607059888204156,0.44480874216447214,0.2242603912300083,0.6785468822445997,0.7179039654870898
731,0.5162417332880976,0.02339087453762141,0.5549461051337351,0.9681249447776168,0.481230649331377,0.05621465919372818,0.3289629264498723,0.36411617692893683,0.7683036941410268,0.9725786409505108
732,0.608779393665571,0.2510338296823123,0.39250436273403344,0.10794839179868038,0.7473242357603593,0.004767717381981619,0.5077832187309903,0.7491553889116624,0.5840332334318294,0.8968997853881244
733,0.46983836418346364,0.0430423798628448,0.47721793799738843,0.5983113128353431,0.3659001975039831,0.15454034048902837,0.16470589342430159,0.36305272590037185,0.6019718550060684,0.12538476104766838
734,0.5577252656349143,0.8207418750707968,0.7033596767304406,0.4820498631685939,0.3037730395739625,0.030857444091645418,0.6691995479993711,0.7390116639028057,0.38930200228711903,0.3437134592924386
735,0.5350797942705282,0.5812886830001847,0.6750267911361978,0.5783314385921089,0.512081958218127,0.18486042059102337,0.4452718940717421,0.9719036055812201,0.0038320484590650405,0.9542507576410798
736,0.6519910197250554,0.5135774021411422,0.22736310975020116,0.9569140376025216,0.516618416744143,0.10974809085517087,0.41080003208873067,0.9234226001614273,0.6134126074920645,0.6555519082240521
737,0.6575080018494863,0.5543224903318509,0.8055680979581222,0.34141977915345845,0.6221358528006264,0.9999999999999999,0.4735020549132401,0.8277008761081438,0.6534547789852263,0.44370109167460287
738,0.19961996241808017,0.2522219385394468,0.6809636129414517,0.7490919085115405,0.23030570232360253,0.05505845261664387,0.46799650430361467,0.852983678321278,0.5482003141724006,0.8621175926686251
739,0.08124684610075027,0.6015269042069098,0.4723451327902741,0.4476532732249583,0.003759102179037188,0.1620734284046968,0.7093776609233877,0.39361906523505297,0.6749780832268655,0.6388719826030866
740,0.6942497385495079,0.030362803206255954,0.2785299549097122,0.6610466265660199,0.6750690969139436,0.3639454230410598,0.29673111837645966,0.7314942943339847,0.3979824195495775,0.3705361770680111
741,0.7293391819915505,0.6459152356275688,0.697349242536204,0.3658066718803684,0.28739968781972514,0.13816300178614377,0.42838326504801466,0.6668825071995517,0.6006480777659591,0.27120392007294075
742,0.3126823746490613,0.7343671854550048,0.5896328185535212,0.22720753960311793,0.3788891135146628,0.7326817822491342,0.458947946395811,0.982971642192284,0.7818175312422337,0.8510991704515936
743,0.15434522126262584,0.6729388931296919,0.2289079256365947,0.08363561374012449,0.07458077290566761,0.767561464268232,0.3023688005867257,0.5747059309528768,0.6286039517901076,0.8467616912636625
744,0.5239321583441678,0.3319150865615673,0.45749954458267816,0.10177885623839247,0.6947369168179054,0.18994143835567537,0.5283013031682557,0.4294767308705121,0.7572364967675556,0.9183067005583339
745,0.6808714330907621,0.8262272639231282,1.0,0.9598528582727646,0.5646427474267127,0.05010579192724977,0.3653408483656279,0.8372492235679201,0.7584525046139741,0.7845351998309744
746,0.8444053926966233,0.7154709768274833,0.5038586252675721,0.7888004311019317,0.5568778692827996,0.7994394401162468,0.23979581054142768,0.7494972537577668,0.2701034443287342,0.1847195008942883
747,0.6026585895114834,0.12802609918701474,0.3624067602476886,0.24505279772731411,0.5555742746808219,0.1745734719693351,0.596002122261194,0.12436902448062749,0.6387703352237573,0.3884426312548279
748,0.4351138134296097,0.19489555850489504,0.31270078999023165,0.5293716443416978,0.09838649758188178,0.3285699397723891,0.7843998703722144,0.5961018705246768,0.3820828005679546,0.3280403507092068
749,0.33673681388081755,0.6370089198509148,0.8312700348866046,0.7145423579770108,0.3063199562671119,0.0852121027799588,0.5078400323622767,0.5921257061409413,0.291742256077491,0.2578313416514131
750,0.5074074657479032,0.2891992895284995,0.6588846539097306,0.35268098638926204,0.40950152513103877,0.9486082987628788,0.47984808047780175,0.6314701056478822,0.4478726098225018,0.7947180853158661
751,0.44878358577642924,0.11915872586407451,0.7632625214665195,0.4401714106293718,0.35205062848048735,0.26569555838693615,0.47593821442092105,0.9415499796753434,0.8353945210995135,0.12458691065598848
752,0.31373047750951755,0.1547067714508105,0.5470666167880706,0.7186934637752761,0.444360109807295,0.9999999999999999,0.4037054775989826,0.6018611409054249,0.39883030144797654,0.47917819486623187
753,0.8917928463749472,0.16535855274408698,0.73465036717135,0.22753980203005378,0.5444995286616444,0.03872099191141494,0.7148052536382958,0.8700230794426866,0.16811657931882168,0.86563611710834
754,0.8420609128531558,0.4776376417451162,0.3425729761386894,0.5265674753323929,0.6915503269826843,0.13713361147074385,0.5162592289041825,0.3580438530103092,0.22769560771467706,0.7889626668605783
755,0.7195892119760996,0.6072759282137968,0.5311036435939368,0.2101656623932436,0.21056615281613916,0.5530154408782758,0.09691566641183419,0.05684126963522866,0.5930230420456382,0.267330569731856
756,0.33150682618320965,0.17614728716874994,0.5543153763972973,0.003059769779498539,0.49516881480710273,0.03411263857738478,0.7201296924883804,0.3748970083856518,0.35798001320594003,0.03548748191821843
757,0.6665664141116574,0.7124225615402627,0.758601585899651,0.6905623322165106,0.6345096938633298,0.007528785936134503,0.6749017603309142,0.5324486703156412,0.11397830748130883,0.41384320579698286
758,0.6259274751303765,0.2807929271738466,0.5602439875229303,0.7075712847627322,0.318135032552793,0.3283399584026164,0.6099096153994641,0.8333011301909656,0.23519892810891324,0.5934842274733085
759,0.5887435500444489,0.31134876758319485,0.38412584052827725,0.9961619496207157,0.4595787222234709,0.031133277399214124,0.0,0.6316942089912149,0.5338519448221606,0.8547460839288735
760,0.7410256524827211,0.22325952902239765,0.5127306159688394,0.18107954801319084,0.5871216707586258,0.523469983488845,0.498361709993205,0.4419210033970462,0.6502269434697372,0.5282433603378766
761,0.6251246190041388,0.7851566275378327,0.18813719146475114,0.739901630476128,0.49904591650160396,0.8032369198210629,0.6637558260086447,0.4616046594254164,0.41746430825127384,0.26576907401274313
762,0.6448679995754353,0.9598232569171479,0.06793032864161999,0.9483846855647753,0.6272859788211546,0.23839187928764322,0.5689287266400838,0.9967459515936411,0.6254333747016585,0.6907415386545773
763,0.6254142593649168,0.4923515480654365,0.6558227445155286,0.6448578976753108,0.5151950125474885,0.04049295798978156,0.5367590453195754,0.1408621450817918,0.6759584761640693,0.40162343596407485
764,0.5695452241052199,0.041730301559368514,0.4308929781249815,0.9635648084304884,0.4365551322788802,0.2051274682618719,0.6641404830081838,0.20507717810742704,0.35325234732159744,0.8252312406449743
765,0.1687267237272293,0.2603427362191863,0.45202790426516903,0.9948796461123752,0.2700438975600339,0.3279500827248426,0.5246100694412958,0.6251225146187455,0.4791118391716666,0.023664830518774382
766,0.5210239931146822,0.1577891093982033,0.6557491363722828,0.8019742765536578,0.5446869312910616,0.9999999999999999,0.7209914529583485,0.7012972698850166,0.3880619504665231,0.41897753002855065
767,0.4003082167196987,0.8427322024010775,0.7613176079236378,0.9997268004773396,0.5162152693505592,0.04769934075203023,0.528752133056295,0.39466664631011006,0.6045168973803863,0.4221250688913857
768,0.2637748143414453,0.08456810100097346,0.6004608461785756,0.6260933836724812,0.30483713601402274,0.0008403087714577975,0.5140698426226935,0.03157728668787531,0.38582930975184776,0.587521474665404
769,0.8225611684090924,0.9664879133185688,0.8603584933803604,0.49726532295778636,0.6094632255899706,0.05945916416325924,0.6635686744786,0.5217841005157015,0.2716626408048726,0.3585735987746365
770,0.8314625437838982,0.5883978819707273,0.5945305014626289,0.9180395490099296,0.7421286654996069,0.16857083130633024,0.42536078663598303,0.14388046600922172,0.5121313164565628,0.4021400714490757
771,0.7616958426198578,0.5176000052714359,0.5571426422813528,0.8313192224337412,0.36919788907685214,0.01599692309155537,0.29644900927614654,0.05550973918750328,0.7130832994224887,0.7348808121963606
772,0.5533989234547477,0.8473220885922966,0.545612609889109,0.11014352816030631,0.3561339971454621,0.10552374773763723,0.4996071228188,0.34441358815172285,0.49909834135951575,0.1712321828793255
773,0.7600741032935733,0.027242393209763266,0.26104166737054335,0.3028427928065732,0.3490707310404093,0.12285035299169933,0.607838173501233,0.13516722982306234,0.6934186190112817,0.23832407127491878
774,0.5075210262499752,0.7771005228781713,0.679070788315036,0.260745891042814,0.17217907672652571,0.040513306555136616,0.6696482026264217,0.4387137598446005,0.676735822631459,0.10233202647030681
775,0.5435093859303803,0.11632887519692822,0.04471211461000177,0.8556362324522755,0.8845990248359276,0.16361728083906546,0.6706698554307777,0.7616264516132547,0.5101483079936271,0.2576261862302285
776,0.29893781999717584,0.8407473468007477,0.39144745536725656,0.23333350817770823,0.4100511928898444,0.10613747931524119,0.48623915739206364,0.04650146113824159,0.38863069427026126,0.5053632762999477
777,0.5801486562868792,0.5290402973808419,0.5050575305261156,0.30416552727974344,0.3308294624018607,0.0669606475042057,0.4672855163735879,0.4996489142590206,0.33691050421537666,0.1891091855563592
778,0.516640135814881,0.06083550856953341,0.3534938062092611,0.5190082919942005,0.27892891779311224,0.17454507168290256,0.38965194439357914,0.49673587600060654,0.20071860357322718,0.07352028412021927
779,0.25947095268722725,0.8332117441551369,0.416530561084383,0.07613528899917787,0.421834372201824,0.3943722846990136,0.5450113860923225,0.0012006042105142528,0.7281305168919598,0.9963726207090722
780,0.4955873710666809,0.027008810178824807,0.8438168312028537,0.9616530106799663,0.3624054430400472,0.3268881867235314,0.19609510880909103,0.7381674289349281,0.4393329017511058,0.455175114906735
781,0.4902040529639082,0.13810286905069688,0.7066768729637394,0.4912696473281565,0.7750402354897243,0.29497745034218115,0.5031051185347022,0.08921980111394213,0.1782701926783628,0.8315431407025483
782,0.8443990993424406,0.7977792742925206,0.37287717463786574,0.19050216447309967,0.25533800536435003,0.884692180107363,1.0,0.9321009246843704,0.7366369574457003,0.7387625268770299
783,0.673961284770495,0.4647134981885872,0.4132089622552635,0.27092619399257056,0.1992835068841033,0.02633437569350656,0.22142163123286046,0.6392149318064879,0.5200497102112531,0.16539122476021884
784,0.5074063615211984,0.8813716588265995,0.262625317157379,0.7984319915076854,0.6036078483041998,0.15293453291374604,0.5278441067981463,0.28743211384196954,0.6859969038102662,0.5122511212813665
785,0.5521864872298603,0.6353292127318773,0.6322594579029474,0.6342791721098169,0.4761411701611095,0.04203771710723166,0.5686217686799886,0.9253220889951198,0.45245350508878074,0.5678355075812381
786,0.5135886151778801,0.6234246777303015,0.45420521382722656,0.464820721711694,0.4537542313961243,0.7065795129396999,0.5923556864260009,0.4001516201608778,0.3514355250325251,0.1577850815160775
787,0.4669624149061444,0.29201921354466975,0.13404349156853548,0.3317348111503782,0.6051266701143988,0.5284404068096249,0.3205463957973718,0.25985818904476526,0.49909834135951575,0.11184267153687583
788,0.30102156298407345,0.13341111671521852,0.5195768286207354,0.9010798518287162,0.5233215627784842,0.6598938350134613,0.5940387633280948,0.3841812126638137,0.6025705655621685,0.26318363826730257
789,0.47674742111882323,0.9611822734080662,0.5826488109474589,0.7729010339099853,0.48782202559995713,0.19170517874735346,0.4002816915764565,0.6114188297644708,0.4489656602282667,0.2612193592340326
790,0.36447792742823704,0.10451853397181403,0.6804028094574576,0.718423457280044,0.22498768075990788,0.15021476830756597,0.23549636200141827,0.7235035696497093,0.7516838423797483,0.2775423159738264
791,0.26934547896033223,0.5288746223179096,0.4871007608126805,0.44618662563181244,0.17422290598950663,0.14033995082254147,0.6745553151325507,0.6616874155688144,0.6817603502009986,0.25241142028308705
792,0.601700928477417,0.27234606054083094,0.43127953223851334,0.9815926961822903,0.3613959438464017,0.29531548559556714,0.6215365568856934,0.9212750742260011,0.6094343164572156,0.5467901644326908
793,0.5790681901105154,0.26391528875162584,0.8712110257513813,0.7103780137445411,0.2871321843019483,0.3107561034855761,0.32056126292336856,0.9562329246832567,0.29126944539575333,0.2943533146239683
794,1.0000000000000002,0.5944723741778858,0.5020094078299878,0.42380054264917055,0.5489495325153729,0.41711810803323185,1.0,0.1966182724228377,0.26450388310272827,0.7716355387794027
795,0.48209956810585225,0.7978889046339529,0.6349763363941668,0.9609750997602389,0.14895749616406712,0.11900635422786238,0.3918852163436262,0.9125749823078116,0.49909834135951575,0.052322663255129076
796,0.6931093935896769,0.7771272653253214,0.4001592709158569,0.8961182017165275,0.41038491037211955,0.6139806055903865,0.1956410872433773,0.10617705840152526,0.08640121669529938,0.6214879006597042
797,0.7050943793993192,0.8687803953827742,0.6294463310513662,0.7402866761747111,0.4634004397555107,0.6871560173954023,0.6395847956725131,0.9569539373545354,0.4848567778017843,0.7724357973156479
798,0.6987951562747678,0.2926870706594959,0.22931250683033186,0.7673300511539098,0.4892074103879598,0.08734092186729436,0.6465019860376848,0.2589418430735679,0.5300003209242752,0.4371370160339334
799,0.5125888019047276,0.4655940531443309,0.41460748735431774,0.42380331863408305,0.5740483441342041,0.2349560441285315,0.4375345446002085,0.2653904465119174,0.4091056861906273,0.3192843786234265
800,0.3458092353899745,0.009023197995961425,0.2754431153482887,0.5075648744152463,0.43371607533787004,0.3615548889979202,0.4937161530429534,0.4212507106206024,0.49543066117850404,0.30304635568709504
801,0.30078164008411856,0.7467951716054522,0.3879561684077437,0.19161629226585034,0.3677667338769305,0.24134038678145844,0.5200691164447435,0.18128753519256396,0.581988622680842,0.3277533761281468
802,0.5702647299524845,0.30213063113941213,0.7339884573927025,0.5956511586504917,0.7375940836756649,0.9999999999999999,0.5439994744199439,0.8276946685234818,0.39058129016358784,0.11730910772766928
803,0.576807008643019,0.5613685189301079,0.3865849458788584,0.370067635073127,0.43497480355841756,0.636964338800248,0.2502675063559026,0.12424471318164947,0.6695904996341218,0.5810532681001356
804,0.7481321998834578,0.16904289731814612,0.6347328277600547,0.3475790617604454,0.7713761797090969,0.12431313337760298,0.5890306595093695,0.4390057953239256,0.6127991389689225,0.6234555567031426
805,0.712783940589916,0.8193615394397847,0.7837446156790929,0.948645582419815,0.4339893770964579,0.09989142691471851,0.2820079888740003,0.9071849997814573,0.46795258461820716,0.38964641163394853
806,0.480298864458737,0.8172335335962085,0.49563806615369477,0.1648400624650008,0.49373082379937927,0.08440291436257534,0.624629088671167,0.6352368597837527,0.34513627925274887,0.9558614743051539
807,0.2704982100178905,0.8774345408441598,0.6861144526873639,0.8303365127942828,0.4700403127924587,0.09242825336313198,0.302420252988474,0.6069937844171832,0.4849172876391689,0.911434786578356
808,0.4450399459972047,0.04563797568032455,0.5998263882773388,0.28157893017363966,0.5416017781397491,0.02135007209204247,0.2590172507362805,0.9947315544830609,0.9031241965938417,0.2978332905362715
809,0.5462326840010863,0.9924791518289648,0.5224961096705815,0.028649575672057503,0.41566777332937666,0.4906604869569132,0.4937322061064126,0.021988171078152027,0.35824533042569157,0.7323392977845169
810,0.4671191534324189,0.247548517473898,0.6407117812995534,0.040462463445502306,0.5154729338592254,0.014068383144295139,0.48958678851651277,0.31943099141910014,0.7929573087828856,0.11626166503158747
811,0.3962135958772149,0.30922359820607964,0.8439217394904671,0.42935586712552753,0.5010879514399724,0.06637888379615775,0.5180484413129554,0.12452563814400038,0.1686931427159944,0.7578035136036584
812,0.5529595779449662,0.2491053575012704,0.3819331782258649,0.4546509229153821,0.6997542448340792,0.653258862000857,0.3341833383825256,0.18412441619208786,0.3386095636781033,0.735727139924354
813,0.4101634302822988,0.26730846839288946,0.3218942328904728,0.3203793457739428,0.7010862914176808,0.1641173563404069,0.536328457243058,0.2155725929979599,0.39905265503443405,0.3565908894975994
814,0.3867474727281918,0.5525333607880458,0.31094438793436385,0.6690683094407862,0.2373119949933155,0.523830222576811,0.5537048860449019,0.6267322042046403,0.6824479852685419,0.38691495005990034
815,0.5640098121932337,0.23957695773989565,0.6862377011371391,0.4855470154034267,0.2686105661418917,0.2801525041757919,0.7139963222129913,0.27171253024633,0.5126576619517413,0.5860394611831079
816,0.4294015559717678,0.39358968861277205,0.7114033720984665,0.07412794472225914,0.5389967618670443,0.06289723513131754,0.5330468734865728,0.6640514720523223,0.7510271719858099,0.2801782466462888
817,0.5513029440838548,0.6555133324904009,0.40062601568548994,0.34821222252005857,0.6459594690432794,0.14007550318515252,0.38830938065835446,0.7379858842751755,0.4389458860392507,0.5727131399492352
818,0.5567932743784946,0.8359938476110931,0.1024236831292464,0.10199043614855965,0.39646290142532026,0.19076119384468265,0.25035367327704733,0.40160486965867725,0.4919087267422945,0.8876239603174819
819,0.2902668321486673,0.6926607838354113,0.3749418579871062,0.06292541623885553,0.36194595737636187,0.4613441379329209,0.21655091918635533,0.5361089761867028,0.43969836915328436,0.44480585000982714
820,0.41444945443095876,0.5942089107700459,0.6029535898683714,0.20838329535749514,0.7664849164572307,0.06580167000787063,0.55849975401451,0.13160431161974634,0.8871148575986205,0.20415965449993467
821,0.7765173435750683,0.14746389710178476,0.48833753635205,0.7008788060426774,0.6295449965134032,0.8565925372447677,0.6452621362093227,0.752565314527044,0.28931849676741767,0.5580203947716303
822,0.285993280433188,0.8160765254855719,0.5344152048381107,0.6963028845067823,0.7015211808866082,0.10431456793063587,0.33464744461238444,0.4188218246943447,0.40559415999709997,0.6528290132854871
823,0.105890269046311,0.03697294299131447,0.403179611459081,0.8617665216868444,0.4114893861471805,0.37081405955157587,0.5460054642345353,0.834615833138992,0.3163485581914412,0.5259582526941711
824,0.15396603528309383,0.26396630561852463,0.6899044228482055,0.7567483517226813,0.39629171164030097,0.2989394729122753,0.4667599047236935,0.525994481126269,0.611058348366788,0.023568459898982153
825,0.5107391862916613,0.05676364929923504,0.5647849279188503,0.5357230180297712,0.6804190363851867,0.6933752263863733,0.6314362442938044,0.6966533328806125,0.2853729486154493,0.6692644494620288
826,0.5110801818756106,0.6673397158442428,0.6101540589554263,0.3127367877978191,0.44605950078214646,0.11256847484070176,0.6587091663721647,0.3582458662253725,0.8483107105376873,0.03683482734154492
827,0.48305685641841983,0.36818088689583883,0.530446190543854,0.005794922805131525,0.37872147634126896,0.2750628019507024,0.08075740745356014,0.37144159561659873,0.517468451444618,0.41739021204932203
828,0.7343323767719405,0.6519540323469374,0.5985735481934654,0.6474162196376678,0.3202408225461315,0.467887304709378,0.689349178428083,0.4362235791409348,0.5804845555338822,0.4143639286854985
829,0.00095383481485381,0.34683356103468355,0.5863027856009768,0.289827343170461,0.3979794502313031,0.25970363572005456,0.5454396266802519,0.6358823970661756,0.590120756601505,0.8464018741157939
830,0.5799491472359378,0.45558002350289706,0.3276991501311035,0.25019601668690805,0.6661427474653373,0.3231083822821831,0.40086301775187977,0.5062954153182317,0.49833012072382005,0.8626692368420139
831,0.7998489488920739,0.4578010522429625,0.5703557970262417,0.9752551693053861,0.2048676281064688,0.2600517947240721,0.40600969749738197,0.8042368329836047,0.52525464608814,0.7750326367924364
832,0.2924645458506551,0.04528151197056642,0.6483940226159266,0.17430117623137756,0.6185536530182443,0.9291116400502395,0.5047635627002167,0.05425797572782427,0.5182381307678356,0.8197228051506456
833,0.4335874795352959,0.4300572076710896,0.7162100841191126,0.03243042666467788,0.35988907323550334,0.9999999999999999,0.40595693533279037,0.9005673042036978,0.6007863043562078,0.21875522401857972
834,0.36319614358744023,0.6409662049728176,0.5783833296685128,0.9498083116281577,0.4562000098432364,0.10163289227733077,0.3260152838327563,0.926078245866054,0.34590802131617465,0.7162709457625827
835,0.33650749546595776,0.5459220200985989,0.32076600478122874,0.3061283802789746,0.468589950832464,0.22402482896471906,0.36830703173922014,0.24366250260750366,0.313666870735449,0.7492731816081866
836,0.44368990999503416,0.07499464977101666,0.34947388931327605,0.393581959968045,0.4541797643157605,0.23374634617516848,0.3069811144493502,0.10026760479452161,0.6581077387282208,0.7780650821496735
837,0.7745755805880341,0.6679669375706543,0.4196278528893621,0.0809529235790227,0.44133953570170226,0.4325456533384215,0.74736665566139,0.5716616210661423,0.5017766191379658,0.7947753845571648
838,0.851913118200822,0.30865247437725307,0.5361153301310257,0.40423202556827853,0.41092731091062606,0.1662895484716275,0.5092209469834381,0.06363701429550207,0.12095695172124993,0.16319178786534178
839,0.44186407485022455,0.014125148949263299,0.47798460517994135,0.9726497201234277,0.3863486682777819,0.2684586098522185,0.9145871556050287,0.22929288526813152,0.4118647777733661,0.2568804786600513
840,0.8646813227976985,0.15533354685870127,0.2912098708912755,0.6943200440028496,0.7521578717656274,0.131054191932045,0.5673745599945634,0.5073285513604513,0.7928041067588514,0.7836779788304029
841,0.5119592493327985,0.4974130644556176,0.29009314022060884,0.47402377809289553,0.5017230367562217,0.3259176443702784,0.6075676258488907,0.6136448038790773,0.4716726597085506,0.1472965745256597
842,0.8361219657053982,0.31019189789236395,0.1094157394887347,0.30759397878690975,0.47251599755188034,0.21893524607274448,0.30302451901011246,0.19385845010878527,0.4012637043060407,0.12390723272104992
843,0.4876439258109941,0.6943028513543933,0.0,0.36619326278801567,0.37218447132621324,0.31853176332163435,0.4586430798799092,0.9327840103900341,0.21816136714918294,0.9770180972650786
844,0.5299740513608765,0.2404201735022264,0.4762043687258898,0.611490353177473,0.4179704025755548,0.0350031229273209,0.5123182923583107,0.18086806419359774,0.3942649329216868,0.9677944740987618
845,0.574202264745298,0.7727424715431813,0.9334942062158685,0.2545479805862789,0.37285789070081277,0.27280041707519476,0.3813243234050779,0.15318231436441282,0.2810521222092692,0.33669469127626867
846,1.0000000000000002,0.2862593454315894,0.8358728506067149,0.15199824423908656,0.6449161705971722,0.14713386144677199,0.41314334883474174,0.16185227946560515,0.5836808600099408,0.008531559391149024
847,0.6658619544672331,0.6207587314560987,0.3183451234193624,0.6965300172641512,0.35111128518208395,0.6877912228433263,0.5764289393196713,0.929568667205715,0.5115055499471242,0.39821162868714066
848,0.37180482326085823,0.7991716004868527,0.5287374446241601,0.8698508925906746,0.06239285197979988,0.06408496073483264,0.58004762462215,0.8787810802536951,0.4330905989292075,0.02581329046885633
849,0.6880711473546841,0.38537173312429174,0.22764327338891713,0.9019347907323094,0.508156176884764,0.5894917261432361,0.25222039012283276,0.03248694938364739,0.3573355017862981,0.14337547437759468
850,0.4369786925749191,0.046506213331784105,0.25607827549083173,0.841786730621997,0.4428360434309932,0.029528872063588958,0.5512599297893808,0.7265239169850455,0.7921327550821862,0.22406703034448516
851,0.41284402032804984,0.5353117151733725,0.2774575755639438,0.5308247580099353,0.3835704656424096,0.01815041368296556,0.6009448460785238,0.07296177910270905,0.36814555573364377,0.8392152114570508
852,0.6766759252673954,0.9954304993808325,0.4587265729821878,0.7891749528074686,0.6731975329199966,0.4252627228376935,0.38999128517829224,0.07478481654305817,0.3688518640980381,0.3752640620169381
853,0.5111119374660734,0.9690043880637307,0.46675317712206876,0.9267630414558217,0.0,0.06624980469970657,0.37123782733290406,0.07549494804695513,0.4559821086857441,0.008159408705754823
854,0.5578068080760874,0.5041605632076909,0.5479089596342281,0.023354098978790733,0.8017662364880416,0.0004609740257032703,0.5803630223801353,0.8295982630797091,0.48255052179493313,0.6368583310869509
855,0.5078855512720191,0.7556370411332777,0.6244681513260674,0.4122687277718371,0.7008811458234563,0.13882954031740702,0.02413467952476883,0.4271447199604774,0.5937196832562281,0.07057243076875963
856,0.568751232849497,0.3447537318183906,0.4379542595370305,0.2042002246425443,0.3753952576203884,0.20603434032454984,0.4992903315742501,0.5568249952187372,0.6789060201622452,0.8941036300937781
857,0.585426721150175,0.16001204848037534,0.5075326311806664,0.9972085181388364,0.40968389575828623,0.08096198792100454,0.800480800180251,0.03025826672689637,0.6646819865570528,0.24530833597723983
858,0.13979254487556708,0.6658249297746254,0.2967897412754361,0.9299747975549328,0.5944399557485793,0.24162972779405079,0.019840673672113784,0.9009165107979299,0.9637701092443602,0.23769541340232142
859,0.631011520633133,0.500723253521057,0.25003814583541906,0.8025360844341319,0.5996294205314276,0.23014823511758162,0.6507377775486174,0.9821015761890403,0.18053027709344044,0.39700893500917156
860,0.3199658516076138,0.5390980292696159,0.2212291558748967,0.2959968002177572,0.37426784914509736,0.45412136835053274,0.599359364904648,0.2347594488383728,0.5459978877332192,0.10739129629728034
861,0.23312325839019415,0.827357392335546,0.6218630690165811,0.9525214297128437,0.18414927770661466,0.5983461808732965,0.2335557586664722,0.6563770320719644,0.4032555378008396,0.023077509581828748
862,0.49422625539519144,0.3363427380229479,0.43776274245307,0.029244660606200706,0.9057234053875669,0.4540116527831537,0.5949432787547468,0.6786796672125253,0.8839533369728765,0.9143679257203625
863,0.5210919016011795,0.6670053870131543,0.15182515351438827,0.18810704459067026,0.6818181811838351,0.41597680583239127,0.6836818626941541,0.9663486586800728,0.5355019497751003,0.8636052627659021
864,0.37440066245848264,0.36600053561611456,0.4890152966272514,0.6171385570737514,0.5272174549009404,0.3521098081157307,0.28180318957534095,0.48351280024652343,0.11654566411520645,0.9163211255710975
865,0.6620406143954886,0.04242379069050186,0.26788125521953676,0.7933526186617715,0.5308775264184625,0.24712208752611495,0.3684128163603179,0.23749730067570235,0.5846325033484672,0.6766235828178537
866,0.2520139998902346,0.37782816662339014,0.8104346997735589,0.8840184893233907,0.6170574088330482,0.01023634352854757,0.5037228487075425,0.35994694066235455,0.5528335467314409,0.01295847161382535
867,0.4284674015657572,0.950040586518981,0.3928333305412067,0.3006277372141587,0.6402195877253105,0.4143526558122877,0.679299697727217,0.6394622872684562,0.6460968299205636,0.9731929906001118
868,0.3948966496548831,0.48311106374349894,0.627879083148348,0.39096530608361835,0.09331783094869067,0.09885720057783788,0.39906171282052555,0.47222624803190594,0.3646852193477344,0.7087492779257905
869,0.4964571260754849,0.10795244026261307,0.7038680869821584,0.45501758748059873,0.4290096470224619,0.033879625933162134,0.49113938124180284,0.07888443477125344,0.5644212896068539,0.4151984712003186
870,0.5578612158840174,0.6877444541789349,0.3226910261849385,0.026966990764414528,0.4089013504784339,0.011628178835892787,0.3762234040200027,0.807328675800312,0.45075419722051563,0.7324675601240859
871,0.3150842017191884,0.963389977107425,0.5149635814676097,0.8643478357033082,0.4656519705867786,0.04649056519315326,0.5034369473283824,0.8642691543648522,0.3745962298540549,0.5670521820191744
872,0.6418998710243912,0.9079371641969837,0.6040005254203762,0.3380847817671616,0.6459703043853433,0.06225637118102784,0.6920326630443796,0.478075195106927,0.5672513295551258,0.6716639631627509
873,0.5171337887373143,0.5718393563204953,0.5223299870629187,0.19935096692275853,0.15062768425287382,0.020288441892199794,0.5184451826730321,0.5232435108501235,0.5311668582033275,0.8240986754840148
874,0.1482867548381956,0.3760932182653386,0.568124872270015,0.40936623727194077,0.2359170343214096,0.4332587551111087,0.4329494362010898,0.49132513720604176,0.7016291232619591,0.936185065059989
875,0.1357125729349935,0.5805591290661757,0.2528108956737096,0.7108713189044276,0.3650098102200047,0.2425149607947734,0.4928616430524146,0.529523509320298,0.5072682963005037,0.7966472091099994
876,0.5029225859271944,0.8158919238590928,0.6041065143690908,0.871297360612712,0.5267323585649989,0.05076737793215443,0.3511789692023624,0.10211482405103554,0.6168698306373819,0.8958823068841124
877,0.4635562290596625,0.8612134951413871,0.41011356498958984,0.2154563920181378,0.6578335153614783,0.23204227796024107,0.31542630507149366,0.43334610733753043,0.2727538174641379,0.5674801479057843
878,0.48573427360597315,0.8188057297181273,0.5659522833896872,0.1726732015737413,0.8124200797933046,0.007621484986772478,0.7209533774599306,0.4475980194701389,0.7670700801575712,0.33839379950453913
879,0.49996736174805195,0.4553155819227562,0.6723551213408787,0.9441983022101113,0.44148913807849627,0.5549215887408734,0.8010863210895871,0.9978037128826512,0.35448907237541355,0.6696731311169556
880,0.547804078696503,0.11858357993427573,0.6255110574944659,0.5511274399256643,0.6575153849876318,0.21764517276088163,0.1683465096364079,0.04810966974481552,0.6736788870658794,0.5562034413298741
881,0.6840432959572504,0.5690510044633734,0.565815862164741,0.3659211972788341,0.6342425321383431,0.22861648891471723,0.6063168487571542,0.3117711271234564,0.5521280237680959,0.05615360606762543
882,0.2956108397718692,0.156167099047685,0.620535311650103,0.19939198711134629,0.6016513458536515,0.07368968101129994,0.6573911005293438,0.4957500746228084,0.5280396193923751,0.5758588171738817
883,0.2841269068681193,0.060664382369450084,0.6291668489506076,0.9956868545563908,0.49218122529975517,0.2303075928470377,0.27533265961298,0.8472243763112255,0.6465906987206607,0.4173796763218598
884,0.29896565171357076,0.4985216145918774,0.7796857184662417,0.7194962007594614,0.4195974891808439,0.19959418179866623,0.411860215650877,0.4609687429151713,0.09558915575820953,0.3695350485989217
885,0.5597578342583356,0.655280121408575,0.4944308072461021,0.21796638922353953,0.2908006484984711,0.5750132213132614,0.39243251478404334,0.2906245574384797,0.39318332261153105,0.7244477203709215
886,0.7401355118814008,0.8541210665494058,0.5313583991155924,0.0912822185933996,0.2779970207058937,0.09951778095532277,0.8496573015184314,0.5350492075593546,0.6438899873031543,0.8851080738040917
887,0.4238645810106933,0.7827852454464621,0.674607610107432,0.1993548589269614,0.5640128711015884,0.6627181524814154,0.803806171798783,0.29664892851245456,0.867298487126883,0.19709146932878568
888,0.033242399757347454,0.8572153168972345,0.40932591595967494,0.24783743331198896,0.48635102683674,0.9999999999999999,0.32893555646622125,0.5481111725800921,0.4975134067009713,0.7948881295014049
889,0.18374858227647967,0.7600107782254271,0.25175941791760115,0.111117552379668,0.41650740525811164,0.1916323677734772,0.22965378583847468,0.6897443441447384,0.03904234991510258,0.16954426442750536
890,0.3480749411739185,0.7031622236523415,0.5927664457844894,0.22973786966673906,0.6254698652152668,0.9999999999999999,0.6415309078132665,0.5305603587552199,0.4418759826112813,0.5764234568883927
891,0.40001823898517025,0.009826464938281026,0.4623585775506833,0.11681422998691263,0.4580977677836522,0.6899738095056415,0.5992717340331435,0.6094658033668358,0.49071374318863087,0.8482018068246433
892,0.42819479125948573,0.625999103778461,0.2755823955337744,0.3778863862358064,0.3202441654704183,0.2501123997762008,0.7284401263435372,0.03816731224695864,0.7129150537378501,0.905839679201042
893,0.5125261464631771,0.1202079425618574,0.5941300569302703,0.48639988862141326,0.4453298531402269,0.33521165535842107,0.30349146807884136,0.6586634522296945,0.5113251250321929,0.30840381106576087
894,0.4464286333121846,0.05837240749358514,0.7676813331663247,0.4554753688048431,0.5010879514399724,0.21868656404942152,0.6324092769051464,0.9697460747671461,0.25958986574738124,0.818874715380883
895,0.7032295061308954,0.15615041749163106,0.19684107017816646,0.8295726454744968,0.29890255382291586,0.40850317420791493,0.3638857832405808,0.49139665934654375,0.6851851695078994,0.8787872648263417
896,0.3777003469907338,0.8232555075690408,0.6914403776401624,0.25409309495136934,0.5373576397344365,0.013530347817541864,0.613888203029723,0.8026675702870647,0.6101092792363934,0.17272508680446924
897,0.3425503472390424,0.5041605632076909,0.027628825575433474,0.8874830546867312,0.48615697410851283,0.21422438077985956,0.4920566747925916,0.5486954297546972,0.36932776994604427,0.3846884874615933
898,0.5955980427861198,0.9487781025589475,0.42612936511979904,0.9085217325265655,0.3497165196467246,0.012221896458856704,0.8495966411161644,0.7038922371481959,0.6389017109702662,0.7762404176138525
899,0.21551191858546742,0.9789921502004458,0.8440295008806175,0.9602224216070148,0.44013553727550225,0.9999999999999999,0.581456186717183,0.3095428713833373,0.3982956573781326,0.014657553359135544
900,0.5787714152300277,0.8932709556592939,0.439550080278616,0.18104732267133597,0.1928716328931384,0.7476722643734659,0.44096932200415,0.9669329531902379,0.44548766246681143,0.6257462303774891
901,0.524595980215873,0.13265638949610425,0.5175542457334097,0.2458450586353307,0.5180852103307959,0.0616756276088847,0.5243563832982745,0.21471250371574002,0.4015112445749249,0.41460865238326705
902,0.4774284169917841,0.8783646808447013,0.6430524169121545,0.6241002843841679,0.2329013892109827,0.07407845104361452,0.4803586391755584,0.15862776898043546,0.4432586183302632,0.517486812604845
903,0.8049125509086247,0.8386056600455064,0.1806661138755932,0.14093726105370516,0.7043163071661169,0.16702251273208107,0.2858958725475586,0.04497880182799478,0.674406460851444,0.41833260829045654
904,0.3878528426514252,0.8710653369864474,0.5142264912240573,0.08564150792593211,0.4790878537375318,0.34582657789615373,0.8540755656297816,0.5409755073018208,0.16287905044672885,0.19534018074697962
905,0.893970614165601,0.1514222872349762,0.5127565823383019,0.07371189893455138,0.38627352518515,0.3141972143432798,0.7938921351680588,0.6187376764753171,0.7119024618781626,0.3484170634743535
906,0.46271396567586237,0.11651672078068383,0.8480960519408859,0.6064094993848467,0.7213615170731289,0.10328147946022849,0.4663752326572946,0.6493791587287913,0.5356389964435129,0.8610469715430153
907,0.2643077250834094,0.9238061514208211,0.2703207129369133,0.8050294229447095,0.2972902238999519,0.14818236842624172,0.6280436187709222,0.17177038919940874,0.428032894318268,0.6109414408908475
908,0.5184388835844556,0.17357079214141047,0.42962565932920493,0.25898562309632,0.3522556352189521,0.049068502462093225,0.8774234677612223,0.6512955543570448,0.5060855117497609,0.4772334664101482
909,0.3021879421192675,0.3684316199420614,0.32764671448664484,0.9339445021319859,0.1430518261206825,0.06759616969394541,0.7271305958428829,0.16464071779716544,0.3294545206934662,0.7060385599091457
910,0.3634104898006506,0.4558242245907214,0.30786771953435266,0.7922809212462446,0.7501719081500844,0.08328984950005956,0.4421876515584094,0.7549206752545125,0.19214759308934154,0.18368019357299936
911,0.5801565797287447,0.12417000304844725,0.7110369273465255,0.077476825101911,0.8591409172140073,0.8403834667468115,0.4826763652357558,0.27485219216539447,0.3348114985571797,0.08341647110999695
912,0.6100705374505216,0.020326726610293864,0.5057515094286211,0.4074714305987106,0.1731592831883359,0.6991843260301217,0.18199630089492863,0.42175141064652577,0.1420375997475491,0.5485747937008153
913,0.38786034148803067,0.9941114625614456,0.39717020049630425,0.0680269363933873,0.33908526966779967,0.3762125025581854,0.6418620888456406,0.3668959816411664,0.2451672146404003,0.011440707171793074
914,0.6915441126419061,0.8766386023771424,0.40420506149891544,0.9155963279235244,0.5103816616292262,0.3637513338008553,0.7282282548067389,0.36739231339893225,0.1938520713205139,0.14816475677319335
915,0.7236379710479516,0.9123313295913684,0.3957416653852691,0.7431249334308784,0.3971285646496159,0.1593338751476976,0.729494193895506,0.7208482955295171,0.7346409639836975,0.7170452999596095
916,0.7762390155421728,0.28434458727180606,0.4124188419992515,0.6868420147039347,0.49082064580921475,0.02111621450111208,0.6282575696211956,0.9978623370250711,0.2581676769105082,0.9016177391446402
917,0.6051332002466434,0.21986133414540648,0.2649674433942678,0.6829969612505331,0.4741311823564413,0.2401094418698254,0.5639186546811326,0.5271054533348625,0.49430501391537557,0.2852212596279641
918,0.7624898018753097,0.42569576795412617,0.45252915939563376,0.28529457121119783,0.5757094187506339,0.02788357359440483,0.3147952334750886,0.4007303783640256,0.7142975901882223,0.38258879608257634
919,0.1503900542624173,0.4531578444400679,0.43379059879097204,0.9339497726326911,0.3110009892555276,0.0005395220375513675,0.5578966531684322,0.2933190179240666,0.6636400747218179,0.681005605717394
920,0.4452663633472544,0.005286802983390363,0.35945525771391473,0.9231823198565414,0.5341434282057447,0.0755206357255078,0.38235513884327105,0.624318714364807,0.4460712754757175,0.8048801732317006
921,0.3416659784529767,0.5041605632076909,0.5296965845697083,0.7398100726444832,0.2809884575129404,0.24285107120224694,0.5958087552873585,0.4509081386506194,0.4469375359993473,0.26016762784971587
922,0.5277416729151431,0.9966889005619344,0.5455194846595837,0.4691268865027092,0.4172133103026792,0.510794150340137,0.35796159253108234,0.7727752860201482,0.536365837558008,0.826163425502576
923,0.3974295757353114,0.5285547844333766,0.3969687817617479,0.04711817774668714,0.1609429362793613,0.16809391226684145,0.594634618188316,0.6065177616298185,0.9034201858823483,0.9726884187051532
924,0.47389732568391835,0.38807521164455544,0.47390071216910445,0.028305138259327067,0.41862720959140376,0.42700037447520345,0.7430407151632059,0.4116201299514668,0.5806113003925477,0.08790296576964968
925,0.8603634663483063,0.3925699263665775,0.9033552542281035,0.1381786911212797,0.38609481273452007,0.0289127453673261,0.5684955364469624,0.953070820880605,0.6290887796250286,0.2242732031525823
926,0.47322527920308816,0.09579503369827581,0.896232894455368,0.5960197764686431,0.6793916967665058,0.1356245218784414,0.5595110040220648,0.010696139133446497,0.932708991563604,0.726134129060727
927,0.5833185624568403,0.26593712570040523,0.3041977842283856,0.7984476308233226,0.485415310935356,0.4045390956881343,0.6673721031699751,0.6893718616858491,0.5549221631474432,0.03664414257256898
928,0.46142383866945474,0.5019877392654312,0.33024053910348705,0.9488832509439773,0.5205732714633616,0.0938660826223648,0.8255575191025795,0.4104894451864768,0.7202101732127959,0.2839787781281492
929,0.5195320026590722,0.4316792297287707,0.3032069161447365,0.17542357969535813,0.4925349864320528,0.5492453995521771,0.479110281474665,0.12112698762884695,0.5928987754703954,0.8445211063907683
930,0.5063820985274683,0.5449041763465807,0.6979171780067672,0.2756355044582358,0.08505033485600655,0.01178472445657239,0.5950416526779023,0.0921813176834055,0.5901312207082743,0.6816394551094069
931,0.5898337889814181,0.8490376936543372,0.42645709979737323,0.05410595018177458,0.11061416859550377,0.9999999999999999,0.7777495188393393,0.6491760372081962,0.3191266954672441,0.6406881434662124
932,0.7251095825131831,0.2250037991632982,0.545479343964452,0.9894833440295006,0.43523690803486514,0.8019647181292838,0.6223989847193085,0.14729574482370295,0.2876256581567627,0.6119790353303934
933,0.8160665312756324,0.02735899216501637,0.8732070249390965,0.7812554179928847,0.5507588868828115,0.5316562766329678,0.12943876622580935,0.8560709716717821,0.40481153802494435,0.5018799877758277
934,0.563664020351436,0.037923821106556996,0.4988294781591265,0.4809162347513547,0.45144851066632113,0.11879185137900297,0.36686396628537427,0.31055938052542836,0.669690220902943,0.7667309098829498
935,0.6164787952604207,0.13389956327183367,0.632493498078671,0.5758111369096064,0.3297453423178376,0.013165027901934566,0.637483615423448,0.3434962042442337,0.6606720911124939,0.8652865898643076
936,0.28810925460678505,0.570361004522006,0.5978373722274847,0.5624140268261545,0.45039473367035954,0.08502853654704674,0.42506819805110213,0.6599886915134904,0.7554184931980301,0.7955274421484735
937,0.48866689612367703,0.8081430572361641,0.39108108552013787,0.254458629999884,0.4336105916616826,0.35295986318421646,0.7646715425568464,0.21973475056828828,0.5000314910968853,0.48266387239547276
938,0.68265463151398,0.8867907221401672,0.6983102721995855,0.18545681257859944,0.6475582071059536,0.23609485549251377,0.8417189957727924,0.006467955601246772,0.6043006860591975,0.7785088433973999
939,0.6686322597260265,0.6350130352377229,0.3423155337682079,0.29709321634695496,0.6367295225845524,0.03515638839388477,0.389997129490312,0.44555069335340436,0.6051087957959529,0.7553388112180311
940,0.545172062986485,0.40296479281616626,0.7506629944718938,0.24724810795942423,0.3898324164971799,0.033545046800192165,0.3083943600047622,0.5276558469299083,0.4817193050748964,0.4557322902228391
941,0.6724859769232404,0.1542523331299278,0.3912240133376622,0.55776556587059,0.4872211118175199,0.5754083371695625,0.43226246144926245,0.44561692780060924,0.44105609007610486,0.334071655945631
942,0.597841591752124,0.4012392976280102,0.41164217243297296,0.308325475290822,0.5503022629955698,0.1484841305564284,0.4216095547249656,0.4577211686915891,0.22002232264997318,0.4101015663029133
943,0.731712914651784,0.5041605632076909,0.2977827720012395,0.7292611996929936,0.579015579357024,0.14272243854851083,0.7823357489442273,0.6656068981523919,0.47316257937850675,0.49317899997062975
944,0.5598413203633801,0.8700050002270854,0.32841067192092566,0.5681820031017282,0.8165351790955709,0.19628891268802473,0.3078718624418388,0.8456767866821805,0.4823830338498231,0.14690006393612565
945,0.43813605772784964,0.48656912581315626,0.421191388241701,0.5324896079829674,0.49143330213157566,0.9991057767873359,0.6358945988664375,0.3651733518276795,0.7176508487991864,0.21843404118386572
946,0.5686112616885272,0.22595771826978361,0.04734496119886697,0.9517125599689737,0.7229448105036512,0.6523138552770582,0.7549814614144117,0.7900444787325912,0.7363836459439725,0.10178671963914321
947,0.0,0.28858401519516913,0.4572656293467873,0.32253874658932147,0.27248623991442744,0.9999999999999999,0.6500634822465439,0.06214961874949683,0.5298234470776877,0.07223720285445834
948,0.577487309127867,0.13620169924656123,0.4060460847958446,0.635543136920012,0.3735343797296623,0.7675256481585263,0.5794378925779062,0.4800051697770261,0.8941406454147585,0.5660958685463381
949,0.0,0.918580957929629,0.648114824811584,3.140196382445115e-05,0.08375136069817862,0.21804883656538301,0.46897545710885286,0.37582680985152106,0.5382345160961606,0.6980596239187756
950,0.1800750060931821,0.050048312854420934,0.5796652249584078,0.7372437293699879,0.5261446134067496,0.2645176719356573,0.8400680771888203,0.4656753427284306,0.6983742350591156,0.6135922731186838
951,0.5904836815115727,0.012536058568270215,0.3688097490456448,0.5027560865234016,0.622126540253497,0.2902136321001187,0.4536525768190402,0.09096291024571314,0.4831289662869534,0.7268889393713256
952,0.5953440502596933,0.18273616892481104,0.41526335302804307,0.20846166371409983,0.0025969261442952973,0.2395631256957142,0.6738775963300048,0.13834595498294106,0.2855361344463952,0.4064657912822548
953,0.28592738292305253,0.810833172751759,0.4570258522647035,0.001492003617192067,0.5332975165485596,0.31801889269880995,0.4696168258472391,0.29309971923361405,0.4213581782738309,0.7991418016495837
954,0.3708921128672737,0.5233289377657455,0.7779056899063158,0.7072502413827708,0.6137485120055635,0.3400995232990683,0.15908543003899506,0.2731380827609489,0.7821798419031223,0.7476723221470548
955,0.7638317001087136,0.6257399919220971,0.3474247951434454,0.6629866082812809,0.6027284344249092,0.5099783880522332,0.4491528204550182,0.38477743610757986,0.45194809114739903,0.7109913566061101
956,0.41392324253518037,0.35753788877872794,0.36654881753721225,0.6656942674294318,0.26556579467261476,0.20757774008613394,0.4700691385717764,0.45698785212936455,0.41351605701444977,0.7659909466020194
957,0.9284265761333397,0.06838663950434748,0.290304977508667,0.437637009113934,0.6464202217599964,0.4339987651147765,0.47244728247684326,0.22074405679424036,0.501368529511018,0.23140010066661254
958,0.5048846848103165,0.8561326013254582,0.22438706342009776,0.6395724539715322,0.498677561144179,0.21697359114301124,0.3770691607666547,0.6190574155688797,0.42814465163173815,0.5694167073254585
959,0.5822325312148151,0.19164451319181383,0.5580359867396131,0.5715786236692475,0.6112005485369325,0.9999999999999999,0.6143692046526457,0.37549623022436024,0.7289302360391445,0.7749277398075639
960,0.8103082911454724,0.032755832693638416,0.5386217253012632,0.23898579998921535,0.4725334838273809,0.3620456816537764,0.6349091598902297,0.059599433721628806,0.8603379522241077,0.09881254034286063
961,0.5299682572249266,0.5725829053184069,0.7400107429871724,0.5189876696753234,0.5705807955642243,0.3284119518280796,0.44247779974018836,0.24328327214334017,0.5032684653112933,0.2470264460237256
962,0.31613114520884233,0.08300280582298723,0.69499946473864,0.5148105002541983,0.7114341526475663,0.17944620147163096,0.44092850656967125,0.5599448800273048,0.6048162447718923,0.4908035753528507
963,0.4845442459339033,0.0954796469747728,0.9478331812306132,0.8239828926357656,0.45741441147096773,0.05526115715033871,0.3050388608350358,0.6067059059386929,0.6867769221289377,0.4141505981177225
964,0.4985281073885552,0.8003326434531963,0.4870041610596847,0.4336693825361838,0.5518314058252711,0.03680068618812431,0.5458391683560846,0.799618175698993,0.5227628409565948,0.9142682391257693
965,0.24775630162031576,0.49146098823114004,0.4521934630981831,0.4362669911993734,0.7386170318947345,0.05982789389074956,0.7531513494422539,0.24506640934883062,0.33535600795393045,0.7506320312926913
966,0.45697817335333996,0.24127543874943774,0.2582944390454647,0.984838510606201,0.4711074857890007,0.6756495347724599,0.753280091804478,0.5620139110494962,0.4243554201061173,0.04077129897293358
967,0.3652149168781383,0.3484295635806363,0.6306899808698151,0.894856497336133,0.27919563094376965,0.06003121811403704,0.3883542236422038,0.475846761798172,0.5804167103093403,0.46527595281468953
968,0.6796487401756567,0.7291725814639775,0.5228872492188932,0.24237830684681913,0.6276429222652864,0.6590121520475655,0.8663087826117191,0.8485050585148427,0.5769570432872282,0.7625501039097767
969,0.5117772543291964,0.06606201438506237,0.6222395113985144,0.9106930080112365,0.7744221242602563,0.17830099059331128,0.4320799674397639,0.7299025823668307,0.16166258662261762,0.6689936345516989
970,0.4518908414040977,0.11620540390250235,0.28833929976310213,0.13801093733358458,0.7461635573752959,0.5334647795071236,0.31145046276966243,0.13149752409497606,0.41919209086811454,0.5376256997048403
971,0.4852131918675448,0.6161555057374563,0.5663538023361671,0.8537647704610294,0.6351758739196469,0.290287305757263,0.2476257966913697,0.9588375617831993,0.3621250154481909,0.08513840488176477
972,0.547344126412624,0.606862069615836,0.539049973029939,0.18338854307962024,0.5010879514399724,0.31098788507441355,0.300319079070762,0.35487556591746394,0.669757960733717,0.9151359743066196
973,0.6216234152531798,0.9724758775000392,0.5267105608637842,0.4257800776557785,0.37389049800664337,0.44726358403207317,0.5604872824606204,0.9546520101038963,0.3694897727146477,0.41506403580309187
974,0.3166276871211515,0.37436137084827825,0.37335493432611855,0.9843554482668868,0.38380020472216286,0.13189830213146836,0.45139994196412375,0.2848352993458326,0.41453273580469524,0.14508252535092253
975,0.3087269073410811,0.06478506596456717,0.7225851021217802,0.09707437619973452,0.5055565843558587,0.024720460127547934,0.38229131894651586,0.46867558880578,0.40789394750210667,0.08433921408165401
976,0.7136706240628051,0.5374043350124343,0.8831547537087322,0.8401552678197682,0.8234340961376885,0.3406958410426638,0.34254933417434225,0.5502549431065372,0.6524774448117305,0.7847863407466644
977,0.4274498619949561,0.6382477364102153,0.29370668323820537,0.49494251078113494,0.2878717157948092,0.15138148387751835,0.29850167303475156,0.06305816082166114,0.6862011365953957,0.61272704914201
978,0.23792632824308124,0.13933537779083793,0.6351408532402085,0.11102322547855614,0.930580607757469,0.27243809939123714,0.33471232715487725,0.715566929271038,0.5959096197856486,0.25166788775926185
979,0.5889826154627498,0.5527340459306079,0.0,0.9529107234478942,0.42292520529170136,0.3793813493393629,0.686260222112933,0.10420424241467803,0.712335631259531,0.5330056176765142
980,0.5926725216889303,0.1975193448883406,0.6254740272659862,0.5494650237625966,0.3485382731497617,0.08152599499238128,0.8316468297018951,0.16369630091796555,0.7368440251239474,0.9464700893909519
981,0.21644147766419086,0.8447006395793091,0.15200524243564548,0.881027281407684,0.6603633683717307,0.17459863919104132,0.8430541874634172,0.2898598036569749,0.15822014690577318,0.49308759979442984
982,0.5485440328296827,0.8351288479669852,0.4028769419925763,0.8694878903842584,0.6756633708053863,0.1368089864103872,0.6256829808883866,0.9608110201332133,0.614591746760399,0.39059897757053597
983,0.6440319600717208,0.5041605632076909,0.255907607474132,0.01462207333616583,0.6225952057908466,0.025992734122559022,0.40807382121370733,0.9731892561092436,0.4318869372638689,0.3078022459322793
984,0.5758837191872813,0.9667549532420525,0.46057049173582876,0.26494340611448475,0.3480442305164622,0.19080473728726724,0.37568467634953157,0.48906679485502,0.2633850239850924,0.18222797426405873
985,0.6244850800970408,0.9797900352055605,0.6572125720136838,0.33705747316812784,0.5939836951674118,0.37215165068287737,0.6384242181617936,0.5331008033894484,0.44139808905154226,0.9103494888001884
986,0.24029851934798518,0.12898018711888645,0.15440010007393776,0.535091085458722,0.29695967628358183,0.0025558107689870606,0.4534491418660455,0.21140843680456778,0.6409892227240064,0.17164742560508928
987,0.5677054208959671,0.36752338729493533,0.4337396858514977,0.07187985353240864,0.3426688128289802,0.16677093860180942,0.5749101504608685,0.4177444685283008,0.7786075338962237,0.05455777504602405
988,0.44815057563618216,0.6002095606439926,0.4050400276200403,0.38912675713866196,0.47852735190288187,0.1336609220005381,0.8550988500173686,0.9844987857305864,0.24660009524609167,0.14267503335901244
989,0.4141571925746073,0.08455191768897573,0.7956399672609794,0.8149939908202357,0.33827458561721246,0.27860930250784727,0.5389136591057855,0.7907434657192483,0.6196270374500883,0.18244533162526816
990,0.6694976996819142,0.3824701292957929,0.5813027078440546,0.17325161576480982,0.7005079256810507,0.04635112066101253,0.9192015518392713,0.6972881046252817,0.8755693858066274,0.4247892284906164
991,0.7843468362371973,0.26094570725226135,0.281235137175203,0.7015801422524143,0.38504451310323073,0.08124576286943391,0.2909813632328319,0.27802462707944947,0.8499458960699371,0.9096401656864115
992,0.8437970210068055,0.952057024626208,0.4128867222174405,0.4605221284177895,0.45423559771557875,0.3538704551505604,0.581461484401919,0.7629921471469087,0.0,0.13476628168003446
993,0.7533163368364006,0.4114102126748702,0.7909879343585425,0.07071842803356204,0.32662356200022963,0.18285209678157588,0.556794546089576,0.9666225057237173,0.9160826415358676,0.14612035338635077
994,0.48454297617322256,0.7626137441907521,0.634007208499459,0.1774364925054376,0.697579740863054,0.23501885872876072,0.31732879351886717,0.9880361235589165,0.6847186863251717,0.43730327412266234
995,0.57179586428066,0.3865213558745433,0.3295344856490261,0.14107642363302622,0.3680307676821166,0.3082916263626803,0.6468225124557605,0.5996161751805505,0.06378645745401906,0.9037738123789641
996,0.6499260791434385,0.13154203295490563,0.45097359918062896,0.6199839587777157,0.7177737864701109,0.031143556948908833,0.7813618291075823,0.16026328380792337,0.3566813742461747,0.9271344477327099
997,0.5281099802579575,0.8631283293473602,0.4569342623612337,0.08734536068253868,0.7035631729856116,0.3277601874928845,0.9053294762415123,0.9641369990267356,0.7410898510882582,0.9508341745505472
998,0.529918649621011,0.00010253185318484314,0.40044977836025664,0.8234065199002814,0.4106207255486871,0.36975419789579783,0.5747945175225959,0.5411638195916515,0.5705876788139637,0.12682565727996092
999,0.6606673115940029,0.05564522898757593,0.18183383044125231,0.8070113240555391,0.5026163785986517,0.20730451879310485,0.14830911352757575,0.037790195701676424,0.3931013642668489,0.7055261437659209
1000,0.4940618448827287,0.3641928646437449,0.3744075522578444,0.08007961480988304,0.4052496351269465,0.2772151176282255,0.5869170787960121,0.08097542370337198,0.5147674916647573,0.6473557885396028
1001,0.36764977836698953,0.6868155669156015,0.7598608749060533,0.8885869365979782,0.602435276007295,0.7335587116913028,0.6358077621173777,0.5770669316332574,0.6058541458286777,0.0304135402843152
1002,0.42704681882750356,0.3415050992029691,0.42969929332957724,0.959583241092244,0.4592617845513711,0.6783977677631002,0.4555105717606404,0.8352749048266989,0.3920919617311773,0.6722835124526941
1003,0.6248490113085972,0.0660206733009857,0.48152475519035653,0.04346886551560786,0.41612571815814137,0.33956437531127254,0.5385982684854116,0.941573333540542,0.4779913083982161,0.6969706985243673
1004,0.5058116650440939,0.3176327831453722,0.5269885527167519,0.9507479170328659,0.5058101231515713,0.47154833708284033,0.4097067177213585,0.9444899601922848,0.6725364668148317,0.6566437193473096
1005,0.5694355234477539,0.24474901747523195,0.9144550459266568,0.27957160466955655,0.1908343120225074,0.6752347557977714,0.47423698521010244,0.5784243548447775,0.36899998078568214,0.2156520963126879
1006,0.6316731182088846,0.005107103306815825,0.5024362248447592,0.66504879466968,0.4822067077900866,0.542828413332086,0.686646468076024,0.9814877157091505,0.24434155866744617,0.3323217337215215
1007,0.43452425277670276,0.5346678900688012,0.7047972696099662,0.17487699508676938,0.6225304191257719,0.36979081628254823,0.7552002582719675,0.14911990413162973,0.38106495383935596,0.5537359721449197
1008,0.6479309117544214,0.11637075850399313,0.3892230619325199,0.8178130142771061,0.5235812857413247,0.46407259868480044,0.26444193490815854,0.09415483163547049,0.33326618559372895,0.13836781346681043
1009,0.5767244770149696,0.28727879679637736,0.45240425985111044,0.8422817681489126,0.680954048386663,0.39497414395205094,0.4045594998181274,0.029722129851644172,0.3872288398646307,0.1587015058499619
1010,0.27227038111855417,0.6410917144268221,0.5031221471796646,0.9787726526741234,0.4238981198237929,0.2630010240123801,0.20581337972857533,0.7740723895589154,0.17395991344947453,0.6987346670397444
1011,0.7773716292029886,0.7250458991043475,0.35640861934151435,0.9929712446502346,0.40803851907638333,0.23540580401825748,0.8381025635832418,0.9166322303378874,0.5469040236048608,0.1656578950534378
1012,0.41076963785285464,0.2632300208173227,0.46278861883358724,0.0758733895203692,0.28075797336752506,0.6069534807699767,0.6595768640600028,0.839817803102214,0.6669670756314652,0.016626010275442582
1013,0.19297424928649826,0.32899025247782393,0.6663988371244793,0.6582473247202052,0.418395732965375,0.4960050263063774,0.12969226676296958,0.9396868389602119,0.34792967917600587,0.185050831742608
1014,0.3080748371417093,0.2466780474657613,0.3515165340126537,0.27315265806686373,0.8771348520629381,0.10106365025439933,0.4869981401296431,0.5478573808182492,0.37828043046210874,0.07546896441291906
1015,0.3126027277903832,0.9568970369921239,0.5007977216483861,0.1256163619282323,0.5501753900561546,0.5574127856225164,0.44660350622643225,0.7629743285331824,0.46654143948612975,0.2821269311199467
1016,0.515090633838438,0.19026950412681443,0.6329569082776121,0.1488446860116406,0.38361920948270045,0.9999999999999999,0.3594242821149029,0.3363584601733947,0.3290119954969836,0.7603209185629187
1017,0.453578571983471,0.18292790372279108,0.34702170914526953,0.9368491908379997,0.3022626378307187,0.2515669023030345,0.6901135502469078,0.7665141390120135,0.6890390902990922,0.7860836486809578
1018,0.44169563796315586,0.44487097531035946,0.7050711272386412,0.6839447892261687,0.18767855515994808,0.23860522065765016,0.6858899336867561,0.7529722194775417,0.3333138992844252,0.07129601432862481
1019,0.6221682601843656,0.18905572681245386,0.5143735764764436,0.050464938295083334,0.3362571462041602,0.17948518559599697,0.5486233532015206,0.43531741112175404,0.40223105024320854,0.5702625645133925
1020,0.5693723903310638,0.156446821678127,0.46998646256539456,0.9846640371748541,0.6437264652290519,0.4304640375832822,0.3805117595278365,0.04321888653282614,0.35713600063930134,0.0879922341976378
1021,0.564876773864867,0.09559737253653756,0.12627010003314074,0.8081649604486167,0.4142782741488322,0.07475888168960197,0.3820624925488418,0.26586456805004227,0.6935405587203469,0.18703686206446907
1022,0.5825706870720221,0.6400727885278469,0.4311039876693945,0.3093024247495466,0.3115413755823101,0.03926908178761906,0.5070108245269638,0.8851993753730573,0.4582407950331336,0.784204802328867
1023,0.6214952056191184,0.6119743149182348,0.5700815216101045,0.471064264728565,0.33281603545751604,0.1740780742170951,0.41455758878187526,0.5870823295230646,0.8807900743550152,0.9720127187100568
1024,0.10753193755067582,0.6500678046082572,0.8262805343670058,0.7268912965147614,0.6225050472462063,0.9952336684512532,0.4978315765766396,0.40478743633186487,0.5693488548140415,0.27157576359392166
1025,0.43648706312505486,0.7732464811298536,0.6066900276665036,0.6763241292579464,0.4811593324728701,0.2866803653652587,0.6018795788686879,0.9474511520740353,0.7222186954753544,0.7767542320819696
1026,0.09389900747952355,0.32615363713334283,0.7108156510261859,0.4632748848202378,0.37555944807142083,0.4675863669684896,0.21594800945787057,0.36611031019678514,0.44053601172731066,0.3420113605390078
1027,0.5120504635098119,0.9184191878913336,0.27528826155523123,0.5126065919700887,0.4372271311474028,0.4089978462413465,0.35900998510545973,0.32772576336510595,0.32306275839451887,0.7845529255734165
1028,0.5043727910948556,0.7331375514673738,0.4771292621573895,0.04320832783649689,0.9235555337673125,0.12096504863047587,0.492688889082799,0.7704338788214714,0.49584108804684895,0.5702422901335668
1029,0.7025111627001421,0.8046656625091355,0.7284451329080762,0.5008445221826628,0.7327860499342145,0.3780521198692555,0.7877340074812647,0.35496561668700244,0.3731368698575382,0.5463018678300464
1030,0.7293220692014328,0.7208909722389714,0.33522258940938787,0.34038431648203493,0.7809498498200133,0.06758118980187965,0.6548817225154915,0.4459548445616155,0.12246215924196807,0.8087683091743652
1031,0.5435051919736507,0.35826210314492185,0.6807910294028308,0.28516320933018136,0.15797332290995025,0.021440557437399612,0.498244413810709,0.7223638554178574,0.6946885442889765,0.6961557713962074
1032,0.4108420255347261,0.282813489471109,0.6375417779939491,0.2697273291510437,0.4676505336671298,0.07156163097354934,0.573137368204425,0.4298310589169414,0.5083614466602104,0.9707545349632274
1033,0.5967839641499375,0.4223451488614238,0.5520159087751902,0.6492264688862645,0.37215809234890607,0.31155486891508893,0.48017681693056286,0.3219269111252967,0.36909812871634345,0.36263269550611565
1034,0.40564283243003535,0.09674858378659569,0.4394794773498897,0.42943603215749404,0.6020712848833112,0.15333963499700604,0.6976687511057289,0.014823150121784937,0.573624707316966,0.9550494471939905
1035,0.5049841538159615,0.45111828888354116,0.31684126977738736,0.4259792288460743,0.7018732565684327,0.20713296313387847,0.5789393132545735,0.8605675878307429,0.5110571773941763,0.827635620316038
1036,0.691304718383289,0.042841017977476366,0.8318817988640207,0.15924104364470879,0.5600175149449084,0.19363405006923864,0.7348624631344365,0.5264790773805773,0.7699717323049415,0.493508812936344
1037,0.4000102281917001,0.0036327660755710992,0.6186207876654566,0.9622872281887325,0.328118413348756,0.1908057178879031,0.24882654620896355,0.8513236352869874,0.5843670991780465,0.500786881197036
1038,0.657257133483261,0.9314988068074086,0.56430457510744,0.22401006514125435,0.3690198838550177,0.44179656014321883,0.350152151386056,0.6176781860351149,0.47232957479692156,0.9019541520801939
1039,0.6330546095728046,0.6892549950459219,0.42378639708622756,0.40627695891068893,0.6169130807638146,0.30388812947000937,0.5495680152916886,0.20022424797406324,0.6338778095573876,0.5874229129067663
1040,0.32510297919484815,0.5617220520076772,0.5078440154633971,0.19027309919469262,0.6361595297458812,0.9999999999999999,0.5899655169771205,0.362827176796762,0.4953085204284708,0.33775992369943963
1041,0.6889949415654099,0.34090264006600446,0.5315001874517368,0.7034473794742373,0.5241418361467279,0.2023373174517162,0.9418021368899918,0.4169604765754743,0.5370653458301755,0.04131585896807399
1042,0.6370478801806494,0.5704160529759834,0.5753562308087167,0.4363103218371813,0.5219829079473493,0.32296596548264284,0.16535087521812292,0.7396433248840377,0.7350870257767692,0.29958898085219415
1043,0.524477626006027,0.8915621690803737,0.6377324556938615,0.41382116360125076,0.5065728785128989,0.5523572633633655,0.4928028650360881,0.5479627937001706,0.28013668266778874,0.2172940620636699
1044,0.3614166616049976,0.6522857950224052,0.3548535089192152,0.8754785910486707,0.5489284023819823,0.010326886450268177,0.48452800731295015,0.6363520109385775,0.33813701214542896,0.1289761530903064
1045,0.34313748807635897,0.6023708177573303,0.22726702653762873,0.7598103183173793,0.6353641189452633,0.020442208860370972,0.5427903077404783,0.7530064129061463,0.42247194829863416,0.6726070427360173
1046,0.40380422039730296,0.4600453022566782,0.5164991377577139,0.520095190840478,0.6187689836591194,0.3210930007607835,0.8187168353352112,0.2734680010643975,0.45027118328461685,0.3956630906143325
1047,0.6076201164841041,0.3454991821635524,0.17493252170375503,0.4687869270033038,0.5014398821777377,0.03484574623408774,0.6605909713542106,0.8820040065208637,0.7218592218949349,0.09451093923056852
1048,0.3249457480675962,0.6984683569609235,0.44041971991078,0.9603241542235783,0.4873903289641429,0.12876813121905864,0.20294237090930273,0.4530032696252937,0.23337763898060232,0.32694281763356936
1049,0.5877938853657104,0.9809975091724155,0.4058193818999455,0.956883337457654,0.4799919543417879,0.8065453343846601,0.7819060448896642,0.6609868128624021,0.49653659759990937,0.1403624913865243
1050,0.2709605261693452,0.4245865290429391,0.5924900623787531,0.7050761446455975,0.3459406758047224,0.8278676228827616,0.7767587600108175,0.21777185878483296,0.39750462825311556,0.5985828171428124
1051,0.4667445725295944,0.3920230526448044,0.870527025570308,0.7604787026389416,0.34348463340829627,0.02325246828364258,0.5474466985995579,0.23295203622154864,0.8251970871710175,0.42687921053458455
1052,0.5259345378562127,0.42794344050672245,0.13812324391366024,0.8994876641581027,0.6020937377090344,0.1904875395955316,0.20040513036094393,0.7349035832127466,0.6700535154257583,0.9342087679157769
1053,0.9665782166289127,0.4253730689500267,0.9249069454068565,0.9647335417488669,0.3589896122363082,0.2535471565841951,0.47092987016137106,0.35006379693679174,0.5474875039782772,0.6087220582075349
1054,0.24538392017917515,0.9906445964448792,0.4573135927055936,0.08229340287144224,0.6543147376512007,0.6584814059698286,0.5853926656431803,0.8759659522121774,0.686200826219864,0.7651629118644294
1055,0.7829770770277089,0.7067022786673662,0.565645956464169,0.9977788276738679,0.4869467436679392,0.5978129153337597,0.6827834849205854,0.6646144282081016,0.25147494590781866,0.33501694848308805
1056,0.533518205651371,0.35899115290377637,0.23692094285740348,0.7033266865047005,0.6554098043592325,0.2252523014634597,0.1722330399631941,0.6652967113675542,0.8873244431780047,0.7544689190401461
1057,0.5828241625261453,0.37131323498086766,0.6866934222268312,0.5929985464248461,0.6200829530087886,0.20733065660756606,0.3569950419220564,0.3799449375559702,0.3422063194527371,0.7347710524519405
1058,0.5275760274265956,0.43062779858607503,0.5085155692465199,0.41333812758932664,0.6599233626712158,0.1557173330869532,0.7015052870509573,0.9026963175006121,0.7409351814232084,0.9908985385148874
1059,0.5891550835881425,0.03641005265996314,0.48931770721373014,0.33652554241614474,0.40473574172128485,0.36207658852588365,0.7760026295425202,0.9446934496418188,0.6069431314171998,0.6611529707482943
1060,0.47625060096332467,0.5276800212081018,0.139467040670657,0.8045612739898526,0.5759700793195582,0.16414239551930007,0.5783441224901669,0.2575353083047564,0.5523571507898837,0.9161536668567681
1061,0.7795876733054039,0.8113402774606343,0.5145439094050468,0.6547171552034058,0.6396053991318884,0.03954839327758085,0.7108224772960576,0.514329758812715,0.7330082405116236,0.8669127841391415
1062,0.41912289362984406,0.6604762177283362,0.6585244997156566,0.20077833894689587,0.19680909606802616,0.20952932576638128,0.5829115560428169,0.9069606870005399,0.6914707189282094,0.9187309939215498
1063,0.7188695901648215,0.19817329063240574,0.4567161579998822,0.6101726338617018,0.8260315546758887,0.12866000731793,0.676608487121263,0.10077213586853327,0.5225413273786763,0.5731440298906827
1064,0.38367189882748926,0.7279654367094697,0.7197642975129277,0.14121185595431499,0.9351746880915739,0.7955631853598243,0.5256828311569766,0.2972014910055333,0.42204602826713006,0.22393828578806718
1065,0.49387898243829137,0.7193869072739347,0.712061244927087,0.4970843735670085,0.68010910607546,0.14320372253641533,0.5874630169189441,0.9544870299133058,0.5255138903366534,0.585005157569422
1066,0.3029959643890465,0.2623133003095071,0.38121955781563854,0.5837070535929714,0.6527570482452552,0.048651369651618606,0.2734702731104314,0.4847210448035997,0.4826098451086713,0.9216733348947994
1067,0.5910978363414203,0.6227703594503472,0.7982630625135022,0.6359575351538168,0.6107597238818079,0.9999999999999999,0.6321502643286527,0.9515957625190844,0.5693918941124909,0.9730229671624587
1068,0.777903908467989,0.6108407106610756,0.5092284357926609,0.14530983007768397,0.4343170248686078,0.7628363414471461,0.267828890391348,0.3798458458058618,0.6960316513562288,0.9461695901574068
1069,0.4906518476794685,0.8397565374181779,0.5100583952744745,0.09562330043045056,0.47556790718424286,0.1438715248814236,0.6319433870601003,0.5272754545394709,0.5911591807229069,0.44105843897431396
1070,0.468099792850391,0.13580371225681104,0.5192406944356956,0.258808044680775,0.6834199216226529,0.10819675769403007,0.4179071333502608,0.4538497718854423,0.5372623405130654,0.8043231095388805
1071,0.2949482066506255,0.19458973929493792,0.5137082102475163,0.6072901021768371,0.30863117750458957,0.16111364372460865,0.5671737963437473,0.45694311673499044,0.37790091146566535,0.48853237661726917
1072,0.4619854586724081,0.4858189990781743,0.010272442397604914,0.932092576615382,0.2917063552269278,0.49993879798106106,0.32310123594293877,0.9177489563512212,0.5638189537038225,0.691711250193133
1073,0.20472881387700698,0.043845522693657706,0.4661849641334507,0.7794630447297703,0.4200235608060003,0.495842246383339,0.4059828783597644,0.6945301030530082,0.1799491193514287,0.4315044415964149
1074,0.3330110090303296,0.41541994032411317,0.2464109066845996,0.7460346533497084,0.6238150085214722,0.004286465770821778,0.5668015603330177,0.9457861893532592,0.35063120586565705,0.30252991109997773
1075,0.5480354314092873,0.7881705504896372,0.8040858034093105,0.3303651579275545,0.32938224406957367,0.39907308275340087,0.6380905807868638,0.3291758064264543,0.6173143321992325,0.4419036714272978
1076,0.7541097705314677,0.14845006127574367,0.7965788442453919,0.11173956918082917,0.45327622826434516,0.027747704327783475,0.7007256715197527,0.9939807187031938,0.6703080192011166,0.3069386008701499
1077,1.0000000000000002,0.45978944989713677,0.6596639903184213,0.8923308681588678,0.47624385914436307,0.1698736593740461,0.2867008475589519,0.7075604090783245,0.4982153418880991,0.4231452709242882
1078,0.39457383867329215,0.989788767702873,0.4563079557708448,0.5010648841354809,0.30115482232961255,0.08164964148638157,0.22192546423632414,0.1308218226526222,0.5403249562352468,0.6776694529959492
1079,0.776050040162072,0.5057762422936553,0.3127906228829309,0.10053787995370753,0.024960431786990422,0.06633765920796585,0.31894789404577456,0.41264252886179154,0.5724828410295861,0.20069973974027755
1080,0.5512365482546838,0.4981774891774584,0.37814506013307014,0.5351958182383941,0.29832241020013184,0.2632880732232386,0.3022859170166678,0.24825767507571922,0.6315995516120565,0.6766996197720648
1081,0.4767104846665737,0.5586676581157402,0.863075564077156,0.6757019997442738,0.5473403575523739,0.4955273315017535,0.7880078322904833,0.23504041577631063,0.46387743010764587,0.07356277099205838
1082,0.5868660273251046,0.18575262348011687,0.371689251636211,0.3200280852618126,0.5909111705505715,0.18975097090351656,0.7461930811363509,0.9295967620055908,0.31539900970879825,0.001530551667025093
1083,0.5169289110593935,0.14689902665981022,0.06147261119830813,0.009233942153848346,0.5925010481322209,0.4487777051919996,0.3150158233718315,0.9600136884858533,0.5756959980057945,0.23299849020700353
1084,0.5260756601833324,0.6772687194130117,0.6929025999901818,0.6218739444859335,0.6147856776635492,0.2482455428891628,0.814481952222265,0.01360019899594099,0.8741780309589029,0.202311596834449
1085,0.4282052559282495,0.3955858606250301,0.7806185612661173,0.04009473279554304,0.3757160300046338,0.2912770161944884,0.735175841814397,0.13755284040187132,0.3268941949997655,0.833149914551947
1086,0.2414606422392444,0.2896899497363236,0.8102177806427474,0.4329733303737341,0.5010879514399724,0.11127666569128801,0.19822092373529782,0.27745451791799863,0.4780300807406505,0.7560309241479307
1087,0.21400571287415615,0.03108768923810991,0.6944286006198095,0.8251357631459961,0.5010879514399724,0.834279152198133,0.30881326993850683,0.8477247052842941,0.42876220719842234,0.6663720697516552
1088,0.6284969204884757,0.8460215245422879,0.7248594230604042,0.9992883223012803,0.4559196032334937,0.8179533461785772,0.19274878851074256,0.6109373164090288,0.9605982234043915,0.7062390776940249
1089,0.45304093084365155,0.03202525149582552,0.5106530972396983,0.37045417860760166,0.5010879514399724,0.23037944657839143,0.4829301781637098,0.5652288274696361,0.31962320282551765,0.6629698678467236
1090,0.39278072054134344,0.7499217274499294,0.11356082211780452,0.020116945949414516,0.5706458252507483,0.21029365542588668,0.5021185006095408,0.5980973683192449,0.4716572952564509,0.8264455412968346
1091,0.5068516967794935,0.38180295937762254,0.5059808133114528,0.49311082014375474,0.7452035880390365,0.004600794854820129,0.501773039009864,0.9506449710266968,0.4328582015017995,0.5338697762480102
1092,0.6552295749694915,0.5985753497204969,0.6167017939663998,0.2763833653022808,0.40683045193392375,0.13339910404465066,0.1249458258657083,0.27539840148378003,0.2638413022055916,0.017581929097798765
1093,0.5392768099090431,0.24744706949589648,0.475553828005706,0.8931668603991139,0.7033679401461854,0.6965795154817895,0.23555993205213782,0.12282839834210484,0.25352309406922807,0.8633128406779451
1094,0.38146671738462673,0.1551375898907998,0.46705595137096456,0.7118115270705149,0.8904394052698978,0.6206937610249994,0.5469079742143206,0.6076447418082216,0.610121928307727,0.47039386844198827
1095,0.7366159162687393,0.5332535005094037,0.3209772074271283,0.4044901987469304,0.5072730898413853,0.17388287001079725,0.6137145732071443,0.9689392204461714,0.6367702028191617,0.9284272918567367
1096,0.8031973946398336,0.6955379492760694,0.31396110622347984,0.7623598728925122,0.5934572926599155,0.01641516907086282,0.12622194367716194,0.7099017816725606,0.39584762366938714,0.8930029699999324
1097,0.5985566542589452,0.19524475072891279,0.8435879913285248,0.34134373526016837,0.3168883715214994,0.7968477162794657,0.26251872618111854,0.8921353210323685,0.7698208323530136,0.39930538281859623
1098,0.6889514302686187,0.43619169853012035,0.8503387372242596,0.5219845926755641,0.6698126360841213,0.09233676044684563,0.6875554133282904,0.8962115213512089,0.0745335013994261,0.9330746303064554
1099,0.7395718720415142,0.44449052140536993,0.5002874390432628,0.9231909454052862,0.7152683373431503,0.06500480655056588,0.27299521856665404,0.21882735435365563,0.26305752509128016,0.05852595062684518
1100,0.7184667239460341,0.2157375191074266,0.5532840717438237,0.20023018407029583,0.4012371419192352,0.9999999999999999,0.49619351311080445,0.6854796990122622,0.3454612762903743,0.6623133803378165
1101,0.6211111623921765,0.5649256320792773,0.317855265323705,0.3131829070247747,0.610257001581336,0.21690819628677258,0.2554312859696121,0.8622199160081325,0.5004400238764781,0.6814757133927005
1102,0.6181391526024151,0.14567041622335578,0.6206185920245582,0.885981952432479,0.5511288648188268,0.5403863349642372,0.6523259069638319,0.10083251830239827,0.41647803144151757,0.8401258759027028
1103,0.6032930987873291,0.5096066945790086,0.8289481979780527,0.4620717925847546,0.5724663086990901,0.5495183323265155,0.1267438854672857,0.6513367832567066,0.4639462099156582,0.4714143271549822
1104,0.2982083508039008,0.11315527022254793,0.2155860867539874,0.31801595823744466,0.6539444934671537,0.7516154226173131,0.4427287212266015,0.271608601655752,0.5942914224850195,0.2405198907414271
1105,0.6374548133917064,0.48539176001537715,0.5872933785398414,0.037296596688184136,0.5972470785825881,0.0649094001093867,0.6724055628321561,0.8216424927430719,0.7789537089661864,0.044119893495439155
1106,0.24944071861606354,0.3113896978746395,0.6013064715554748,0.41912670408235486,0.46999379768531335,0.1551686641024791,0.6114646295320756,0.22278051291479994,0.6545860233604441,0.46726057475448646
1107,0.3553270356866006,0.4520844053660829,0.5991774869222329,0.5008123742682198,0.6580599686826505,0.017909642750791273,0.413270415602846,0.3730935664588401,0.5128089353935019,0.45324363794762385
1108,0.7511951175108732,0.4335812297705902,0.8071596198412115,0.40650072261981185,0.7119409878089871,0.3167068276408463,0.36998897242202616,0.6766179291224244,0.48691573790338954,0.3563485396456621
1109,0.6637742042289789,0.9079250363794031,0.8804898476246547,0.2775677467607398,0.38968156141929855,0.9999999999999999,0.4559330119098041,0.5556208639956737,0.7113861398717582,0.6364036632380619
1110,0.7858795782025431,0.48978643387626336,0.4572374056969779,0.36928089816672915,0.49652981856991324,0.300170586735837,0.2610021923590565,0.11948007639235105,0.8601062014992129,0.5313548908730513
1111,0.45398914855013234,0.8184606322169306,0.626325142118317,0.6427213760688355,0.15476458685977268,0.3174378743080676,0.48045293397645467,0.2248694302344279,0.6234032801724596,0.11550013863674824
1112,0.28784806780109773,0.2254140277862214,0.5164903453138007,0.8916708782366165,0.5010879514399724,0.49575222574874206,0.4836139287037908,0.8858548375828248,0.40903133143972664,0.048061517736259496
1113,0.45988277844067676,0.3518871014259706,0.38289430633809696,0.6499557297547595,0.7334619815539439,0.23828394690669957,0.4217881635832485,0.9888630110923234,0.5513888881044577,0.8906702217756433
1114,0.5244975140566356,0.07480019851821806,0.5512868052391008,0.6464407253455337,0.44710993267216276,0.18647182573835222,0.6834840115558611,0.6938588673195821,0.6123881527991111,0.7421593284038697
1115,0.5201499892549889,0.42057527695048974,0.6260129214527627,0.8172317591266114,0.5226879960786982,0.25723958206877867,0.3013863364956117,0.00919523599497922,0.39667485701659383,0.46316521482397666
1116,0.7191423944454476,0.668611056283992,0.5412373941847949,0.16519957248128217,0.4542859822685264,0.10348187878299822,0.18442211401663472,0.7433204465714608,0.666616223890989,0.49601816165982476
1117,0.43708474823871596,0.8381354007011184,0.33644457309853004,0.30121702719589527,0.4226218610924913,0.10802249842505786,0.4019768572775125,0.6426783050833257,0.5523033389481449,0.11440015916637508
1118,0.5716664925052956,0.5657913897322637,0.41432903165339763,0.05059503017661618,0.541786051984105,0.1781127386903033,0.521785037326395,0.41151902976450405,0.7234016595497601,0.26346693022422285
1119,0.31871914801736667,0.6399741767411355,0.4157563245465259,0.3497795458516053,0.3451840090857009,0.20741827828415055,0.47921284320565655,0.2276219367371063,0.31658042258614955,0.8247694276433726
1120,0.5902098553148513,0.17701238181354706,0.34366890618063917,0.9992644612430861,0.45136886824598543,0.4554171495173164,0.47101418569571624,0.16523240154535263,0.17129660282201215,0.12628709634560864
1121,0.5058334113624001,0.03690406999401915,0.5592549150813702,0.32944478512736286,0.3219130986863641,0.22276585044362623,0.29107552147734167,0.08301662058418939,0.42752593289882207,0.10424172247950553
1122,0.36377698990717644,0.7916408245350083,0.5787572439378177,0.860149646430987,0.6108212314740225,0.7646904627749921,0.3176131831142021,0.6391207249268576,0.5066504722144645,0.5581132565737078
1123,0.46075215486063953,0.16678005926017156,0.6834569808155485,0.08579796352973154,0.5431529695250161,0.336652454617044,0.4087989345863659,0.33692353702883526,0.1600070610358108,0.8403098375877809
1124,0.4704978242430771,0.09088578068075726,0.3408382004529691,0.4599047982359591,0.4134646916195706,0.5548611924611502,0.3942497822159918,0.5177827481889938,0.3865465952348101,0.3790850639577332
1125,0.4542757916130769,0.9375642347099932,0.39308380091859507,0.3516054547474068,0.5040498551885497,0.09109704852422369,0.701518046951277,0.5249826551275254,0.745989682206633,0.6458565955512598
1126,0.8394520939692999,0.9635320393797809,0.7907017032179265,0.2016564375078532,0.4541835585560988,0.3096575457946426,0.5476019278270257,0.6071315154146278,0.6034536886134296,0.9021453227522641
1127,0.4866727566774521,0.6161507607484257,0.4701033393109082,0.37265853625140055,0.7181382163651902,0.9999999999999999,0.40064021470651995,0.5943665358867998,0.5284013235799871,0.8912543424404946
1128,0.45923017313642306,0.37845054196329286,0.5064004264496302,0.6515587563954853,0.4115740575512167,0.010193556339241652,0.7009511257629235,0.5188469416204287,0.3015639785751882,0.46784393559910425
1129,0.10951345931860622,0.8332062444622723,0.46812501907457693,0.49051459816465803,0.6197127647299939,0.24734144389632376,0.5812504337038473,0.1546452566563291,0.7396684059057044,0.2955405292832087
1130,0.33653366336935897,0.2044745292393079,0.712086542483528,0.8447035724494051,0.36047157399940954,0.17506138324838183,0.24841970711357214,0.02648524933461978,0.42285398791232626,0.5733608062796186
1131,0.455611921786161,0.4292227272017031,0.7193184486799655,0.9053440582991985,0.6543736425023476,0.023634551673022263,0.0,0.5759930818412218,0.5201878962478994,0.9241995914783048
1132,0.3758446730388398,0.35682327125219426,0.7083896899309231,0.4820954794864515,0.6975208981114692,0.032670104715347065,0.2541966639624151,0.4229262750869166,0.5795388063658986,0.6808479727166635
1133,0.765938542713269,0.9126935131828764,0.5057358641807477,0.9821591202742679,0.7066507941767989,0.2792135590412778,0.6086795753600795,0.4098161978897793,0.5346751167812578,0.9551754818033962
1134,0.4741275199327289,0.9197733265270137,0.33807552164025256,0.07203467848718578,0.7814124427703685,0.4056368867155862,0.6633973283612644,0.4297764982329877,0.7855476335132519,0.5791395723733685
1135,0.7483422194917911,0.6507910830875566,0.8598251617199185,0.27644721859546373,0.5534446253455744,0.7692244614472865,0.19256966910703893,0.11304178746249623,0.6114005675111347,0.021162384339265705
1136,0.5168889406444976,0.11046299075623112,0.6604790969131802,0.4168839046398193,0.7363303372114698,0.5339057757155868,0.6204348978536713,0.17881155863300435,0.566418930192915,0.4478926333624726
1137,0.512270817127203,0.4820410102781731,0.41561616157858183,0.5829505779434145,0.811038339190064,0.9999999999999999,0.6134410047739589,0.6620200458506446,0.4857211459607455,0.903274389053201
1138,0.48849337208981786,0.24509664199737122,0.7663172719526471,0.5461618766398967,0.2798424129884126,0.010537541332222426,0.7563106691252799,0.5135481407399841,0.5841940857915806,0.03370469629526113
1139,0.5059631624116107,0.8848998080510667,0.40089233497781773,0.5682190510783581,0.3801951761614714,0.9999999999999999,0.6742668895585295,0.6094929361006439,0.4622460589356819,0.6179738014378486
1140,0.8295380101599141,0.13813498600953233,0.763871297520574,0.8966441698746841,0.20756867348689917,0.3097842584105732,0.748347167834881,0.12885092537061132,0.5381190193401084,0.37789298311059655
1141,0.0675977941230778,0.05401408052560406,0.7764749010739528,0.27767375373394165,0.7021319163213336,0.2911837154831863,0.5890161405311722,0.814106582574244,0.4372223687507168,0.4035961441890213
1142,0.12760823327944903,0.7043522618142356,0.328928503300422,0.8172106330109191,0.20508670164941345,0.1399812323131182,0.5828452451234629,0.3723122722575645,0.40725905333098916,0.5675521403416581
1143,0.40276495870835943,0.45312453919304935,0.6092765649014326,0.5582382476890182,0.15260796388432468,0.3779484815179276,0.4366719368149558,0.6129048668261684,0.3281088571723975,0.4115418564089799
1144,0.507987936856918,0.8383333209729532,0.6466563544982593,0.49069709019149477,0.2846122655125665,0.974866967955678,0.6502546266283342,0.4653877924588298,0.4506202515698236,0.920141418981439
1145,0.6354513398508402,0.07434029388287071,0.9884505526182373,0.2995320478396317,0.16064105779134902,0.3373128806536163,0.253057817761617,0.46805942382819243,0.4381570063472388,0.3036515730083036
1146,0.5945059362220926,0.8010319805343038,0.3623451190595094,0.3041895686308521,0.5495205742410506,0.0968145742206585,0.4733177687435301,0.778523718934634,0.8496841891878975,0.759271198492724
1147,0.432749882113833,0.03703282804760578,0.7679443410196712,0.38863950599309405,0.2870978114271461,0.3415568735989272,0.5985218718662839,0.10984650449398191,0.6906202647027184,0.09202365470378848
1148,0.6975134688334279,0.027764960145944085,0.5040160762792848,0.763842812607463,0.16993119006557733,0.23666959059139125,0.7587412917485294,0.07426414549361983,0.4766788578648629,0.33280405982761296
1149,0.6996175011737252,0.46115692607704684,0.26927198161709864,0.47693315991540386,0.4887783810921248,0.12368541647503209,0.41071935853617497,0.1005497460284867,0.4217206147307842,0.15782163540455973
1150,0.5399737487992515,0.2210514526256738,0.47840402132670934,0.15388527251816778,0.5001877497284324,0.2580009058625946,0.6772536028937264,0.9953879064528098,0.6189885832518456,0.2197774715135885
1151,0.6868749010658451,0.5936045690848363,0.5012407852060168,0.7601938223771654,0.13521097840758795,0.17919277696066988,0.4625234750203739,0.9271904500242513,0.8711334534520276,0.5644720129560605
1152,0.5566878512730247,0.02551118202046155,0.3033026041037036,0.6636662054359433,0.35882862530830084,0.09861107438771652,0.6810320623467023,0.7004446919835472,0.6534707562188098,0.34199935500913403
1153,0.3993099323188117,0.03508696103240039,0.5590001688422029,0.949656615017777,0.48244065655741397,0.015675813116700396,0.3510449110100819,0.447268309786068,0.17536670010698013,0.04869402420833552
1154,0.6369064681767964,0.727079392552427,0.6794084668062639,0.5296386320067279,0.42785850508690304,0.0515249607539041,0.6328577479422122,0.08455199226694639,0.6661241830185138,0.8633995784579023
1155,0.5261166772337905,0.20992157022362135,0.545204525788921,0.6547042351680603,0.43314681270503763,0.6375716002922607,0.4813145490575513,0.820867158083122,0.6997799775775084,0.6753781901329559
1156,0.5054997038637972,0.6563241472762007,0.3997295015454938,0.4795317410996024,0.7249839534160635,0.1851273006867685,0.2802377739119038,0.1889929811785072,0.9199504043174096,0.9552185351172643
1157,0.7831542425364175,0.749860744291698,0.47309170899428143,0.681074438059485,0.9120778883073443,0.11288714297583906,0.47062013766765304,0.27244804527387384,0.4549603322528068,0.8004403668118292
1158,0.04283224367373377,0.059036665005982314,0.4999338010503266,0.43629863319673146,0.4362773812562774,0.2542735174673099,0.7427801457075685,0.8407766761683358,0.5284661267438122,0.5593491051786298
1159,0.23776745050692283,0.7696992307451609,0.5413106762071103,0.1379007089900062,0.24119002377835913,0.36473976902729754,0.31084798324444735,0.2569300624266328,0.587677188701633,0.46034382132298607
1160,0.28127815683939766,0.2681972878746487,0.7077598307051505,0.9871183249310858,0.4515030753290361,0.322030398559201,0.22502814019383938,0.844563746857932,0.3570011597989374,0.9466121539037141
1161,0.4367092459457637,0.38936290930004525,0.5514967241959822,0.7206761595480929,0.534459382419534,0.10744296304698449,0.5724793568066251,0.7858867183293565,0.33978957031724527,0.42394907456934733
1162,0.45720909116910674,0.08635390839311757,0.23918416735760337,0.6088868301573532,0.486572300840451,0.9999999999999999,0.1893282189887548,0.8372726397843281,0.5780105733140823,0.5448739501349562
1163,0.2208544775694466,0.8385985062080147,0.39591063145311245,0.4816231811238846,0.6150020691535055,0.10692673243984696,0.7873668360625463,0.6741649050430455,0.20899770107005006,0.33369689142560044
1164,0.3193736785493645,0.5606035138735711,0.5317433370447573,0.7117373447885695,0.9247211499627559,0.12056245124559802,0.7827180764835371,0.35178468860721573,0.25193402686634575,0.2805904467679444
1165,0.3428288823597651,0.5045210832262648,0.7104255491473834,0.126814049676474,0.16551371113785257,0.1730757303699838,0.6904831340690032,0.6530274919392826,0.6571025814708635,0.8455509603321276
1166,0.9688977588623577,0.9685671850776235,0.7428239545695314,0.3262443148645433,0.3987948371386636,0.7493667103680198,0.4968332563583275,0.8290846585919285,0.5967200016318954,0.2469669257020462
1167,0.8451879020209182,0.3343041342528607,0.8317523796737539,0.12473752256797913,0.7949767713748344,0.27114321206964304,0.8060593574307588,0.7493433592275767,0.7395657203038337,0.14399578190469364
1168,0.42756069910590805,0.8907654103929733,0.5251401469162141,0.1260638783678786,0.3959000268671824,0.06736159156229532,0.7471598201088911,0.8620269559331977,0.5901455798555202,0.7280266387965904
1169,0.4366483718053386,0.7196162593897352,0.6431350298134956,0.02133812638329788,0.6495873076983343,0.15681134739766056,0.40061154972141383,0.9836108967170253,0.5041210248052166,0.8411541722616572
1170,0.288422549246944,0.9285270004998056,0.22953023277803578,0.7562222322236274,0.6189111507112389,0.07976930454467901,0.7643913302562273,0.6900295427237154,0.747037173655291,0.927724185878792
1171,0.14523323245193337,0.9077939220854087,0.5809522012747634,0.227394044816317,0.7361239804387499,0.17531904174175483,0.3306890519425287,0.9281701790694964,0.4218044040110473,0.6670001808098316
1172,0.48319471431225375,0.9910497648059451,0.3002489398959025,0.8323715844264485,0.8669696974148893,0.15757507925450884,0.4625503522561987,0.2713830920239995,0.4388136741898085,0.34834059526698957
1173,0.3169786661698433,0.13140666890150085,0.489117823954339,0.9048317298118052,0.5613031274589563,0.021066980779182246,0.16798623029190102,0.9735559598615336,0.48988384617157826,0.5106513832896494
1174,0.4892378619526832,0.7959705322893341,1.0,0.16862443071498737,0.1591869159203163,0.11807881559762363,0.5258307172863734,0.9103556685351929,0.5877199796097179,0.18622031216276042
1175,0.20333044324587657,0.8044513565687933,0.557392690665946,0.709171203851439,0.36140004547450766,0.3659815849560844,0.4445647310159712,0.04069453253153148,0.4894841061321093,0.21205552301630998
1176,0.36148250860944936,0.6442764869226707,0.33968362936041296,0.46049843661625867,0.9197198230338715,0.6322530288352441,0.4154684273108428,0.5902655792159855,0.22001292900318753,0.8962604279616726
1177,0.5332889071997199,0.27864055170070057,0.5768320315325012,0.9193650621224898,0.22333354824579987,0.14422763478610817,0.46834018079554546,0.5027311535081804,0.4514940439304502,0.8488327074610174
1178,0.5743409633918191,0.9651594960515419,0.40434879648239097,0.48462100450930556,0.5929737039102921,0.18238990971891797,0.3919714156617799,0.815573190989418,0.4961457781301681,0.27893424903070396
1179,0.5840128133732917,0.20417660727546494,0.3216064302384064,0.3790290977330206,0.01050343275119947,0.5649787122562422,0.5065951863870068,0.1258484354672159,0.5239544361949156,0.3803826542110572
1180,0.2561056081798909,0.4994294658297609,0.8930076883174213,0.29468150874960686,0.23551377808235552,0.39166258039027013,0.7357423829403458,0.5274151816069323,0.41676426949737916,0.9587955811400171
1181,0.6665034737275917,0.5213485957879992,0.6997370195635475,0.9040182814809177,0.668435580820303,0.8595338557107391,0.30297884216579546,0.5010221159239981,0.598197434742539,0.39194934848655255
1182,0.35426815434346953,0.16156943859554276,0.565222227472132,0.22626420358229524,0.5038336374133267,0.18409776462360805,0.6580542335782695,0.3952268463799806,0.1961747173612977,0.32740499092150327
1183,0.6246504393879975,0.722458159513275,0.4277077419916723,0.8280766802063874,0.4240637442447371,0.0412704517745852,0.538620952345704,0.9922684444580413,0.5811265868843569,0.20056805093831448
1184,0.5032396737189728,0.08858263224774506,0.44282020211274453,0.19425761649499004,0.3393592430471126,0.0496275925871097,0.5679373397754928,0.5393302445390242,0.8427468633743236,0.4076207383891879
1185,0.24555903872039408,0.6930171826639319,0.7884474200522845,0.6436738701607089,0.11069225911358826,0.16369952064993648,0.4932394974325008,0.4129440280769211,0.38686011325899544,0.36358383994984034
1186,0.445588776965318,0.848587389375252,0.5579565235216161,0.4512540930762914,0.6310013520765996,0.5000206348119239,0.3665352430725694,0.8563985283416828,0.5130857277087073,0.7347959884018456
1187,0.5741813728173984,0.3491998251891881,0.0,0.10463759568912326,0.44210942615188065,0.5467336393154378,0.5809893662597119,0.13857118064123986,0.4552113235117475,0.34695146951882183
1188,0.6208972449918162,0.7093457216528442,0.9522758457387869,0.12597174418131976,0.20250775524797515,0.10518846581559628,0.5946389115492041,0.2871781133330013,0.45841340049944795,0.4582817779968668
1189,0.478646227660877,0.1565123956649811,0.5349214680883123,0.28161952776654287,0.5027172182232454,0.07707526865188859,0.3512077931907884,0.27850195149840645,0.30675337618809545,0.32131917935642434
1190,0.7942530223068902,0.8459199945605468,0.5648179757068515,0.7669854558855034,0.6093069733025879,0.6264471097126493,0.2519308370124757,0.9337473756520903,0.8804954693859719,0.3193348056943762
1191,0.6953375118190498,0.9520384959611715,0.703445074735531,0.7292564081376223,0.458062076016152,0.38472967066481517,0.5146462434054306,0.8803408158960911,0.5754320977803233,0.2511814192253389
1192,0.45682307522014093,0.1524307038572499,0.5875767639707984,0.20519545454127405,0.5193139542868376,0.036286189066818526,0.6381623956708997,0.6065129697203807,0.3747036259726317,0.4980849548725711
1193,0.6467750314659348,0.6917784598454324,0.6400763955985521,0.47640222252236497,0.5042525803693009,0.17933663076225995,0.6843590580646579,0.31926662492492286,0.3530745219162174,0.4289898336717405
1194,0.870102530143432,0.5056872954147085,0.4217584947484382,0.09701237378745328,0.3601645038672522,0.30431317534267394,0.7209358844096729,0.46783997884324413,0.5138249052843231,0.057515128438136
1195,0.8751384368212878,0.5313641940562992,0.2714295246900972,0.7162567088521886,0.5073731016833969,0.6588379478038245,0.5674325830098481,0.5709514599238323,0.09032836351135526,0.9305530091481939
1196,0.27355585268002536,0.7064136423730514,0.5530433386333797,0.7936480776079211,0.6390887439170008,0.0409233859372622,0.4503392521874355,0.5398710483073889,0.7021551421868886,0.3487584043134464
1197,0.33043464866421585,0.4885909298941192,0.7677711564624007,0.8939041862063346,0.5010879514399724,0.6458831991776408,0.4985081830896439,0.2555300670168847,0.4045200840657018,0.7575365183871086
1198,0.7854117616577669,0.6002144842762944,0.37996869810872125,0.8861345765420126,0.6498263513725047,0.061093449580512535,0.26952200572225143,0.12999867152959516,0.5760036020568673,0.9069287697991384
1199,0.30557730139923395,0.2306644257661001,0.36500774169105266,0.3380286476908829,0.3662955215983954,0.11829864725217795,0.37294796914678957,0.9076656667354183,0.5848954284772865,0.011334709716961267
1200,0.2557184219832564,0.37831982165970046,0.7284960123132995,0.2546317899948616,0.6199386076043502,0.48305566776544306,0.489081143780213,0.6406987439675064,0.6855276356674334,0.12326217773363018
1201,0.41351495320712134,0.8652178542621045,0.4155068333448215,0.8969829779512211,0.5869116691795788,0.9999999999999999,0.44970706349870243,0.1446131901367993,0.5957295187312015,0.19049902606718766
1202,0.5845325618851398,0.10962507942128866,0.424213441448717,0.14605495812418037,0.35960086024413834,0.01542988374414781,0.5158827342365773,0.9899276097310511,0.6433286967874206,0.8858086784140946
1203,0.4859273633981,0.5974624246494286,0.4311912992075827,0.05935214942006661,0.40706712298626263,0.9587686199228379,0.24522878603317916,0.41097562833912815,0.6957421057828252,0.5456428712445638
1204,0.38250278333704774,0.18403473576828092,0.4886624414017978,0.31436842878756877,0.628348927250368,0.10716771211175503,0.2864433326147848,0.7328829512091245,0.43940102762495864,0.3109017770631888
1205,0.3780408732494636,0.8465107903650875,0.20730431135611035,0.7606308901125262,0.7632092564896267,0.32707408557221285,0.6420137317031311,0.1762566152169066,0.9108595849539167,0.04405846433616395
1206,0.3708477703390247,0.5789248630103823,0.4001964825671749,0.694500201238871,0.14645126287366106,0.15796121364653598,0.34514182941719523,0.932811763326482,0.5691796190243523,0.03543663150441245
1207,0.3393067345344124,0.40287029115075523,0.5437437727170107,0.9874905389729407,0.81411021129725,0.3059702758909112,0.3741405632962717,0.07868417818011701,0.49682489049842654,0.5774908357600242
1208,0.9357306119376336,0.2495944669878047,0.5424140425946095,0.3596798767832112,0.7220579221443445,0.353986749003566,0.5164411540085891,0.9558830848573651,0.3423486896465377,0.7031093609598174
1209,0.5613793706990606,0.43667761423477336,0.7167418928415488,0.27595508560842796,0.5353927452231569,0.4515368149350652,0.3270884962461546,0.7270315254142354,0.46280599002743844,0.38553353776881416
1210,0.6725548606504901,0.9576210068645491,0.8438199374699072,0.37836251373519914,0.4503166850378208,0.0034937350893414327,0.7030392484523813,0.22682016625757256,0.5784852114992562,0.2875474172921151
1211,0.41297094379261495,0.5090666287862685,0.7828528423827302,0.7825972177850529,0.5723982530816206,0.31977946861477013,0.2670027691088352,0.18045042926787908,0.5202415990733675,0.8065487623652945
1212,0.4701618097881492,0.46933346480371835,0.6713598939909805,0.21437938122186292,0.37297507810317243,0.14392092062923134,0.4991869148185775,0.8370831869817058,0.8493178495415235,0.8655398925017279
1213,0.37061817033554684,0.7462111649259939,0.47304274969157256,0.9481651444032273,0.46250677500116955,0.21240366963218565,0.3607811833762908,0.03937462646728597,0.42805193157810634,0.383448151582952
1214,0.004939770080185382,0.3788604784201496,0.3845813884174272,0.5127660972141268,0.2115675398630561,0.928281718967944,0.5277245209322243,0.11378037732008166,0.6311955972182135,0.7481817673455604
1215,0.24525305220317606,0.4272536852996008,0.5041153693125208,0.7834863613636512,0.16001997351041536,0.4496146668466969,0.40711650079204903,0.6727288255786749,0.28831030008356257,0.869449945966403
1216,0.16363111420671778,0.3367469300812317,0.6099890656881272,0.8276235045035143,0.9480092744959528,0.17808643124330573,0.4945416133602188,0.07684263669425899,0.9169049051455871,0.3805330158274216
1217,0.08077229020229888,0.15065616695948789,0.6540690183912384,0.47901634846305685,0.5090782791707427,0.28959509529087457,0.7242493328542687,0.5410303764979884,0.275374813899495,0.16068579959550977
1218,0.27971432734375373,0.7137356084006873,0.6169839547706786,0.7416935105383705,0.5362768081025259,0.5918277396274604,0.37206211718722565,0.5738596774343578,0.8962116554052284,0.3683815549281717
1219,0.7552309594480103,0.873011047491593,0.4781824081474011,0.36484300597724506,0.49093326162433276,0.7550672772048844,0.37052623338826846,0.01730746265242157,0.47633432060145237,0.06215164926651967
1220,0.4968629821771447,0.9055837728630767,0.6475275760547741,0.8112821730801342,0.33676383831508944,0.14486953736817984,0.440617531440417,0.37683874397450084,0.07762279757414076,0.035510862922267405
1221,0.7487421154664383,0.8807856948057381,0.7359284728076152,0.8242631420065655,0.43748366581639964,0.03274792502701329,0.7708831570305879,0.02797371491489152,0.7589998835588023,0.8248897765318675
1222,0.5827884388718652,0.451621759626226,0.664927282811532,0.5664472912697958,0.514516188993868,0.37251057122470443,0.4823469220225756,0.9669541676030832,0.5177809588782691,0.8527625832679933
1223,0.652895036930218,0.2838475425003625,0.49481081923431547,0.2182290177960585,0.4588426344222593,0.16653365942112458,0.7266335682218279,0.2148893540410744,0.4159966948743788,0.6473051030329585
1224,0.33527150482923995,0.6378245314602256,0.34527188603547965,0.9706506844650271,0.3513813788989148,0.04275845138040949,0.4662630557010787,0.6895940133861455,0.6240470558976403,0.8567113951784606
1225,0.6041025800350122,0.9547126115585121,0.3408484425702726,0.9473966766393316,0.5896239756334779,0.3249433897774544,0.718410586780917,0.6736389776432699,0.6283646341536782,0.9354683665823074
1226,0.64273598840162,0.7269815115241083,0.3737369306847973,0.6200867043276611,0.5333126665913219,0.06385532792072406,0.5740752256450061,0.7721708978510223,0.580903140722423,0.686422096987237
1227,0.3964488370087576,0.4947010536988834,0.5487245480161489,0.9843147990704899,0.5728768542681971,0.05688058077280776,0.6012310756464367,0.3349752432758822,0.7177745719907707,0.9116377338891488
1228,0.610817360434177,0.6887265306680049,0.5977223051474464,0.5030085701052156,0.633252636474583,0.5163079023282254,0.23398617127710047,0.18394502450273792,0.5501200687208467,0.9195830772244231
1229,0.6120715465056583,0.7724841283576187,0.23697686168134044,0.3756380254514191,0.46389386201005334,0.2574934937600752,0.20660808245513934,0.5302800295366659,0.6255749947131279,0.2744181404925238
1230,0.40156088392414974,0.9192650009841661,0.40678817539366796,0.4606958147405297,0.46421030343621045,0.2288744906831511,0.6963730444030891,0.6942237768964058,0.40301663361522816,0.9499443777718054
1231,0.29341024027944823,0.7631588235247394,0.5461528214413476,0.045908908566840684,0.7836244121922388,0.09129249367495877,0.6940795153778232,0.7552290635707449,0.6475821144595217,0.9838494612652717
1232,0.28183325215440697,0.43302223735971473,0.33299464417771796,0.5493554533841957,0.3142796348058835,0.38496887580155215,0.9456984831605559,0.048372073282303016,0.40384540078038095,0.27971496962233633
1233,0.5215682151814178,0.2733843384857102,0.5817023953028884,0.6665199715491882,0.13446654481343162,0.2470933724862577,0.2247263537140885,0.7525857098798914,0.2885016751857397,0.6274330667857148
1234,0.5669450126188839,0.49973585557657674,0.44344705012356833,0.10955115590372427,0.6043340937549316,0.2512410072754223,0.5885425862874354,0.11193128162463854,0.46295543705713665,0.22015179377429595
1235,0.355718273747502,0.3279741831970724,0.3658663164620034,0.2556960180694613,0.37514441514758334,0.07817815132151947,0.30999625630591104,0.524419733166431,0.44974841864724097,0.3937201212411984
1236,0.5102628601375474,0.9427682623261037,0.5107037044253436,0.7214969443750383,0.2884888792529514,0.9999999999999999,0.36225432651810924,0.5552054835887344,0.6783941560169868,0.6240390608525902
1237,0.612892140004226,0.5078227628131932,0.5739397294034784,0.7939363536304516,0.6681068969459075,0.3843443131066817,0.4062341903239633,0.12655896815776335,0.22606319486163623,0.03737874864613988
1238,0.6218831271761515,0.47190113539793854,0.34253408716565825,0.9863017621476386,0.4688756808301202,0.07913161331851061,0.5694556343574537,0.9640648198255609,0.7099084296921341,0.6463974242098869
1239,0.798045591996247,0.34799921317608695,0.4555349416429617,0.25332103916330495,0.2524702075180606,0.1806626493237933,0.37638350781539337,0.6378659315280747,0.38378879324331144,0.486013567688582
1240,0.7461793762557495,0.6393082727641706,0.5880011443586525,0.8418076800506896,0.8711489572075131,0.710536473488347,0.5051157610847781,0.2234647977254236,0.033862383665963725,0.12371935867238265
1241,0.316329733130432,0.5199122769769051,0.3586545425455602,0.17216296481245572,0.18532734380622318,0.7492487098802169,0.6524278111120214,0.0503556706835455,0.2727622142599771,0.684576617545092
1242,0.8228950432245123,0.12877795283583285,0.1916165235701828,0.13091941246201846,0.480111863076952,0.2265654751851613,0.7070327600977053,0.7749643009374255,0.44371570997816306,0.942471535085202
1243,0.4050657051884799,0.8691866540910891,0.21421663624968643,0.7295201084174986,0.13144037169678702,0.9999999999999999,0.6266982499580553,0.8413007252195511,0.5865345957287047,0.0021890350711431528
1244,0.7023867396213804,0.3588194779139744,0.42281641111885926,0.44605843345438245,0.5492304729606895,0.29388556359127777,0.5822817742753585,0.09011455369860312,0.47681684111512995,0.43772492459718576
1245,0.5180741861751409,0.43240990508152644,0.2549017213193352,0.7942698271020969,0.3728699814751224,0.17037105426036814,0.47277229866872533,0.25702641469732784,0.27235389511645186,0.12608789184611752
1246,0.4274852370999443,0.20542194622523266,0.43593246444651124,0.2826756592772214,0.6553478219583364,0.07392716572869615,0.3939297300632519,0.6422303016488774,0.35423564477526687,0.20695898746779928
1247,0.16418238430376175,0.5532704609993294,0.8112858723511353,0.21327279788766454,0.49351481923035484,0.20240972511136326,0.5983609741718645,0.4186805825934371,0.2755224758252081,0.4915784024441021
1248,0.47287723056155234,0.7019774894463805,0.2436783867143694,0.54903220023635,0.7581220497964795,0.9294774833077016,0.3049981212654091,0.3421647447611456,0.551299244599019,0.29126192304594806
1249,0.2110325893925818,0.8811481997027699,0.44807651591323583,0.11534432318997576,0.4137594746124956,0.7631875247458075,0.520886652760228,0.42415838203039635,0.4849300888615649,0.649146515282261
1250,0.6877506600204469,0.05131055747057207,0.8984468405652598,0.2788583209775335,0.18651535569547223,0.7432685657363186,0.3004280299564602,0.5050655618038055,0.618744803512894,0.2639943959011466
1251,0.7914255169185128,0.9733458962076847,0.5768956409444628,0.1662943100669743,0.5428198749439131,0.0775122697669964,0.491289307544095,0.18420978328379695,0.16584028201407514,0.7762398090399951
1252,0.3548909104025274,0.7037407639656129,0.43220228992240395,0.32017541724249554,0.44802634163978516,0.36939735678084895,0.3044812601910268,0.38774603101783195,0.40069532996208274,0.18342140778020688
1253,0.5622207925785883,0.28408011317785026,0.4715231742155134,0.7658319458718883,0.14498354077135944,0.6853192205626951,0.42499607468448003,0.06929605464694859,0.8875701965383747,0.9072456796470618
1254,0.36838473989931925,0.2042292421581901,0.580855397904991,0.12077868693100677,0.2927386057908554,0.7926696222450302,0.3741828184001637,0.0054837306849528505,0.623924091174767,0.4001135965777981
1255,0.3866684852369639,0.29587332644196285,0.8170353644396208,0.6121314174429803,0.3542963808358114,0.24936973136319784,0.3519294859568886,0.9752676913856514,0.4458867632566335,0.055401061283954334
1256,0.6513735506914695,0.8757067948174739,0.40177917963726306,0.5850160887341758,0.7977312153852865,0.3484113228596673,0.4827871109303354,0.0542684611345277,0.3145643126615521,0.09966538946100706
1257,0.4979757608245919,0.2911739954326682,0.3594900249059263,0.5383591732448814,0.6337170526851021,0.010790377401269246,0.0516800323303761,0.04293093985157344,0.7125898559653965,0.532923461291776
1258,0.8334724263660124,0.4626628169896819,0.24363915825016993,0.4844513360901319,0.4296163925533372,0.6060449306120277,0.16632286609328512,0.8899794988616941,0.49909834135951575,0.9110335935732472
1259,0.4142624120262081,0.7056617243180257,0.5200080889678955,0.6641470430172183,0.5879568146605562,0.4949411657635237,0.6472020753097061,0.9761117324702114,0.2839180929956479,0.5153156260736383
1260,0.6937952117475379,0.871969645963785,0.238626406856661,0.8521836394501218,0.10239087974506866,0.5821494368976594,0.5261176419682783,0.8445220560223452,0.30188991877886956,0.45014648234711013
1261,0.5236262415834171,0.658478912977852,0.41428763240213795,0.16209200281607208,0.38760963210013366,0.038334006866111776,0.365434338793803,0.13906756379620722,0.5551073095311636,0.7727896173175977
1262,0.6553891468856927,0.7530488549914459,0.3313155239690785,0.8144869562024847,0.5744412171978592,0.9999999999999999,0.6786046728682531,0.6393821935156895,0.5728670463436807,0.22674749273708972
1263,0.4208801019668606,0.17307077059597895,0.70110058020074,0.06148470359454264,0.5288660884045524,0.1098707030202778,0.38096842681347837,0.6968133202425681,0.5938587824008539,0.6766264449702605
1264,0.4958964700356629,0.877389438564869,0.4059673555944403,0.48232720481292324,0.39255168939526114,0.18740737123287485,0.3919440952807082,0.7716011406134503,0.8523427092523688,0.2182234005362319
1265,0.4834553303840186,0.2754977166905081,0.5748069343164226,0.5116817865136686,0.48946798528797086,0.29764891075120725,0.35436004557428386,0.11238820037367715,0.31757856264681467,0.8453287724440051
1266,0.3475050731802349,0.12810696760419393,0.20162478755975302,0.19765756538159182,0.5622771875050119,0.3843615293330409,0.8507038677050043,0.39043735640380395,0.5097132093303149,0.8813313815369437
1267,0.6301641625764313,0.9762592598156031,0.5253066049737918,0.08969514866269149,0.49506798637792976,0.3266656246139538,0.5422853150383264,0.27570509089868983,0.6391527425597205,0.19452862451041902
1268,0.6279316777028651,0.20139345580626367,0.27639684218978944,0.0749262212654663,0.6634193714364633,0.12157161989381252,0.5350171437382376,0.6543765285787757,0.6371058167028238,0.14351960551056614
1269,0.6172349626592731,0.1363835661435991,0.4213994843693444,0.037231881762031904,0.5585234636076779,0.6439148434912079,0.5849633007832995,0.34325469786839685,0.3790696650103447,0.7233282840009503
1270,0.7952316271887158,0.6259176645935192,0.9131609854480373,0.5738378975288464,0.5957656124797774,0.09102180906578848,0.1570545919643141,0.5085859636032256,0.38657207684907374,0.6528285760908171
1271,0.7786998926656863,0.3186562442222942,0.6746276711309273,0.15552695341169595,0.8283258601546992,0.058207439103606394,0.38930274697199,0.626279250176524,0.41489835261890723,0.6216356712502885
1272,0.434504776584609,0.1330796865196867,0.47683271766713453,0.8090578844924117,0.6569400210628104,0.23072614486867213,0.5828572333295332,0.8658120179399377,0.8257622395527087,0.5093599126391609
1273,0.5756320035693946,0.6010094777046214,1.0,0.8993474124858609,0.8336264720100326,0.0502933246198227,0.4981476438024815,0.9209549978436616,0.31625188731743453,0.1290077188359794
1274,0.38758997441144044,0.7589268689166098,0.33010493361276994,0.29252355670696506,0.3669113288907242,0.9999999999999999,0.9058366840807242,0.693334317893492,0.49909834135951575,0.7194647538192065
1275,0.5096534399177498,0.793151563286935,0.7180890130450378,0.1645229132895745,0.18886172066757984,0.39142248772874527,0.4001552962900113,0.15591965447728667,0.6494606330356458,0.16227619892735318
1276,0.3920900717965084,0.15525056278796712,0.2149438556703501,0.40978124080036216,0.46974370322269626,0.11842461707249569,0.6729363397053496,0.8889339700880793,0.2952893529150185,0.5428145262271155
1277,0.8109112748485606,0.556740492107194,0.45529056175481153,0.8819568886261655,0.4532413543603877,0.12831630826073945,0.6476249174337338,0.20407600663613867,0.5511590163613325,0.3465770938367826
1278,1.0000000000000002,0.8136384720283996,0.24942406646682166,0.39998403929064197,0.7791681579296199,0.5940464881120697,1.0,0.05264781133168846,0.14126967697874065,0.3316093478502809
1279,0.46411058764341945,0.16082685463643584,0.5487619807733353,0.10836693313984594,0.2782965297982917,0.1230150610675656,0.5587627440693483,0.43698679750913083,0.538731186811827,0.8322554254743296
1280,0.7304511253310518,0.2074378214870823,0.5112193317970766,0.985102253483404,0.48162048505873234,0.2524636267705319,0.44535963595142275,0.6845188486762123,0.5120910648756438,0.4561842704440301
1281,0.0957092647343717,0.0020976855450707825,0.4434029423385121,0.49988630789012134,0.5752505139404928,0.6675194302312741,0.13482821901872205,0.1488880026574858,0.533223369345762,0.493430744794697
1282,0.12523908813482154,0.5244967015325439,0.7044451043907258,0.34250987425181645,0.5162403619778864,0.23045236376514938,0.5633350343099217,0.2989894037858569,0.3370619489644085,0.8961909308449328
1283,0.655400589080912,0.19443287872072967,0.3950195732520254,0.8940130261078423,0.4636993255536721,0.2386169381630203,0.5779568175162124,0.07953738042718288,0.5454038235520031,0.5584231495777352
1284,0.516655705095652,0.724172491321159,0.5617375774122171,0.9278112860230594,0.5662346972999229,0.1201298536244505,0.6069656207565273,0.6180427064520593,0.49472258830989785,0.8012977393766927
1285,0.5524994947961684,0.9622240896369788,0.6538111212654236,0.49701398117094087,0.7056046120912454,0.28991115981630317,0.5105478832003632,0.708134152910685,0.7489466994121352,0.8628654586062885
1286,0.2549910912266132,0.20851142094710495,0.22416667590606384,0.30683837879775777,0.7939327083890232,0.29215681446011127,0.6779584517776616,0.5194573508275366,0.6233174528162604,0.6951674586326992
1287,0.5008633243014204,0.6490015647453186,0.3612050287980495,0.482836809081321,0.5032236236788663,0.9999999999999999,0.3391183048846628,0.444152509659132,0.22686457776143282,0.14397753857070328
1288,0.8832560790120187,0.21159143260009505,0.5108259588876187,0.2193636753273138,0.33907108894646465,0.48601675392001714,0.7698440152936572,0.8476910376382558,0.3439671903657901,0.1192034240715118
1289,0.6607515520405408,0.01769841076571778,0.6183020481084076,0.4784390633647133,0.7936983951474306,0.415050587027121,0.316621402308414,0.4188893362673394,0.385045980375702,0.43419231405514713
1290,0.5372660411579275,0.7584956904296712,0.7658359113287413,0.22951750320389333,0.28843423812156493,0.025783946600525926,0.4790078593142432,0.4414882845484338,0.5364104857953174,0.06313038011752681
1291,0.4224090644645528,0.433836633151212,0.46052045422321986,0.6224700177635989,0.8432244045833848,0.3912283122517084,0.6245365622482457,0.5771371409160552,0.4700122148054872,0.3006753707905334
1292,0.43080146220493704,0.9467918887213759,0.44176061541749334,0.7602198380779546,0.7568701091008576,0.07404388554181739,0.40388958236755174,0.7037428378880519,0.46922606624769586,0.20842246770744416
1293,0.10352365405075155,0.5341516848645684,0.3380456724883979,0.9698549313092328,0.7849680015963159,0.3274670414284112,0.6371077608517175,0.7769727633452811,1.0,0.03858881047931528
1294,0.5538568348498758,0.15722149574263294,0.5623217463037496,0.842939198479804,0.6294510275123057,0.018578041209663682,0.4356569515177075,0.04027124156430607,0.404701333476394,0.3990963704662248
1295,0.6647671827256282,0.4496117207999661,0.4453699549952893,0.08615525885353734,0.0882648630200838,0.042239968323418225,0.5207029328061055,0.8511482223248338,0.7663764295095825,0.24903494537422427
1296,0.2079692688223066,0.20264574768042873,0.44967526720598006,0.21160103128729438,0.2958836241131347,0.7103806555364102,0.46548493508279537,0.4510468597867723,0.47414542398712917,0.10189240891592266
1297,0.38045505834594523,0.8780110933061336,0.48327131105868104,0.5319174371019553,0.5562383365353141,0.21383152099645383,0.39247501450004024,0.9059006002105073,0.0882668764062115,0.7302855131530437
1298,0.2868639861723031,0.6908218439991786,0.6036574032229602,0.25769035847148103,0.36618933640800344,0.24699077984159087,0.9142609440146998,0.5361249184675068,0.5384887927386159,0.9125794882035028
1299,0.32311070426076366,0.3410394514577079,0.39564776921079536,0.014352573439546545,0.4358941261538053,0.6432254496118986,0.34396039849408183,0.4755744665241829,0.7147714234827851,0.6207400785806623
1300,0.5153374769423996,0.5276839433173087,0.3567769210085775,0.7551192593420747,0.6154115665666746,0.554592771173854,0.07708566946695855,0.1949407915514218,0.6224826722706258,0.9293237039443211
1301,0.11197542281454866,0.669391620783948,0.581295840750725,0.35791750211751694,0.4640001748535934,0.3479088431751021,0.3506234523948622,0.46934133230845687,0.5508041800895767,0.1664101932163375
1302,0.6211434748536571,0.7828074156177824,0.0,0.0661112210575395,0.2610861213270558,0.16958778493079668,0.5231316671318653,0.49268242477995816,0.506648384036219,0.7680789970507916
1303,0.6474793983479391,0.07985973483920943,0.38819770803545095,0.5090514715244804,0.6681882709886506,0.31954754835330096,0.4293709859794557,0.8944988215893727,0.40816617929032645,0.40857346082651846
1304,0.4578705016064753,0.02221191663464906,0.2860667968805479,0.9776394390564846,0.5964740016930439,0.5225973906284307,0.6868473436939593,0.8871017793820609,0.672406980483623,0.4895014329166572
1305,0.037202908623076195,0.11417680069002771,0.7251836544482985,0.6788318240254068,0.4487152397308285,0.9080790432704547,0.680132530719028,0.48616308421348275,0.41965139475023133,0.6642666427728898
1306,0.3172491027231324,0.39481510083806703,0.41854903445237723,0.15881997173460197,0.634456018827689,0.42994452209429457,0.4401580495358414,0.8675699537802138,0.38049024105552104,0.783533846569763
1307,0.737862855483804,0.4665496039134394,0.39620994904986195,0.5145131547096231,0.5152625023888198,0.028369358730326293,0.18851085624308755,0.8543845381427747,0.5801524625417047,0.05976014735512697
1308,0.0,0.1361931620372728,0.4917132312237451,0.9021184217224358,0.7543992371522583,0.7752941512792132,0.2621465581014602,0.948441556630459,0.4451330898426287,0.3881456884640469
1309,0.43967844550716056,0.41097738170617104,0.3897466941596682,0.05424939610144086,0.526125530955926,0.0015941373851917657,0.49296392221773006,0.3612685010258404,0.7454784683378002,0.7649703406765889
1310,0.2826120121808504,0.4414573140739976,0.42568895020530917,0.6381676824105335,0.7529613913380727,0.5676203543983241,0.21023155462904836,0.21179371045426265,0.5909144487101632,0.5349245546044791
1311,0.6570480195182893,0.1088122572048027,0.5188917959276733,0.7215858652315713,0.1344624764307319,0.25692232303267376,0.4310435914934077,0.9439779964287339,0.35434295236565455,0.3416514720891217
1312,0.3778707858807026,0.9166548191785072,0.42207237321242885,0.7043166264766423,0.5857032515228489,0.4342772323082331,0.7611561992577058,0.58467541413195,0.28466670469773475,0.040471693780400386
1313,0.5814623364539063,0.5990336214240725,0.42073388994945116,0.15022031898837565,0.41992053996342993,0.04823998251775598,0.5621632844986433,0.46639284234047684,0.3931704898377499,0.007301529935349438
1314,0.6119343168212182,0.388352140523976,0.3123910115333287,0.9076770569451504,0.33071402295689156,0.23976559270549513,0.5073320968695296,0.41115672256925917,0.9463038425415013,0.4250691819131063
1315,0.8516940992346675,0.5067637455238234,0.285605361445019,0.3224004802840338,0.7209632991619181,0.22014294500719647,0.3068684373967396,0.08423264774187818,0.4570071060471335,0.48356298600287695
1316,0.46695713980592973,0.3139890064725996,0.51208964104077,0.05174660061113842,0.668851478327243,0.17710612747985757,0.5324388878062665,0.20365461601416818,0.6461979990783073,0.2291525601989033
1317,0.5761965243930663,0.8543048537972809,0.5579608077244449,0.08324000676426391,0.1087707247660023,0.1941857557300495,0.4512043554088357,0.2912011469165166,0.2540953719618539,0.7996175941713473
1318,0.2250562686336272,0.5748945909146488,0.234435982906724,0.4577688336069219,0.6352741095771552,0.507018811780164,0.5429375714817324,0.5511086133354688,0.29637814626116094,0.7234446918703902
1319,0.729846425090412,0.4947483224507106,0.6425069568863188,0.039981164174348854,0.6118021897023123,0.4431391626654441,0.6330655581911877,0.5164803127610539,0.4663428794767815,0.18813721572348396
1320,0.361759030449196,0.9108783130896853,0.6432727502661824,0.7798922291328189,0.35701614834239115,0.11117933372168017,0.6646222447295493,0.542652484303367,0.8253140583694347,0.18794510285898453
1321,0.3994474494076213,0.8379480015974773,0.682556493092317,0.8662029424474446,0.33530734580366733,0.16783405718204597,0.5226878594573778,0.0759365395244291,0.25692838089061915,0.8648453875758942
1322,0.5010493405417825,0.812761696949555,0.5567091555219649,0.013360084577574843,0.18921736518200638,0.25625949885336086,0.5933627436721016,0.009203764292486524,0.3825045591922062,0.919141871433313
1323,0.21037202264561716,0.22537082452960505,0.6195942175956789,0.8103672410302656,0.4315899812643858,0.14924732201693935,0.40443803879963663,0.46288487312942483,0.6734440118617218,0.9845604458238253
1324,0.548409756427494,0.15286026676002085,0.9082791367893263,0.9816390358500335,0.46254690758621503,0.9999999999999999,0.7078807762945543,0.19303560758437122,0.8046995173337654,0.6863747252002772
1325,0.6877821754943844,0.6900149105656852,0.4445486226729457,0.03036289632565703,0.6510386448539569,0.0983470963796769,0.3352188251119769,0.8916988032630552,0.5852384460480371,0.9289235079714442
1326,0.5605157652750902,0.4684859034787187,0.30576410402106435,0.725281821159989,0.5489832983171536,0.1661094277227543,0.460624870226457,0.4306239758499837,0.630541836528409,0.14845113204235572
1327,0.2054640171335304,0.6836289491913535,0.21468547954886466,0.9995348822373811,0.29186279869571796,0.5773381789062707,0.7270791892059272,0.3516511101615728,0.49909834135951575,0.15565737407944452
1328,0.4818873751443706,0.7605694280036559,0.8282068323817008,0.7974663862878874,0.5430826016277582,0.9999999999999999,0.4100321824060527,0.5437923545463288,0.25081370760341765,0.0414774023584622
1329,0.6452481138245763,0.29509865375815153,0.8306524123213023,0.5055704558750573,0.4477385338308075,0.17973643169829595,0.2515117834539607,0.6284450868303337,0.284458392010204,0.5385002748195168
1330,0.1509201630778052,0.2844319806089406,0.32834720161618025,0.8852111572147265,0.3160570360880164,0.22070770432491332,0.42311648240851335,0.08144607450891707,0.3362211142718083,0.22122713575425457
1331,0.302467025440157,0.49068270257835106,0.36513888216716195,0.7082391574371192,0.18942394168345567,0.6060331158902762,0.7557003909935649,0.7412566052856463,0.5450006892350383,0.5687888367298688
1332,0.6706274757003478,0.27332711423930695,0.4403581683824186,0.29256706699316026,0.6177317552147289,4.257562615035027e-05,0.07992273601797723,0.13709466979504892,0.2704351845053831,0.0076200878831140795
1333,0.5562067660210611,0.6672059711506235,0.7290998131261583,0.22440382599917566,0.5832231528608701,0.06544993452049089,0.5177987081177604,0.3864145961049952,0.5497119676036946,0.528932643529663
1334,0.5829750379671237,0.7466679514258133,0.26070473738217537,0.512761155114416,0.6045720722660456,0.6020672661159436,0.38192309244951955,0.3565296493170574,0.44226209073530737,0.8889100318599998
1335,0.8560843372666551,0.47188373961785196,0.13401494765009678,0.37314302620605444,0.3560155637798248,0.093687713649679,0.467974852730291,0.5689654516131464,0.3952742952466662,0.7259001970797536
1336,0.5936504113390566,0.7237295317386826,0.9050133411947735,0.3296004522166609,0.5299693110045383,0.24345086014278056,0.4345944127077955,0.6893515341952092,0.6702796281573606,0.366969551008208
1337,0.6293729556226224,0.5102953226737913,0.5590374060870617,0.17798749720715543,0.23084503338161433,0.9999999999999999,0.67612847236843,0.8007765137848777,0.31994520416533184,0.0681866391495714
1338,1.0000000000000002,0.7127977997491323,0.5855272650099822,0.845655982766185,0.30604590412769694,0.07079406765251649,0.5088340648135237,0.5269211101596568,0.7748948019479824,0.24508275724553702
1339,0.4649076521298638,0.2247296517622905,0.4625297208554815,0.7053198895658997,0.5034025423138674,0.11906751775134504,0.6853636855124472,0.15491948168605046,0.659983782881304,0.5033301640963675
1340,0.3547075623225584,0.7387778893773072,0.587648023324133,0.33145478453688915,0.5476240210027088,0.9999999999999999,0.7358461499698139,0.6958419369019637,0.3140423277074706,0.25732061774825077
1341,0.5859607616958037,0.7150508614204056,0.21838816601425506,0.23775727152427087,0.1818201937542604,0.7907574147346901,0.504422137969972,0.4785428544123601,0.7305407183658472,0.7763846473852996
1342,0.5880728921357107,0.2663811642038187,0.3439530115711923,0.1281776681649245,0.29231994464679895,0.18325132912629116,0.4325732768427116,0.5887501069236667,0.29159904112685003,0.9351717912925965
1343,0.4058696642949872,0.5558441127697317,0.5203926155916186,0.11254551502026197,0.4262009189013936,0.1955323919378287,0.5685014854174031,0.4434273852262909,0.747799096583118,0.17616681000474899
1344,0.3104609326406359,0.8552858210046664,0.07726963270479861,0.6257469501333378,0.6822813779182195,0.058725119863749696,0.6041132807823637,0.41599564801872413,0.5653914220061662,0.005515674004698434
1345,0.9410533833450976,0.2492923383704639,0.4443628704999253,0.10884803662440934,0.33960165979579415,0.47518196542901736,0.28610724770883594,0.7012506522452054,0.20214059915610066,0.08401576932441668
1346,0.5669136176471273,0.7359136610705266,0.43286601282003023,0.9606355237134867,0.5240688967669695,0.024015159246362047,0.542462831285399,0.5238821286154177,0.2560461456689586,0.802848755096135
1347,0.3670840511950352,0.9539741676489639,0.4443306779523183,0.2792443862873768,0.5443434209398706,0.9999999999999999,0.45212037735965144,0.8678002486680946,0.4252042388885067,0.05364925580268981
1348,0.6780587026106513,0.86621976199106,0.3980067063783296,0.025797494543473964,0.4485806371058075,0.16963577177593608,0.4213454758210972,0.7433657918080301,0.6670039898278113,0.7462947074384016
1349,0.4846541105485033,0.4013410752044829,0.3150515127800311,0.8557043282593256,0.5010879514399724,0.023972161580943598,0.37141658889955514,0.47605350354835585,0.469713466295195,0.4051740094011412
1350,0.457534878156642,0.6070981477894603,0.16097993350146897,0.3677374100619123,0.2367343764667167,0.4151481808651824,0.38345149179369237,0.21377521661777305,0.4649771350045589,0.4260310250467272
1351,0.6113329110669933,0.991790343903394,0.5277758259060911,0.34310455974404286,0.37003076118007294,0.5287311034394528,0.7305892272843608,0.017010392774195873,0.5097723036180444,0.7307591995916407
1352,0.2615029379111305,0.5683147406854865,0.44480927174985185,0.11865598455085069,0.7743219767390952,0.17745112821270634,0.4317439434211568,0.20496085834914302,0.12311668502154177,0.31998985981357264
1353,0.5717783253585054,0.11475189998856289,0.24429696346448634,0.6607069137041599,0.7879402247718694,0.34557235591057306,0.7099453514278131,0.28088157863393165,0.6587265395474464,0.8104838365656857
1354,0.8661708235578582,0.04513156248894362,0.5124433330608037,0.35893933642580367,0.6599215871075053,0.2599523472818847,0.5230819761710168,0.11761601604008905,0.7566480230257335,0.09430562451156638
1355,0.5932022897894671,0.7902667254817631,0.4457741618830652,0.8233542446294504,0.7097235582366421,0.657580217186974,0.28990383638283995,0.6689612718366086,0.6521031016337135,0.7186448422041358
1356,0.43426564913889326,0.4234567797476569,0.4148021132036023,0.6308894354113783,0.1436970616104229,0.21517943960671684,0.5341051257275409,0.3257192167405651,0.4216874119635586,0.9036808114610448
1357,0.4095695730228904,0.24658166744894744,0.09852940259547041,0.8802982765477032,0.31337426485134,0.9752815368880624,0.27971774409947153,0.029689806393965276,0.33400157890444376,0.16420216648705416
1358,0.4278266239278337,0.3474748487620234,0.6281143524685768,0.6228285797038178,0.43670232454452,0.5045044366935609,0.6109326803574748,0.4365928158422169,0.2965955351233897,0.5548344363697923
1359,0.4573308783624102,0.7573139640479717,0.27082234748804923,0.7796178147831706,0.9641285835591324,0.28777387551041583,0.46056859289870017,0.7842609173093541,0.2868678684936094,0.6409601765309437
1360,0.43396482261506114,0.4650898369409293,0.5125807509586893,0.6968407712519357,0.4363188736024134,0.10318375490205733,0.6566988716191571,0.3393984652814034,0.9323605828412653,0.13270754261236023
1361,0.6781306134079332,0.8684780967197621,0.3500424936004679,0.4627861857194715,0.6409625440852538,0.078441405308956,0.7634152177181157,0.9023574437506939,0.48716624457195706,0.5432344375493302
1362,0.17823625138084576,0.734859110028844,0.4282852769181388,0.6889718565844671,0.5700652466412583,0.6172306533709375,0.17870997731343446,0.8527861408204633,0.6740123895932988,0.2522515551356065
1363,0.667883492265741,0.9740283672189226,0.7156787625123331,0.6639033442232123,0.5657617693415989,0.08763257927318208,0.41381783215170614,0.8893954922345738,0.6635544186091484,0.753567505403712
1364,0.4336101178381582,0.88848912268841,0.5999256492687133,0.006687458359268622,0.49232635685330095,0.21475000111523723,0.27574322770602583,0.6676592715274063,0.529233964806568,0.5679989990646604
1365,0.5763669750817058,0.25431859904049586,0.7115287575061436,0.6989403914400141,0.26475887260490416,0.11661347673686288,0.8971354609736195,0.8065572457140185,0.3251459594328651,0.41053343445948487
1366,0.2926141365344179,0.6589671481644754,0.5623966061510105,0.26226096976130564,0.0,0.1782766112723602,0.4176618481474313,0.3886585468071426,0.6006819112752186,0.7425199536390311
1367,0.7559244077314686,0.0202354423066369,0.5746602099718546,0.5420530662178351,0.7448209734820126,0.00819005613701518,0.25624889170623405,0.6931053557757276,0.29648407132215787,0.731810978624392
1368,0.7402652403066952,0.9911267101707804,0.16860627596663666,0.11136440514464052,0.37763040074290555,0.078125160211663,0.9122799054699777,0.22347399098329102,0.6165663197304274,0.2104283333073449
1369,0.686296230568237,0.2607796760194575,0.4415640580019279,0.023013854344011514,0.13572741007688888,0.35275380625774344,0.36493500108303595,0.20427932470267435,0.3051561566099171,0.025558225941037238
1370,0.2194527978503616,0.6647049449136905,0.4588365593304303,0.015107422556428857,0.5815913764619078,0.4417449275812185,0.19964946795940647,0.9436683159446954,0.41927965836906894,0.24824537091389942
1371,0.6616800995652117,0.8491256959083882,0.7289893979867567,0.15824810766039885,0.57788306595303,0.7276829390345363,0.285164661295316,0.5486071091362469,0.4189616365811228,0.8825840554254059
1372,0.5816323439158751,0.16020429588938237,0.40637150295920754,0.019882418116285105,0.6454090500048337,0.0910869326597225,0.5253265178616184,0.07114941499997228,0.7679125434809304,0.3968028477704188
1373,0.202374736768483,0.8478509874336487,0.550176288766847,0.13243913737847093,0.7126875416618568,0.030716459229181325,0.5073467653941146,0.19685664344552362,0.03971367525128211,0.20141267733896479
1374,0.5006626373895485,0.011935273098645735,0.5428839012589766,0.5594118390740186,0.3191208922516916,0.06576957144349152,0.34465140477019424,0.46107111758421393,0.944941576636078,0.368825224786817
1375,0.5740249147308448,0.4418117853959243,0.7166826072809802,0.40043789641333705,0.32763258930479827,0.22864601845194021,0.4094075406031566,0.8458806900747339,0.34903581335917994,0.38311660019477095
1376,0.6101635884321278,0.4718824156490398,0.4758384157096187,0.9811804782869471,0.4352319495263144,0.06591582117949867,0.5086999178231288,0.8959746943902457,0.4787047903020259,0.4540396494271219
1377,0.5386914359657198,0.3739024480113544,0.6551598600516745,0.8090474904957627,0.6558053485207075,0.2068390487957096,0.743186353184754,0.11295744451232327,0.5806606415927515,0.449998550339919
1378,0.5601945662234336,0.5862681330709698,0.18283102731798442,0.14682409179247888,0.09017032296460992,0.5303230662438054,0.5604003991765223,0.061494017503783374,0.5643810560063982,0.2980503611779125
1379,0.783278355761994,0.91483659421771,0.19977336388862008,0.4169620636655399,0.5216764064952234,0.6305984615662035,0.39499364600058035,0.121193385560168,0.6624130188001098,0.29944217454598365
1380,0.7365670411979847,0.32678495164608434,0.07494711696870013,0.4311499968638014,0.6771754988054461,0.3440902872480681,0.4567580548570524,0.6712669644495657,0.6180990397958754,0.7997459916953598
1381,0.0,0.579140869203579,0.6473639699208026,0.36226427411360107,0.6691936539076477,0.24432446634008473,0.6409280944006144,0.5326088880297928,0.8891274580498612,0.6630125381471246
1382,0.4453546613821498,0.8774441550783624,0.6264171340590766,0.49579873601269353,0.6339328758640215,0.21916397828603673,0.8089018384066888,0.7378072326211477,0.6411288504654511,0.6793805873820333
1383,0.4741816216587868,0.7729417654109877,0.668035642768095,0.6701637535077183,0.7024909936405515,0.28064027624552734,0.29508979337316427,0.5931795816260963,0.479844687461871,0.1904675986364382
1384,0.17467230871427636,0.040432487051261276,0.3744560187126412,0.6411655771073593,0.5010879514399724,0.20462369726143054,0.704474697386513,0.09537329149820366,0.39707998164049657,0.9918676875717716
1385,0.5230167591930677,0.942794442599156,0.39568187846998226,0.35724434883997125,0.8089664900232185,0.00506056709874387,0.441193686784949,0.2572278172725066,0.3921708703974141,0.08687048704589595
1386,0.7408544322777221,0.046348122435180175,0.47820624765838693,0.7053510264004926,0.5607871114622871,0.20087955879518815,0.19921287680690286,0.33119667283949406,0.7478302506903791,0.6825134597874996
1387,0.3002403296796342,0.5886426623091277,0.7700248923723182,0.28959944932930415,0.7550356278505052,0.10159807199784293,0.162677619612341,0.7075924201191776,0.8355926623013998,0.7434054353509824
1388,0.568716858814536,0.5752332839360733,0.816672853453282,0.8358333028633883,0.26967160403419793,0.004724244171666925,0.7450798203947173,0.5966740800183661,0.6928991725886482,0.2671321451556791
1389,0.3324552729609007,0.7863411219444542,0.6488230221115752,0.9647968582840356,0.15764006745197495,0.08443808929868474,0.7670707183598089,0.946879008349716,0.0,0.07703533512011385
1390,0.37847490498825703,0.14817862755919717,0.5625148873802189,0.2948531231550787,0.8424117864884321,0.3044479329813653,0.39390193773766485,0.14504377529548734,0.07522939199831319,0.7373921956291271
1391,0.7839919646502814,0.17911640615548796,0.7498243065638401,0.7850306291197038,0.31766332856817964,0.0011474603861557594,0.4597620267214975,0.9386762952899547,0.500704323973604,0.5655408938294653
1392,0.4028806176397733,0.7520462529182198,0.453067588536224,0.8137811128192396,0.4367511968273991,0.03134784662421828,0.1700352617536171,0.21972127805852504,0.47047290896700106,0.9656314229043896
1393,0.5924541666149697,0.14924068645969596,0.4278721864345131,0.4909701074618005,0.5989018733916263,0.11988994566754542,0.6395130580583006,0.34312010151253053,0.5059231847074106,0.7276752108930823
1394,0.15219760541431837,0.46928904518235187,0.47671904146531074,0.08776846819096634,0.64637509272625,0.2696190334525883,0.49366911634292304,0.03402635991103799,0.7399458764107678,0.929684112500979
1395,0.8566169161511036,0.731580505263365,0.3182550539393446,0.7865246540840496,0.7054728231924068,0.25726880361599547,0.21248859318378172,0.29614917390326295,0.730474939383374,0.6342772373554507
1396,0.6189514674217149,0.6511472057020661,0.4681426162579112,0.4076466209390015,0.5400867712500697,0.232869021306016,0.5366832850703018,0.19926394349648968,0.5353708396642887,0.49798266298809835
1397,0.47081402292106084,0.5041605632076909,0.29238927404633674,0.2081478374906666,0.2929457765393596,0.3203040741951777,0.24253515349193128,0.21682008667488606,0.21263547934912091,0.944737057816914
1398,0.6138372950608432,0.30374832349136277,0.6919407128371117,0.6269195371684536,0.633559764086427,0.004693837380108362,0.6017717458240426,0.5720094608138928,0.2686178375791249,0.8188401684277771
1399,0.23925131889927898,0.5041605632076909,0.6021765018717431,0.4371200537418928,0.6366397867978268,0.03497654776758729,0.2991126332961411,0.7807319218815197,0.5149510503574268,0.03499347586335966
1400,0.7283591454187155,0.44850752660330434,0.7673884196916704,0.08759352469913231,0.14580076863827485,0.7662023178032683,0.5610997498777361,0.7448781387925181,0.5813285317792969,0.5830257587684881
1401,0.44411956290104765,0.04415795565236978,0.1969268103605997,0.9841083323284063,0.7712900028979786,0.10289001402344897,0.37841198249578994,0.8291247472930735,0.27087775285277355,0.149364820966277
1402,0.46674439694820996,0.21934448648229837,0.8554395034196577,0.24475528106631747,0.015809838399405196,0.4400243342573229,0.06240073089078346,0.7312477097542114,0.6276262826462546,0.947987809473708
1403,0.41248451575722794,0.3422361402267069,0.20752114662018692,0.5111810906536651,0.6969619006875888,0.019482046072485153,0.6827115783764077,0.9765808242667876,0.1692260628901428,0.6758618554396053
1404,0.3956933673921333,0.9995122193000613,0.2773017625753601,0.6675762788898939,0.37422372638086066,0.16590402817359642,0.6928179875081111,0.0179097533170373,0.0,0.4513173327127711
1405,0.63631285839026,0.3024791840755387,0.3850005419074104,0.11512311110331841,0.6333425161320518,0.20144116241147994,0.4026293005109622,0.9879789142208787,0.3358850423765393,0.9598747812113422
1406,0.5535297559451918,0.026090231962538585,0.7446654602437234,0.7397313208849603,0.5955632363837143,0.3247986915386339,0.54954102248849,0.40952599175326443,0.762994316669001,0.336312538107293
1407,0.6282145249328234,0.5127801695437628,0.5428496147893739,0.6485680983492735,0.48969730928788086,0.638403065824944,0.5797557515012062,0.47754683327458936,0.791343326044738,0.4441143944641604
1408,0.5035875852583783,0.08331907712205487,0.4553080004358496,0.49396100681617716,0.5841302275888882,0.1684623061533497,0.5857176807250122,0.5771590835529761,0.19913580719459173,0.3990253816298131
1409,0.6020741240412003,0.2738455743365672,0.3529594751604205,0.5285540228568796,0.48015630043805413,0.05415669820809082,0.8173030654180764,0.007953005740456584,0.21366008077752258,0.13181160795370345
1410,0.4262212442489081,0.9924035926542834,0.24417506908351413,0.9552154325417814,0.6349753016037818,0.20346110461570857,0.5758108736846579,0.18125520831115555,0.6467027199673026,0.1498352930730696
1411,0.9259382609143463,0.7045618178983725,0.712011292378241,0.9112980290767321,0.9195687362105436,0.01742045337074547,0.4329129147796588,0.4456920362908384,0.418419080835934,0.590985035168806
1412,0.20941996266101132,0.05036920416930415,0.6497239403786378,0.11201564034065004,0.23744576558147457,0.5204779078742381,0.5778623063941271,0.7694545303684639,0.7617235166647338,0.06947171733201662
1413,0.7431523910409708,0.4485236304736498,0.7530073561186736,0.36890260356701454,0.0,0.19690869127525984,0.41957422419929163,0.8700923608349296,0.6436110332024718,0.9310847369058513
1414,0.7633348212497004,0.17138091677350023,0.5747860093029599,0.5169901405997137,0.41647512437183437,0.03390639930286754,0.3022959220712245,0.14725614824230604,0.6762365740721168,0.3276024262910757
1415,0.34446711047137457,0.12267162606977063,0.00804025584256321,0.920380217850781,0.40325406191195207,0.09292641344830074,0.7239650748599149,0.2625859817423307,0.34600088718576266,0.3209237693177892
1416,0.9258518048871593,0.5869490298533196,0.2686716986110004,0.8169200831487196,0.42384587755767755,0.34560740717191135,0.5974658880329411,0.6071994631585521,0.5864558648236327,0.13962816998618888
1417,0.6930695640525776,0.5055120293637685,0.5874776374801206,0.38664141790853346,0.3176793599452922,0.30966982761546225,0.15541056303536555,0.3606478251364624,0.8852117188035662,0.3509146742792034
1418,0.6884751231194736,0.7428027857566981,0.43183046631680877,0.8865992295222851,0.6656302849713195,0.04677461237153004,0.3727597613606947,0.29753583917242354,0.5291651747994406,0.6911342118700277
1419,0.5105339548705065,0.8922928675109869,0.39655946973743683,0.37831267718477324,0.2296911806204816,0.017556285594250844,0.6387012031354189,0.38300055631465396,0.4935915409486899,0.9573291373765527
1420,0.46426208679658804,0.24645059002599384,0.29503402219483965,0.2712985633587571,0.5840699685170762,0.5398349401565452,0.2103579460593275,0.7014876956414346,0.41936836733614896,0.19253843055868103
1421,0.46573701017128927,0.9229889827800694,0.6775025384806318,0.6101542148077963,0.620374411824624,0.0016211004890176216,0.35997888584748255,0.19815657244573764,0.19780657463428913,0.17754678296768983
1422,0.5789296917461006,0.5178520757997693,0.5858591027598771,0.35604638815139267,0.5580909212348081,0.14353454417682676,0.9899919141582574,0.06137134055678305,0.2933642215645031,0.13896190881589748
1423,0.7696136541067673,0.2586077525966956,0.5942511474094545,0.622674910911185,0.5911045604883377,0.130850073835855,0.43781605392762396,0.0028832565898437995,0.3327132801947557,0.573969374042957
1424,0.5394561016052062,0.8457567761405088,0.38261699540244676,0.40985347347109824,0.6804918909320429,0.1314140645472202,0.6986780461570674,0.5264451792615463,0.18975821788559694,0.11687892310673231
1425,0.3332816354533079,0.03522738407707099,0.533658034385158,0.7961163182425063,0.5072387991994936,0.10155841632853317,0.7757631168071895,0.24960814658529396,0.20891159094533468,0.08806811623773952
1426,0.6607944644339658,0.559383693454302,0.2512936534672866,0.9547311555834928,0.4298559615857722,0.30283036463809915,0.3312750821977765,0.5614372203598502,0.03703703973869121,0.7439224887406263
1427,0.6790436621672372,0.7215505659886476,0.47656875196226856,0.2704143994832372,0.5909550727809805,0.5856837418599785,0.5480538831284256,0.881003060601077,0.35348025005175904,0.7931725547919046
1428,0.6287638265687315,0.27975765752928416,0.02933301195702462,0.5102256796836856,0.6130049567870594,0.28947861541943054,0.8787872266621723,0.2932778360308851,0.6304239483963388,0.3145230921756852
1429,0.6459028116008769,0.863468831634939,0.2083341327879891,0.7247467655798688,0.6689662946298102,0.18232684044322944,0.5836945354858654,0.18311692845997857,0.44200898297807495,0.5814407099439131
1430,0.4541299468288386,0.24005113678174284,0.44067133078117715,0.15857283995493407,0.1656545449117618,0.4256498802414593,0.9353773984216878,0.0010004094726441953,0.4428701555457509,0.742363709376209
1431,0.32997125594337473,0.8398432255422416,0.9437305418917866,0.7962533897811319,0.46137783722087167,0.09531186991119858,0.38139019907380195,0.9814313905379225,0.6478127944540806,0.04889644426660378
1432,0.34144180142455866,0.07825694802209282,0.16495019976353956,0.5832211537649385,0.29080665309243986,0.1353959582244513,0.8304955650838393,0.5165954116968073,0.8230090468139055,0.6346821069096195
1433,0.1966783056638477,0.15966704376138988,0.26885863078075567,0.14979022640023512,0.605383653634272,0.20509130626335964,0.5019823041157097,0.8020533975525806,0.9340262009640132,0.2861549332476329
1434,0.5499528383818642,0.38079864542619946,0.5412086945927926,0.8686101312067631,0.6374431120383381,0.6333968627965619,0.4384810095797648,0.8580957370513301,0.5295949916471003,0.40908299071896004
1435,0.48950233476130395,0.8540292419596465,0.8307709578399726,0.42687849383699317,0.4437989521692979,0.01814470136403112,0.6170022843118159,0.9953021940163876,0.4486046152903895,0.3561896872777722
1436,0.4222328821853693,0.1443196388171857,0.5384854278553193,0.17668142527613132,0.3558175817035974,0.05403094408177763,0.4783400532434022,0.8596302576447002,0.42366457913057404,0.7183277659024832
1437,0.0,0.8754191859062489,0.6317275844073251,0.19546708992435133,0.6123467816595738,0.22373813664825776,0.48330158246778837,0.2936789325607645,0.6144568786844606,0.46874599152627217
1438,0.26991113522888477,0.22949453824837315,0.43781945532591604,0.7858488527087565,0.47110513522667835,0.022042966250201104,0.5884306231515413,0.564167010511307,0.4724460974910311,0.7600577020250574
1439,0.7167198590485127,0.45234660034345925,0.4055523649731486,0.9361277804603749,0.7727952183554176,0.3088661626153113,0.1653531986901256,0.962801564902935,0.4731255872044942,0.31496196117095854
1440,0.37984958469601254,0.35253893097883643,0.5161081495799901,0.37840484622824944,0.8398150982259464,0.019142610696578584,0.35154234646748544,0.6332244451495233,0.4857135648563586,0.5412503332571152
1441,0.5732810106377584,0.11785156999898345,0.3780129485345959,0.0788451248136341,0.6904425178544401,0.13070258300510992,0.6322435905770014,0.7690006670910641,0.32315470297519494,0.9069909142567929
1442,0.24286139779828914,0.9443139306647315,0.6358542664336142,0.1008502569770339,0.5418800806421925,0.4308334299191496,0.6818571146642798,0.9066905186578477,0.05907237996252107,0.4380451041574385
1443,0.776692534944331,0.43801165590197894,0.20121824600046498,0.6547606278592397,0.8499935899144822,0.30941277306100334,0.5648192858422896,0.6134862710843908,0.37499999999999994,0.5762812069052777
1444,0.4780727049554023,0.6902497314375126,0.6667599109276559,0.3709031818700178,0.5434396615237511,0.349261401583457,0.5498077385814322,0.692352379189967,0.7790315718811796,0.67048857130856
1445,0.5599698522214116,0.5751473112778313,0.5081128272038103,0.42630846929917654,0.40418870380141786,0.5171465834832414,0.5731435338716109,0.5880900049355682,0.770101944877766,0.9123118653096053
1446,0.9440599656238531,0.5015707267833185,0.46073658975871,0.3371833296297355,0.3662486338482025,0.45879886728394315,0.6756330827633212,0.3382873831915883,0.680680008103365,0.6361166576762214
1447,0.79135899883397,0.6164712008190119,0.19437149095345854,0.46573368367503853,0.360801507132748,0.5723919879161742,0.23574646299729823,0.24838514478191337,0.40834284652413816,0.6123733365065224
1448,0.44740609600581366,0.8983309827369622,0.31805470108146594,0.6438265390542138,0.49564573645379717,0.36035362468648663,0.40490055474517256,0.6333808289218855,0.35195989437973146,0.8335211479041214
1449,0.39332197105203787,0.6992338770191966,0.7243245152045104,0.5413690933192553,0.5864513877408015,0.052063133640334276,0.4851724980276551,0.9812020623413614,0.8107803369581192,0.9918351447284591
1450,0.4438251876817037,0.5323452726943152,0.4618782925606446,0.1642978038541433,0.22314802643130793,0.0772393397561996,0.5350316874242538,0.9161724678234923,0.2963689176822049,0.8989340037374747
1451,0.6014512066105342,0.6450891936167702,0.5527012465820221,0.49149562674466973,0.41004334998862324,0.403169057988914,0.10964750674452056,0.20942327128262683,0.509625741352806,0.12482523118745587
1452,0.4853939026784945,0.606284420759473,0.33675214116426244,0.4608059087487497,0.5380489864064406,0.7517276070427531,0.26689880594055765,0.8427431571355007,0.8231094329082915,0.6764327264160518
1453,0.4306748069677407,0.4329528658042131,0.495362551773171,0.5459692947431554,0.6213726219661952,0.17436738639038954,0.4958316236015317,0.020545836329699876,0.5256881871241059,0.32853655059232567
1454,0.7820651583358245,0.6246603504053486,0.24488060160386452,0.11070174277915718,0.49186365421547695,0.26233650494557953,0.685844520311419,0.5892659620020922,0.446386264551544,0.4144337998247508
1455,0.48369852819424525,0.44340498501900083,0.5194087330095649,0.15357856914226806,0.5441723332976729,0.5857898125667544,0.42158691587857827,0.9303805702156994,0.7224860975163487,0.6453265938406549
1456,0.9391184743347607,0.7575555568866685,0.5699040673902195,0.5304690907195923,0.25731394296153676,0.40178508228387283,0.3758550554079568,0.9593992128636492,0.5158217414774284,0.14506067614304763
1457,0.5223676289959392,0.9689249784163492,0.5605743996152188,0.27554262346257974,0.32051349656801875,0.49611702327733675,0.5964525287487226,0.602884114113132,0.5394093544447063,0.6926640918485761
1458,0.8420892124002543,0.9598747988677143,0.3322663931465404,0.6293020899056679,0.4851054860822876,0.056208763740707726,0.438371979257096,0.6306589827614273,0.7899047463883078,0.29346214261951414
1459,0.5726636227853572,0.8206982697422066,0.43699006522282846,0.3729037747464381,0.595632272451381,0.04000322592197777,0.6614439533910941,0.38959063621451695,0.01865835094125179,0.8192271697158767
1460,0.6869320692856741,0.6016474728072846,0.6009655393093896,0.22081714079025969,0.5416181582384989,0.7818036878920865,0.45806798296073087,0.7235450582399467,0.5703130657694864,0.37165906496879253
1461,0.3685319940123876,0.7492703716704143,0.46134890625752967,0.6566777893797847,0.3326921255278719,0.12052425174723301,0.29313260587518725,0.24529650055123775,0.3565561434970555,0.04990349794497828
1462,0.3441651542371165,0.17779386312534332,0.44719988691609813,0.39406980352333487,0.4511203032957596,0.07924111936225833,0.761025837784753,0.03331782744429619,0.46277285940856555,0.5987602771228493
1463,0.5919812500280983,0.47886560655503346,0.8557697242901999,0.15766579778497367,0.7893084203746548,0.02114160171939471,0.727197872176512,0.8352849345043775,0.5236003157963396,0.7497692398983635
1464,0.6917607282209063,0.5041605632076909,0.32342569514977304,0.8091621623273672,0.6021521445484047,0.026802412903066966,0.32260622930408583,0.0598265341466402,0.37381565743922845,0.6166837079126865
1465,0.5128422461167301,0.0031816349464297254,0.7022745630449917,0.4319382750516727,0.4654395131203696,0.2899649839393928,0.5719186321990652,0.6645750841657371,0.5455553972441818,0.7787740830555663
1466,0.2625385542380713,0.9667493355059046,0.2854380891263515,0.9154724528382943,0.298453123963382,0.9999999999999999,0.43863059325847426,0.4366462947875396,0.5753522001783851,0.804119966660583
1467,0.24860217894544873,0.863825596295683,0.6228950030490593,0.1934707352648369,0.3588924671679701,0.14727076834334954,0.6131318111928914,0.04270982172911096,0.5407932710471874,0.04219942192609066
1468,0.23598406463777016,0.513557472719844,0.6328485554570107,0.8767345183154303,0.4981525736815242,0.6169050524494493,0.3373288029746642,0.1593464761701856,0.5233073678501625,0.001785358515817459
1469,0.1717434277710327,0.25392354208158113,0.40560018880064386,0.8162664235423137,0.5502534830649964,0.5979082523080628,0.6597729441083733,0.10021030406133262,0.47979928609251105,0.2242632245658409
1470,0.5259038981963152,0.692894572647933,0.2737268671151355,0.10394442572432544,0.60627315136299,0.16268091268194065,0.7193911803320896,0.21397241108080906,0.48353575295515633,0.22466376752703515
1471,0.7175129048439144,0.434633309848348,0.13330371276618266,0.5319068900191982,0.5719247695317804,0.18033776102674026,0.3241075727953772,0.6351246387832339,0.5172239051819647,0.5629250394715926
1472,0.5027157065476294,0.8033061486517242,0.3860650666854548,0.6539646124401429,0.42526404937182777,0.19543261353723398,0.5113973525925868,0.5704257773752012,0.3231016598826773,0.22905276708018374
1473,0.07876650592201624,0.9995409348750375,0.5989186556462138,0.49569110052442233,0.3980162478625925,0.7959379555185804,0.723268472014325,0.4326487788319858,0.7434365859997354,0.36481027742656047
1474,0.4692554631219508,0.34888590167910905,0.2998080535823333,0.39042353984826617,0.8928210710573055,0.0957346576839439,0.31414014410904073,0.8430397259480598,0.48483137141290417,0.45362939278429476
1475,0.47453105084622166,0.2441710069428109,0.5188616154148866,0.9442574889946054,0.38924192315917827,0.031574570191705544,0.3754977405631205,0.7530041577479739,0.4255079141123968,0.6008057959481715
1476,0.90070636813147,0.2671582081234166,0.2254332451458996,0.7011243176217602,0.24702723723299183,0.08497255989866814,0.6210057460089633,0.6825863305881056,0.5773430288808143,0.9967502406180783
1477,0.23032357406326326,0.09306322549687329,0.45716196551473176,0.9662953822907094,0.17990534567001992,0.31203794188219164,0.4692562982899576,0.5986873060130558,0.4803522937907177,0.6884919154417597
1478,0.4315363925881203,0.39386466648984564,0.2868623122296424,0.8466007252720588,0.42856149412637806,0.32617807961961126,0.20824522492943615,0.6959980650169607,0.7382135865422548,0.26574746905190283
1479,0.8270961366421213,0.01711640813568595,0.48623808608813923,0.8174884134888638,0.6786962224242232,0.5166982440451884,0.43982066714094786,0.22616903024252488,0.6721120652081869,0.35076018064872005
1480,0.5901459069358086,0.11411964163599288,0.40733192961069586,0.7259471730732776,0.3854738909538179,0.28392109847321156,0.821148703726309,0.2594190371860696,0.5197976347918078,0.043597446130993145
1481,0.611529169562629,0.27147292238258197,0.2787829003636956,0.6463574932088583,0.7826692649324625,0.00464246363121368,0.8795378151118938,0.29773815778910284,0.6805151988900802,0.4194906547656497
1482,0.5268659591011365,0.15960220592620386,0.37790401874635504,0.8872512152049952,0.4954693699913243,0.9999999999999999,0.38135425665125006,0.7409809565012703,0.5468370359326231,0.5891165337169806
1483,0.5674985184334362,0.7320916870254894,0.32656483936047886,0.6136729804498839,0.7114964877822701,0.9999999999999999,0.3303886206344098,0.4319869988118734,0.2828837981192976,0.9494353077831825
1484,0.6519612359487111,0.1053259081037267,0.2557397541282068,0.07530382052139692,0.350313969507084,0.22439387659492838,0.41439602828643557,0.9595677132829478,0.6711972141288609,0.2679001476684688
1485,0.3525182787279878,0.8659718636173003,0.7027086052560353,0.5828125230376479,0.35331294250628476,0.13271270248998046,0.8313818499875127,0.03965272602824725,0.1410959581436964,0.24345648432179423
1486,0.6709133113305353,0.22087460698839365,0.43361003868521075,0.10286325560672199,0.5144885307203333,0.04049028149410525,0.6542839247859951,0.38284636439695857,0.0,0.017172943715537348
1487,0.24619760088214704,0.10831274196282749,0.0900754456909624,0.9497189454270456,0.5902169987737409,0.016362190501175947,0.7690501476247995,0.15425405972227868,0.6347456189321468,0.5746398901175238
1488,0.5672012508863011,0.009795529791345278,0.3845419002492779,0.6469474987190615,0.46226262686069125,0.03767728649734198,0.6831766372548576,0.8162891011658324,0.586408539053737,0.9958762154165549
1489,0.538970596611888,0.7151318696176374,0.6713709587357497,0.5558828929061186,0.553448581047457,0.8343880784396676,0.2554643503243453,0.4793526367319405,0.5737160590837949,0.3710556366492217
1490,0.38896872521251286,0.25638883168792237,0.358790973517655,0.19789297484937954,0.6107069871245491,0.9999999999999999,0.3238298622242816,0.6198544553361289,0.7661277047266626,0.4978192844619084
1491,0.5009667995612497,0.5093560418281593,0.7801039755935114,0.5159852962181848,0.22211343477122214,0.0774564059268516,0.37045191811694206,0.5977723970007373,0.4974454217763576,0.058178680752424716
1492,0.38779006958131473,0.11133919278558187,0.34101729104692025,0.3426694803500757,0.43093125501140667,0.10143708055133194,0.402593998490068,0.07854298087707247,0.43028131449431356,0.5710636483244962
1493,0.30304525070962046,0.9853139477558893,0.5946645773104885,0.6756779140020263,0.39655052845287,0.34247468711347917,0.37374847596199795,0.7836848705290976,0.6534858802129926,0.21002332595806072
1494,0.4385291729563437,0.12511253229747754,0.6941098011300025,0.6046688610369186,0.40594342334051847,0.23302975010280685,0.39521524444101336,0.8219489746721705,0.3665350732560026,0.01539713916283697
1495,0.29695349062723114,0.41175043127477035,0.5847403772526474,0.4995177570497933,0.5755790233760768,0.9999999999999999,0.617085248974713,0.6072684184582042,0.4569051857674555,0.683829406442585
1496,0.5661502434057583,0.8516224194358755,0.24444384227654317,0.25283813245569775,0.3992378301112313,0.2556017231068012,0.5239620657054735,0.2805587450318484,0.5501245441123188,0.1476883382016047
1497,0.2882562341136521,0.24465507526944885,0.32501473995312957,0.5259659704199918,0.10904133959576379,0.12657231171211944,0.7239720380386083,0.7239987380766607,0.5653169101070679,0.101096122464093
1498,0.6395781199055075,0.2667473660570364,0.7189943768305187,0.4618902344561625,0.4511286867605182,0.9322919720595996,0.5453734510542332,0.7005570793912606,0.43887320186247175,0.2281262118124276
1499,0.28233309810755786,0.8084578693063211,0.3507245061280917,0.851638610603333,0.2909927795727715,0.03343325744654857,0.37412313874999276,0.9125714852086043,0.49909834135951575,0.13748474462467097
1500,0.39840205633118336,0.2731173871430623,0.6827406344431632,0.8947299075761577,0.592881905698247,0.041590047740318645,0.5336796148956573,0.11683583400803348,0.2893797775893509,0.6228448685708625
1501,0.3874007878982932,0.0025577544350937217,0.4205348487227343,0.7595795164041322,0.6527215020820496,0.11291007277645655,0.2200475449606452,0.9098344726545963,0.35259417386364694,0.2670221389410359
1502,0.7552670054280004,0.42774362121275455,0.5271585757322256,0.3197678925162447,0.07620684193715349,0.2645917177479967,0.07233902963232863,0.887087630665888,0.8477297581743277,0.6709751086695589
1503,0.5675638762531023,0.012224914711154293,0.24227801081691355,0.038087801079780714,0.3471203057034814,0.9999999999999999,0.6175874657403067,0.2971498621524617,0.45168692057170984,0.545946710763009
1504,0.46529834886360427,0.9097848248813789,0.3873418042751309,0.9257427993587162,0.5652297600549894,0.3532402525065799,0.6867983367835673,0.7160994147128185,0.5380947861037324,0.35359523138020216
1505,0.5993420616903677,0.6417153187872573,0.33754020370835813,0.9924497941368067,0.22436309801332777,0.08066332697077527,0.5122146164028476,0.26330806199056106,0.21882930132014317,0.19342773176556488
1506,0.10767551705029037,0.5828965154105219,0.5428544922740178,0.1270600030655775,0.6482656917713645,0.4914832135330484,0.4267042935015451,0.2346766463337409,0.9890974739647795,0.6727204798034387
1507,0.4971087441628074,0.20134302419888048,0.5181620696564722,0.6859124803076795,0.6998441391676323,0.1033314792328591,0.2513116707388477,0.6413867955398227,0.3384806129808901,0.5244036294578078
1508,0.8821249373869662,0.6998679006728137,0.5870633540453718,0.4253230538987378,0.46553959416500373,0.2008266277901306,0.714219902561732,0.04949075079592134,0.2789013946562577,0.7208370467516529
1509,0.5302171912172832,0.6771687002298539,0.4093007589279857,0.1485695455002675,0.3471822934073969,0.6480303071560022,0.5897844980107938,0.09596564561113828,0.4905175485153643,0.506097972770603
1510,0.5180603268068414,0.06016945540898546,0.3272971691570409,0.998541657266536,0.04995127760989482,0.00021889848799460689,0.5526313584039095,0.6600078917355404,0.3325885573100766,0.8020593919441534
1511,0.6086642199500618,0.880829302291663,0.5348593143856277,0.9336393290098968,0.6543324220870576,0.5153429781929627,0.49801566085409416,0.951927997089045,0.5714797793057225,0.5497162801546313
1512,0.6742239022327038,0.5792943967670415,0.30876716998239095,0.9830420887983324,0.8842228654459423,0.2957097373762701,0.4122632731046752,0.0334855280198874,0.49909834135951575,0.8133357072901669
1513,0.1283778422851508,0.7924198232298595,0.7019023284203136,0.14394326575355673,0.844205535863948,0.2818748066544338,0.29348926584563567,0.022357775269192567,0.7181565337188596,0.5496948501146038
1514,0.18783645456737108,0.262688283308328,0.4794231801400476,0.4921317929238167,0.4591646442382289,0.4249358919972693,0.5455332104560797,0.0742456011452685,0.6806945709436323,0.9617466480935393
1515,0.5449233079510261,0.12177446672023301,0.4399583080486579,0.8961673911466557,0.2855246349757863,0.11778145748340085,0.399540248370806,0.0010896160600287474,0.4795941116180173,0.8531879213390228
1516,0.3703686344146882,0.7023721333571323,0.5869749040573105,0.675450086913407,0.6588970964728147,0.025057400774434857,0.42067890399866587,0.9283555522955454,0.1876268058017277,0.25407271975868295
1517,0.7527913321532733,0.7938361062992234,0.4865394636686138,0.43478267555797134,0.4723379511505919,0.009282360828756334,0.8158725761855579,0.47378212565998346,0.3478298123582831,0.7281306548609747
1518,0.4457818493489972,0.385849299230269,0.1915615303746737,0.5169129141656637,0.5893614815143361,0.732131942159391,0.4900347576642777,0.6919991358417623,0.5140195177580997,0.13193182973584588
1519,0.1402521907325749,0.023385746004834933,0.30282895969431733,0.03860013116620725,0.5554382217101728,0.4170090558711966,0.04630070995190838,0.4160885990080587,0.2721691500171672,0.9110935295869514
1520,0.26600626373562064,0.8182156703439744,0.6980392886855684,0.6117795131194629,0.514867214847591,0.12002656726010154,0.4001060553022186,0.9973340764160487,0.3030764624373002,0.345507287637714
1521,0.0,0.20584893995944986,0.5164251915560134,0.8600921406378965,0.6958203258516382,0.18148636400696447,0.31412369468623474,0.4796754803903641,0.7014858606882701,0.4773981387433738
1522,0.46107362149700887,0.33883184385539533,0.1871758805243369,0.0027756645438224425,0.7030069700345425,0.5927829363313758,0.473217711924425,0.9393162878891154,0.5315719583473,0.02050884061696695
1523,0.4697038142421703,0.6281285182091624,0.5664485193631885,0.16001908804135737,0.395775822557273,0.10265406377779535,0.2360777777055521,0.6494676958019066,0.5255712219071949,0.8676222865613374
1524,0.425162037560924,0.09967392947391182,0.3964817284382379,0.518209392004447,0.3183227920264138,0.15485794192804983,0.5789168903376984,0.9477942386839248,0.6023472279671878,0.9480166728160859
1525,0.7088028140222719,0.07170553988806251,0.33769059908476495,0.5612033843071982,0.013480931449385503,0.37827436852824664,0.44427725232984366,0.4948959953510824,0.4710180403138117,0.470471531737816
1526,0.7313758641770218,0.025397921170142095,0.28726722778995983,0.34349119988935417,0.4299208087435489,0.13933547052482761,0.41113001639402275,0.8788902276512659,0.4908360997111107,0.18785566135102555
1527,0.4730991270069131,0.91663471243823,0.6872637077640213,0.02792809457982806,0.28539903482821166,0.15762010673173585,0.5265124743723675,0.33353343131809376,0.5887686935603786,0.6937788756758678
1528,0.10248674622927044,0.31117331426007416,0.13422403789047418,0.7439232519397778,0.5779618894423578,0.9006402774605705,0.4847614438046593,0.6610633485664383,0.6558308398803028,0.29691870298584844
1529,0.6217115976334158,0.6605672703590446,0.3445849509838992,0.2430177293469212,0.43191203021648766,0.12870039378524178,0.4740498090501159,0.6170204154998965,0.596770126191098,0.9600093554252589
1530,0.6100286783171179,0.9892546031114505,0.5231842482527151,0.6448548613675242,0.4528869399706144,0.19517930500790687,0.4575400995291407,0.48658485335612855,0.7795841842930082,0.311114983248278
1531,0.5636209062352465,0.669362216211783,0.7951391115012066,0.5593849624225237,0.6539341170643974,0.2858977202608073,0.49515745675999917,0.5012410676983033,0.50682021413831,0.5757004761253125
1532,0.6904261473825919,0.5249574964652897,0.6040733137694568,0.4310172216496805,0.5737176644070997,0.04729745787364833,0.5622265599640186,0.16965862774117546,0.24620650790282655,0.0493861182531104
1533,0.285474695472023,0.5207812250556053,0.3430011282201093,0.5905420648986919,0.4743067913523701,0.4562925959229757,0.5391243223171547,0.9060553497142357,0.7088896247407708,0.9898140368708424
1534,0.8842458557183397,0.376729837167084,0.785999026960352,0.6953395393653428,0.8230783529254521,0.026754991622437854,0.7068309499257739,0.45393675192578653,0.4555797042826805,0.5761369076715681
1535,0.32422830083855436,0.5996675636830779,0.24805637204758976,0.5724885703184915,0.63965586945963,0.32986984575445116,0.3980337528255143,0.15099420940903718,0.356105917333651,0.9753191090856999
1536,0.6466054356827914,0.9588004684379335,0.5502651831376384,0.5577629068850944,0.4164390334167769,0.026741833603915716,0.5428433152704888,0.7042222388535386,0.6374724639084366,0.3006773414700482
1537,0.18688908471743537,0.7879954831206292,0.5917508778375178,0.43625929874967895,0.42506735257716916,0.9703335638210213,0.9502461737022656,0.7270700575644256,0.5725798336819679,0.5271343350419018
1538,0.3297305990714175,0.4240552733103133,0.33645681212145806,0.43021329164743516,0.6493718661893065,0.9999999999999999,0.4913491933998518,0.044571352121714966,0.25920559770854573,0.018326173157667658
1539,0.7913455173820637,0.3322425077535372,0.6308792524925914,0.4911728112521797,0.5361136865999844,0.6004131715959076,0.49850353310147894,0.3324662118799545,0.6295466992147931,0.7708121788698528
1540,0.4560220228194381,0.8835152073264928,0.40494279617601425,0.45226683162817305,0.280015076432343,0.09984321506378788,0.2657930841290344,0.5840743435297576,0.8582219981696131,0.16644946669609634
1541,0.6637180629970707,0.1355171293571149,0.6304222214790802,0.4392074931267945,0.6699395850190912,0.42815675517853363,0.3673082879802177,0.8215544929690437,0.5636216117097583,0.42529586933881497
1542,0.5499541170549919,0.849557477355851,0.1577043889726443,0.21044769172340674,0.7400606764822539,0.47714000368954035,0.4792796640984452,0.3102363504947086,0.4534714023247239,0.6700197066449143
1543,0.48544408573075765,0.254848327326733,0.5632527326910309,0.7251524380464539,0.7253905158947077,0.21512696652553143,0.5973354637176136,0.29927882756515967,0.18501729293979768,0.08206515857321428
1544,0.7625693490543736,0.7155562442550831,0.42392497750554814,0.13299444101936145,0.795287381385216,0.1921446853243409,0.6186855167369645,0.7364831978305948,0.8918295695645198,0.7836168608030942
1545,0.4605956572570698,0.8061781650199558,0.7151959793438037,0.9091096072395559,0.8971169427513326,0.059819137428092604,0.5591078836662426,0.2187746341377796,0.4039293215674508,0.8057884016389207
1546,0.1692687869236137,0.4768429840733229,0.49257889886268535,0.6251146846837886,0.8314988871330403,0.561274895947639,0.6472731824322364,0.8960202474923106,0.23465256721015132,0.5312705040957781
1547,0.3536967763390046,0.1920343487388928,0.7337571082088613,0.04890394799255643,0.5627710606410177,0.23556169492549972,0.3145127965844042,0.7903666922660155,0.5231991771794982,0.6049405158771588
1548,0.6092421927938912,0.8447383378799935,0.5954487376812413,0.659282899821105,0.45656220597723524,0.3401349300137749,0.5891177568686579,0.8930748961818334,0.6936871941251421,0.09415969022974635
1549,0.5798690047501669,0.3673178581704149,0.4770013329041176,0.36166147922754865,0.14298315271353063,0.06701060822323415,0.5013695408005177,0.3534056660968635,0.7369389398786397,0.4487804534654248
1550,0.209584517325289,0.32047396850748583,0.6476780911318127,0.9301737238596341,0.49897995512336385,0.023704036731362024,0.5219507103589036,0.16527050712307695,0.37443327962138545,0.8411404766353436
1551,0.3685826589101796,0.5098737937329162,0.6488696413264045,0.9364872718235318,0.5972928337610942,0.0,0.43205276984437085,0.584871946102646,0.483423128519517,0.08925712003137842
1552,0.39549149683011403,0.4349185626464116,0.5887903248157642,0.8462986572427796,0.5053021335532312,0.5850589999108522,0.3230581299394177,0.18951969907659705,0.502219381826591,0.9887141879863732
1553,0.4362924762300289,0.6829682303472073,0.07327666900087568,0.5680911303938421,0.13164458748716673,0.6626131214017098,0.27469279475159586,0.2657146690986974,0.6876665678302301,0.485888349086865
1554,0.2456484530771793,0.13692958866586455,0.31753776868028105,0.9195816957287906,0.44143746423184776,0.45551702419240625,0.5580742033865387,0.40025877303711466,0.6147670555984288,0.012731194655683453
1555,0.38668992270268904,0.435522179250142,0.758910966416792,0.6500881572007793,0.6217025660936676,0.47448723852582864,0.5907663978601794,0.46246109995419216,0.5535539851718794,0.33986571271355037
1556,0.36777740677842874,0.8916882465056718,0.2665525618858512,0.8755127768649762,0.2984379837917954,0.5246700093615656,0.4749981673167722,0.3220523657604288,0.6759388681865051,0.5005867387129297
1557,0.650814804614196,0.03576035531185625,0.6653563658765613,0.1601076504262359,0.5289270061312663,0.4329466291807,0.4961724123392672,0.28433385548589707,0.2433765387971944,0.958991410348029
1558,0.6579066744731276,0.45717816506845727,0.6325315310922508,0.9045774120277288,0.5803662049182174,0.3145848097147703,0.3660166437071884,0.24631553778802756,0.5820983317097717,0.7052183188620128
1559,0.4777363381784689,0.6604403788140137,0.3654313916202546,0.6618760881714868,0.713123127878134,0.56148331344059,0.5917277310469218,0.690020171386977,0.5442396318204399,0.5810135322776292
1560,0.4312793827914229,0.8876961754007505,0.12867891237744591,0.3033943229921765,0.8281422212888199,0.31240759840751814,0.5100919962488848,0.3055064508462101,0.4926407337922281,0.966520335987497
1561,0.5316469224652128,0.5936721118003412,0.39468133991979626,0.9982537409663679,0.4237959951657207,0.36754427796796596,0.4314447900740443,0.6942849246490488,0.45470803920756914,0.2949347794948886
1562,0.3511808120516883,0.8244480197192962,0.8883220779248081,0.6871810077276129,0.532421487673412,0.01030920737606378,0.6587103630105744,0.7428041879162778,0.52762658253572,0.37966622819165646
1563,0.2888700667982572,0.22245165433128075,0.3397835774592247,0.9088151070461772,0.5384780385337551,0.055981809851832876,0.6179209346348431,0.7141302092265343,0.3938171362193155,0.7682042635585866
1564,0.32785206710388604,0.35261398827063045,0.35265550389199996,0.005568844560296771,0.6224845554658573,0.037329396197618214,0.2155161570187925,0.9144711775120117,1.0,0.5944622207351756
1565,0.385474477362129,0.9421357301504658,0.31473624462870997,0.552573495868696,0.6008261729200624,0.43071893246479775,0.5079746761180559,0.9545462141640931,0.760317664889929,0.2189470375896304
1566,0.28573021538889626,0.885959615537497,0.7273332516684673,0.7128414743560028,0.7725126015746572,0.6367948399925205,0.322097547899968,0.14638259148303862,0.709771014608823,0.7510546550199235
1567,0.5358232573923486,0.5578267733664126,0.4554783715513887,0.013723966154035067,0.04594170568487754,0.01416598388405647,0.524649428248767,0.32022495676651785,0.40151333563731034,0.26716687924632093
1568,0.6429249335546217,0.47533429557436313,0.3840522703422765,0.7628911116035437,0.5777344498971394,0.005784480860775957,0.0,0.7876160041793405,0.3202943320142258,0.558854573831636
1569,0.205803490485283,0.45090510684459756,0.7643880052391784,0.6517289164665542,0.5911563473613608,0.9849716509062234,0.5352815895055623,0.7817485454241323,0.46187447374267826,0.8562351264270609
1570,0.5099880326102986,0.05849497808328225,0.6088542984260623,0.2748669235099893,0.45137809547863716,0.8121753569220482,0.6302768099849123,0.07041440266424552,0.5238289064617547,0.27506081138291316
1571,0.46375085004238087,0.8923637671571799,0.32933740080705554,0.6892429357377506,0.058956836835700355,0.11224532852956204,0.4784631309041855,0.9621026777189282,0.22697711917932212,0.761154951572816
1572,0.569680555381053,0.8181111188298452,0.2725879267567485,0.130942066486994,0.48507951394211923,0.14033574598247994,0.283998666978826,0.856199585009039,0.5933265234442606,0.8613311530156595
1573,0.5028057073667677,0.45609060970265897,0.71677488623251,0.8243973939483417,0.359436066056625,0.22207471533712553,0.8598837329126194,0.8992278584907131,0.7077267720896507,0.3171080344475617
1574,0.23099122039790432,0.2792197616069462,0.5039120388284696,0.8666047386651644,0.8214399733999391,0.2901647130872328,0.7121967975837256,0.20394514089970783,0.07740897232370941,0.19656033395447825
1575,0.26706748019844045,0.3427218208596696,0.21188727193445725,0.485681228961908,0.5694693636211763,0.958690487875278,0.4009173747060038,0.5006780557217035,0.3310898316249325,0.8657549855278028
1576,0.5107983597799958,0.12288762841956453,0.16823763231731384,0.507656580941969,0.34300944512061415,0.04955286576736795,0.4507431286439964,0.44026003816299353,0.7354037745473405,0.46637152239022295
1577,0.6993506256131727,0.7217188290362256,0.29264464799847967,0.4022202460456408,0.09984051843344294,0.14091875835906334,0.13337748818192813,0.3599630132462843,0.5731865540321701,0.31131406055157573
1578,0.08748838952088157,0.5565432141606828,0.2696225181728048,0.3454737524104633,0.6111193213727197,0.5163705997381141,0.5862548404638723,0.22693081039428176,0.3375577163574495,0.01032004074119025
1579,0.5704763603304193,0.23386791003273114,0.11919647219445226,0.8732809730439152,0.63153198226719,0.6215261543294694,0.24626179707963075,0.1391237124038635,0.641844346422181,0.193957613494603
1580,0.7296970790567224,0.6229013188567042,0.29572774500285026,0.30499431204720373,0.4551407144242757,0.027546737898420465,0.6218595722782769,0.8705129773390884,0.38925258433849425,0.512680794072398
1581,0.47637497985862604,0.9792461915183545,0.3293765052468972,0.4030162634062673,0.6136450545712132,0.23386946285210994,0.6882065238794803,0.5302134205869359,0.4572827982932763,0.8289682115517594
1582,0.609055550784959,0.12212191967331565,0.41449302695963264,0.30003515021508,0.42951283829044323,0.18583759706508415,0.4859410687818361,0.6006513342002698,0.2857780623742833,0.5022722385394338
1583,0.37259639339328177,0.4583252295591304,0.8165016349760802,0.6569959082616345,0.7033062417284948,0.20740511881631968,0.30249893045831294,0.2611996624437415,0.5053544042584783,0.2764225389581646
1584,0.48272566951865986,0.49401108023434037,0.4510159833753452,0.8145740050072986,0.6888900302694616,0.23189289012550768,0.7293669839701595,0.9351006734451913,0.6955758330056434,0.9291362463359113
1585,0.1994234544367252,0.16653898430418393,0.4695291238274475,0.16439225011636313,0.1798651334490033,0.017954733674484743,0.49930601273597136,0.9364251237429572,0.41142505877343877,0.36920276029857324
1586,0.0629314109313298,0.5314451005190133,0.5957550753590464,0.25484056854186454,0.22700981822402977,0.13935091422351295,0.5161071194162263,0.6713218990751296,0.6247643432773575,0.16282726992800972
1587,0.6831218506032459,0.6058672580481654,0.4565223076881384,0.10413639852166831,0.8897828798035954,0.006227863055388284,0.3270245451054898,0.32019079579882154,0.49265912511692483,0.9453479073331275
1588,0.3194044520654749,0.15708311889720364,0.5754079421904852,0.16023846839187403,0.6771899140704705,0.20610436248408548,0.5345269014699288,0.23242349475455232,0.7071297634766565,0.3963963789064259
1589,0.4193008692124249,0.15446159458731062,0.553114597813665,0.4070497324400689,0.2526990420269392,0.2522763673241188,0.46146547550397005,0.5950923314231574,0.41417351696911525,0.4823808006576017
1590,0.243661972874607,0.8563232187812282,0.5236433634154095,0.776214308284768,0.1931236627526849,0.44195786573889156,0.25378091328440505,0.8328585501989119,0.7975622326357952,0.8298180362077832
1591,0.2392229661493674,0.31117800824521036,1.0,0.5418480848426002,0.5370665798379106,0.25295215730554044,0.7461532607625281,0.9670526854131217,0.631628595409506,0.2876985581035769
1592,0.472448339830203,0.6302316070912249,0.6707022092868503,0.05328156158387523,0.275922992968252,0.6265090877227808,0.8234891987373716,0.0676599293866713,0.5484983303047692,0.5286943051008812
1593,0.36759501441391734,0.6266700940360586,0.29904457215975355,0.6253553343563117,0.4356180070240676,0.12827180030004692,0.6867784589032044,0.3338434166454183,0.5554315021696015,0.8662830434529025
1594,0.5765600281458513,0.8391395809840078,0.5698259795559285,0.7956511333993499,0.48773273909137765,0.059871918230345725,0.6592177379862194,0.39083427138921145,0.41380324995506207,0.2560670857372722
1595,0.5906289257891145,0.7398298295996059,0.3531255734885781,0.3936297329117907,0.4793845776150676,0.08013503660368924,0.8245924190659759,0.36869551075374557,0.49909834135951575,0.8942911771480093
1596,0.565782741774982,0.8405456132338439,0.5840049856987422,0.24510617369513785,0.7147809226058627,0.2512037747097679,0.3056275557541001,0.6676455544902942,0.5519520387922963,0.1914312364935804
1597,0.5502645608782788,0.6251112820695586,0.24431451820817254,0.7642702494356642,0.8517695129678551,0.08031537203124291,0.3034123409332881,0.5469954421338793,0.2744066552588134,0.8543912954569396
1598,0.8029299880307743,0.4492943324300917,0.2941849661584348,0.023897998666236764,0.40424209696809943,0.6336149157489867,0.42244413092099414,0.8913926319642279,0.3878320717967742,0.39343464642419745
1599,0.30382023809319747,0.3933848294061041,0.5649184142492479,0.8159473303941135,0.27817762409655966,0.9999999999999999,0.5538640640200148,0.22212366378563203,0.49909834135951575,0.5481281905028841
1600,0.49488215579730116,0.3788431684092945,0.6868421606707596,0.8046106697448187,0.5720912272605926,0.10638486345307387,0.44491247709320464,0.39902213513340123,0.6107750284675184,0.5513795173059388
1601,0.7189554834707442,0.4182197852970923,0.5945221491940207,0.8883755722800892,0.8124503888397212,0.9999999999999999,0.31070269865438555,0.5409446418159425,0.6136638822210874,0.2048627171250325
1602,0.7438320847055911,0.12903836995588147,0.6600703649309365,0.08950189498341413,0.41888505479144744,0.24948326288925873,0.49994939172361047,0.8167654857449752,0.7430006880668059,0.17294443849759272
1603,0.23699776081759777,0.42378693674369283,0.5704966877324643,0.10778885296538368,0.6613603267297996,0.08767554058662308,0.4814913180942357,0.823212680961628,0.4385638508308433,0.7114042559411897
1604,0.4463137102284082,0.38926182419688254,0.5329509059597932,0.8731354511401316,0.33495305579702994,0.07935498659359672,0.6541418845721669,0.8593693534010421,0.3486819020372009,0.8254126315428847
1605,0.7614883952513358,0.03426880594275901,0.4068444661694576,0.4754623625405001,0.5009922789979939,0.2313222680592831,0.5071240160513952,0.518904964707416,0.22300534132723554,0.1368914809345358
1606,0.6011079824486801,0.27490908979647877,0.6524024943818393,0.39249991874117807,0.5010879514399724,0.16098032225050732,0.14748722790023133,0.2411845803513285,0.5536158323764835,0.7515303795513136
1607,0.5420878733421062,0.7518462274316319,0.6919167320818601,0.5735383006486594,0.4989730333399142,0.9999999999999999,0.5700300357634491,0.7261638723889541,0.7675026769596602,0.326872668520257
1608,0.46417557334427534,0.5778261098479908,0.48901030998355965,0.05859079746629092,0.4743522624460629,0.2781802294016562,0.7907675130174951,0.9547342010625278,0.48796615931022874,0.5944075655579668
1609,0.4328338394091818,0.806125063084604,0.4789749086788119,0.6439933328382416,0.6145053058260017,0.2107084161940083,0.5042432124769962,0.28491396855168966,0.5072003348082144,0.5346080481347495
1610,0.5596262148427161,0.5425566829417768,0.7975715275179919,0.9454990866743602,0.840803231438287,0.12364337127283553,0.6810135533886599,0.19793782849002595,0.5009604058042203,0.7433696669766302
1611,0.45763059625734653,0.8540575041723834,0.4969725427461007,0.6760117938309756,0.4216548805924098,0.6479581590410165,0.40570325251146283,0.021914879439834403,0.5503976181284398,0.5418998756622735
1612,0.49721345204026574,0.7960212569139049,0.5148962104046274,0.46472976793536713,0.11007588262413942,0.8057730590920513,0.6032944267992271,0.6663363506766651,0.6915594681677941,0.09336093348888103
1613,0.5200764046537987,0.09800321670766136,0.5910871883490882,0.961304196109179,0.4577854366703955,0.38892261652339655,0.361518467016874,0.5448025788080098,0.8667466994993664,0.2791581679079205
1614,0.37731276954607235,0.9770215947021272,0.482540667348085,0.6888142059675247,0.5547739773948717,0.6189509005007016,0.4534231583191361,0.13422824941889877,0.5968086791207914,0.39788772989560717
1615,0.6056456312491373,0.014437898593057866,0.34779113949532314,0.05696741584711473,0.5359307799165202,0.1989204541709043,0.45487554454637563,0.1990728171905229,0.6093406403069415,0.57199842669351
1616,1.0000000000000002,0.5967249528229834,0.57127008870558,0.6703358190697692,0.4664279710062221,0.35777197768391167,0.5868617873453457,0.6620882373381601,0.45668563297451364,0.16944990300049845
1617,0.16997658963352053,0.7924644665706401,0.49355347335153665,0.05970410246924768,0.7846422991453441,0.49244259538369733,0.3468371199719657,0.43573229997426066,0.48165889176274596,0.3373924544168023
1618,0.5663794930687552,0.33169163270709284,0.8443528554494327,0.3073521042400642,0.5232254106334381,0.17208411405014465,0.2286137397911921,0.2328104933206805,0.47909486102100635,0.06315668291808119
1619,0.361819171916478,0.5984572916803131,0.6478234162012889,0.6159477351613856,0.4766073743426324,0.9999999999999999,0.5856480687922523,0.6056512655403845,0.43258068303565583,0.3225226325401645
1620,0.614187485849312,0.3619302261816833,0.38972620611438613,0.21569605229470581,0.3464483287539363,0.22259101721381308,0.5787127771358143,0.05212494416970996,0.5263682522943098,0.512172754014982
1621,0.5140310725437063,0.060320907590971466,0.6367477452484678,0.03818752115279078,0.1590165255606908,0.09166552537487875,0.5196610742928607,0.015637670650001947,0.6208540495770987,0.9364527400326125
1622,0.648988730664872,0.00814984919805859,0.558196785440621,0.6182189888990549,0.560560218062273,0.25777143557552534,0.6710368239119162,0.26047575330407063,0.5142153901850222,0.17769083954970566
1623,0.7270338714513417,0.09457952152449635,0.7449835492439293,0.2859696629141676,0.5443483067617058,0.31534940345134793,0.4615160514171643,0.2891358681115903,0.448847984619088,0.02755965995901649
1624,0.5415516794843694,0.09812828288269175,0.40297263949891526,0.533190389447714,0.2919745184293543,0.7934648020953229,0.5508186709075111,0.10386207358664183,0.5260780852647691,0.3771577593490293
1625,0.7188351980455968,0.6107814349333047,0.5359684162858641,0.261246579963045,0.4882949989814263,0.27019553607918695,0.43434075610117634,0.11436698163181018,0.3197882969801776,0.6075681418335124
1626,0.06293997946937639,0.5257281916035663,0.4823005740078179,0.6867256777331212,0.46905304391223,0.05704794293339843,0.45118821002971904,0.16733898081897852,0.6547588255100698,0.6076112540874369
1627,0.8053231404763659,0.4553024992400735,0.5116872812242552,0.8960945854756739,0.37608245380501404,0.06969404891976895,0.5616804625470189,0.7245160381695437,0.4236493659504427,0.34551576902665493
1628,0.5760112059184823,0.6918404824018802,0.33569528178072516,0.08658541482493554,0.34342997789067875,0.4298485809187892,0.9171272580820211,0.8061274212293285,0.28272103062711434,0.0375482832818258
1629,0.7086074080134706,0.01651729028932716,0.6081861923411428,0.7866615124295396,0.5752316170857779,0.1306958311326391,0.63587013228418,0.1811501108092094,0.5898628571693594,0.9189119689289227
1630,0.2750886619960328,0.2707604161265829,0.5787296760543157,0.15614768367290563,0.45319970177965196,0.15012930638883357,0.6001318891185008,0.6566320974909325,0.5992930064692112,0.5017547975290824
1631,0.3485026340760455,0.7773405857558188,0.740469851510328,0.32954222178700576,0.3825636047965794,0.2822656499371961,0.6416162355172068,0.2332323655323459,0.3387718446502777,0.7765178831844988
1632,0.532781601626104,0.9099697099492096,0.4989113390340517,0.35751060307675897,0.3302070431294458,0.1372421580847435,0.06570746912988756,0.8800695166006491,0.6206060313778292,0.39686714032908277
1633,0.5020323117429818,0.43817001481752266,0.42397480253739217,0.20638573998941298,0.47173517609175974,0.028243196943592813,0.5577985463155934,0.2685311704842325,0.6225686491022728,0.8314254182644354
1634,0.558654456590086,0.0811969562846153,0.6479811594578977,0.07524973556626191,0.6756980526914174,0.006571455076906386,0.6669010007118015,0.1292820027904164,0.8773270260562749,0.7846794640217425
1635,0.7098662009689025,0.7986837948789257,0.3526653812659758,0.7688210960605413,0.5368476219533788,0.03989805667593248,0.514483622186747,0.438862875851207,0.4574910982251443,0.09523587613672319
1636,0.17219658338057214,0.8851546641275614,0.703126115103224,0.7939737317484035,0.5010879514399724,0.3717993422623718,0.4909391285991082,0.15373975405675738,0.4918105464370606,0.05120727111046747
1637,0.6889807803914908,0.4134853606904543,0.7027265409478395,0.9972730527948661,0.5565482462856708,0.5144370296708096,0.3254736875165332,0.19792318283150473,0.3868622321519683,0.14945096338577585
1638,0.5068094873503691,0.24312286374233516,0.7352582809679663,0.9350153568699457,0.7607869414060265,0.3698637019969128,0.41893536513224033,0.3387129851780737,0.5959289573360664,0.8228356664046287
1639,0.466798669625988,0.043671983472296935,0.5710197012281615,0.43482331435550226,0.591737214191482,0.1505732002380578,0.34511400836859857,0.6605851732790102,0.5012662239564873,0.2694778975406139
1640,0.22768642365058356,0.5909677943273982,0.41005161326233974,0.1334301872068764,0.5472077563182243,0.07178553130734285,0.6833288777463156,0.116356084809787,0.6898268278153628,0.39574959064139514
1641,0.6001588722365033,0.9098620576727954,0.5211441639303165,0.010685686665354965,0.6203867691902878,0.14964000390931023,0.7759846796123866,0.28372252362089884,0.41969945410810733,0.5783582744268213
1642,0.04976868924703752,0.6778022958465046,0.5716623488495364,0.5317430374517349,0.4663136698205684,0.19196598360134276,0.8559527971653771,0.85836108057701,0.5917837059983075,0.6518615109471351
1643,0.6275816893949862,0.31704114768861225,0.39631708527432075,0.8609434265808222,0.5324815350044083,0.12255070410668231,0.34206972316454604,0.27337598223369,0.4569554283022447,0.4263252802146388
1644,0.2237260530989602,0.6427907817583777,0.7494016309747187,0.26800785256219006,0.4023005580757914,0.6663105023642191,0.37557415726298377,0.1679832126780158,0.15210825003575218,0.4491338669857744
1645,0.5153330027000246,0.8320347156733388,0.6089643457658318,0.19901372593792835,0.1969586883929485,0.41960526718769564,0.3605763479282597,0.5333963335512892,0.6214555654109635,0.32809111263655777
1646,0.4827629064918831,0.47567613246447804,0.3343853345014237,0.4391362477994398,0.5631915849549487,0.20448077376492863,0.3109676938194356,0.03276214830335304,0.17004802148953885,0.09397583302816936
1647,0.7259077869146048,0.8197106400895839,0.8519290436043817,0.8939249966997178,0.5639351638544191,0.01501118696176837,0.31394537209034085,0.8039113334131842,0.4718422808081834,0.1482637972077147
1648,0.4715394110214863,0.39172742555260553,0.5189438030159508,0.45186256517610135,0.4412263172985401,0.18301060255401597,0.4037896160123173,0.22203403185717446,0.47480915203454427,0.8898979493810275
1649,0.374281345972229,0.34830877806394833,0.29673555751836,0.7230264444851169,0.5010879514399724,0.7570477179793653,0.6602591986429098,0.13237065265013842,0.5005509454213597,0.9748553124342931
1650,0.4096643974004777,0.5828708664138821,0.34594225799451495,0.4627199407637921,0.3573001353558547,0.37201140604573896,0.3664549533107863,0.8081657652084925,0.5111290173844973,0.8254484744748123
1651,0.7454061802090177,0.46452872968442716,0.7782464255907525,0.37311136905696285,0.15424395702242083,0.22184450732255168,0.69321392363685,0.8427409558322067,0.5092590215763184,0.30575667067969403
1652,0.606431946115766,0.9771271827725513,0.8411330362324455,0.4410958324373656,0.3620366781784078,0.6956328219523212,0.7512228915325698,0.7346455191253735,0.571117179179256,0.17829971780595305
1653,0.4324887450139216,0.5162491859600566,0.6890457831621285,0.7687351088949101,0.19881830077246582,0.24344141478933554,0.5515100552307199,0.23417736249625976,0.48148436357397234,0.509163752749679
1654,0.4606357323966726,0.38498750375787344,0.746826564826508,0.7547341880773071,0.562263231885806,0.13744705561789328,0.7256977571790493,0.5267643787977316,0.9990688118198541,0.09455473453820207
1655,0.20956209529837583,0.3947523126093405,0.7276747220639994,0.43193774148087893,0.351405529825493,0.039724206968327534,0.2477339248069092,0.9691362811947796,0.43709349518250257,0.9149639364903335
1656,0.5785417043788174,0.5478103617612979,0.6046436096238487,0.2677214065715543,0.6873434556734785,0.014582365328046912,0.3959123940108337,0.477508749171512,0.26987077038442836,0.7679939439694217
1657,0.17321628971111136,0.3547172997066176,0.562146010550568,0.13917185439153426,0.6833026868115526,0.11780636629789985,0.5338557515062228,0.9496970459556652,0.23426794613313445,0.9736188753728341
1658,0.6470909942706166,0.7228360666505458,0.601463305492391,0.0013510767012027414,0.31796270379282987,0.09107239302835823,0.5400955538068657,0.6762434717319462,0.6271960043098745,0.8559060950311422
1659,0.529514398605478,0.38047688066275,0.6380448649094564,0.11329048629946717,0.34056800055050984,0.02863780233393157,0.7626193481762036,0.8449833980861787,0.19976352773213996,0.40877667690899
1660,0.955601503516512,0.38395951452432286,0.3624762462881246,0.1647118354555189,0.600252964489949,0.25457209144054616,0.31460461206029927,0.19195236338491728,0.27231420584009897,0.3141750468528912
1661,0.29768046509666823,0.6168669601678657,0.637288305048113,0.6902362375452306,0.6864054478516852,0.7156427507154159,0.39982981359387,0.9267768867358882,0.2449550281875758,0.8342081664285638
1662,0.4858772923841645,0.06055288354798796,0.7728069508941157,0.8182732534295641,0.10758232326044681,0.4408424633744648,0.4832251378179116,0.8533375791590452,0.5889884086181465,0.5878767012484156
1663,0.8445361771206772,0.6552615832223234,0.4622935383326865,0.7372657584629726,0.5513606159349821,0.036172713081855164,0.40321313496509154,0.7849972184762029,0.7549475546274285,0.8786891715289229
1664,0.7300305849713732,0.5048281261338191,0.4423617391887752,0.7235465450697081,0.07180410453002517,0.013855598818142658,0.30652640953615756,0.9412747920121011,0.32281085342573484,0.32515855244531544
1665,0.37389013323752257,0.45286449077140173,0.5896549759158529,0.9947592201318058,0.390779903545365,0.3055790207928102,0.4109754148151816,0.7888289719103946,0.5823200135182565,0.5464411298065235
1666,0.547503632885279,0.7191812222518885,0.3796227499921808,0.9630217373291017,0.7084207523927231,0.4219032767720911,0.45360260957106996,0.576555767599546,0.0011763674562353388,0.4623065278548364
1667,0.5056241358715988,0.7581971775019164,0.2552000510399587,0.26895174254290544,1.0,0.4963565932651532,0.7659981603806716,0.6485468355570296,0.36065495425161237,0.18319232198635876
1668,0.5584445156769777,0.8462319617776252,0.7148258332483552,0.14514831556441524,0.45068280188491444,0.20556245434939427,0.31065848922076594,0.8208657346746694,0.49909834135951575,0.5410486488789068
1669,0.3734244144681389,0.3746150960169516,0.416680627317893,0.15334957864073293,0.25565173217121717,0.057447869483550906,0.6493188057050978,0.7490815462716133,0.4428096011879649,0.08334693126972847
1670,0.4883945156589293,0.326833545994872,0.5042216991540873,0.8959998214114258,0.39755448402739735,0.3456747701213395,0.7336326935954096,0.5916102293744533,0.6909856703496446,0.37496054374304655
1671,0.20373674671731062,0.7142686755489994,0.3869953947176654,0.10237472712706433,0.5096574909367231,0.3045510806761897,0.4043247489785637,0.5979022231635731,0.07788147628828329,0.5334034351847515
1672,0.5307411272874563,0.5816867001389889,0.7388904559847504,0.34028154633873786,0.36723495703823505,0.6800319458681469,0.5468596731851176,0.8802931885374401,0.3625108535905532,0.14518853208824778
1673,0.5901538938773754,0.6317002618874028,0.6598948395663822,0.5305714881618606,0.31799179857639254,0.17747920102996168,0.6051741198065617,0.009342275631221267,0.5881533330764046,0.7536392912283723
1674,0.4623388896246082,0.5553958776011928,0.4558842180810233,0.6137137302253788,0.4143134327794298,0.08167037410300032,0.5747418883569555,0.7178564017989256,0.5857688164402293,0.19076285570299528
1675,0.2005295770338481,0.7726392914589866,0.28073528168144224,0.5959877058297232,0.573393207012737,0.021232220716580475,0.5140623042860579,0.5654622471328337,0.6003478547847845,0.7285314175249588
1676,0.6917566944539478,0.1897905040172984,0.4360801859191442,0.7867505901133363,0.4641095281211969,0.08616289987392532,0.3736527273348234,0.8382770612882925,0.5415638316794755,0.023895008795620454
1677,0.5740231315697927,0.5555851671028857,0.6071121693300969,0.5719372621718464,0.3263518899868846,0.4488260431425021,0.6211383351627833,0.2049980105937359,0.28478121292640907,0.6888659786147062
1678,0.3682670876795993,0.15784062460417767,0.5359608735998477,0.8514191714740328,0.3672695301809539,0.20650558282384945,0.4298129362270124,0.5251179430396672,0.3541254214254171,0.4003811967920489
1679,0.45230503681384265,0.4070748663919096,0.5211274386464099,0.08464994528801756,0.4168263334134652,0.2164579421871436,0.5041922200793032,0.12715348408660054,0.9422056721611529,0.7901023505913682
1680,0.22211033472841646,0.6639034042669871,0.5402620352578192,0.8593417321169813,0.30356160577515734,0.28807181710498386,0.5313466835514875,0.6592384291541306,0.2628855958643151,0.561942607650796
1681,0.3117791740918763,0.4929235006778831,0.6422933849668899,0.5902555905454955,0.36009676804235435,0.12176030293436187,0.6568478454588591,0.7637012294138753,0.2332120494064625,0.3800064517713386
1682,0.40377615154102814,0.3794051280247794,0.49297455437616,0.22301597100223733,0.6213745042915805,0.2693322624260661,0.8546381587845315,0.6233723263809894,0.6313061127404129,0.663785212899592
1683,0.7370173864650865,0.8849541646220558,0.5847067106956877,0.9781741607153636,0.4523274884729024,0.2858445630450432,0.36277391955116006,0.5545652809247666,0.30090186819011716,0.3878710298243079
1684,0.3845895557498002,0.7727720275376607,0.3167248865170865,0.9401477438206234,0.15770581054092264,0.9999999999999999,0.5086064974406324,0.34303199377895083,0.8426240932334454,0.35616310716512267
1685,0.6260382736218923,0.5261538892714918,0.977063416708048,0.8460960037909687,0.695130737817911,0.34582843719218487,0.22500977277370843,0.6396349757968155,1.0,0.4255943345960644
1686,0.40368089848826466,0.9500592852992885,0.44784256300122594,0.9119966489659548,0.5774827511690019,0.23883654348763997,0.7722527212962322,0.8995293234657925,0.4563674707037792,0.7103846755850103
1687,0.5520280488414006,0.42419399251582224,0.5387503470907312,0.38229843707196454,0.22934233321038494,0.2298406506105811,0.5069965606909028,0.7213234116709739,0.5609304003309181,0.6149210033607416
1688,0.4785693234483028,0.7880243867624915,0.6064245268572646,0.22789052114744898,0.426203593993129,0.06519873445935,0.4436109712301664,0.022392399039014813,0.15549419801608239,0.9165116878263769
1689,0.6699695703906055,0.16767839471799162,0.4241704357977186,0.18296883483516488,0.3436643891925215,0.3338354765928653,0.5085421645179744,0.5084847183839835,0.6981243960619834,0.00031085786238582713
1690,0.4043421736304767,0.28557441005153905,0.5022404085724479,0.8741430594827286,0.6278097696200187,0.10802548498703245,0.5178670397907548,0.7363320761034016,0.07684675083797482,0.16090191172921103
1691,0.20855247322594667,0.3378851638827716,0.4999745748851475,0.826992738606246,0.4249901828576923,0.1251010289111263,0.3638709775750459,0.5039232809547146,0.2476570312028406,0.49399163325608325
1692,0.24450972485874328,0.10554194283029929,0.3303169042643146,0.9813708266403989,0.48280147908602894,0.35505968052177683,0.718103038065637,0.5911684392588489,0.5246710101625915,0.6696349994262742
1693,0.4048957123511718,0.5016596550114945,0.5825761786766632,0.8486234468447877,0.4602824787017432,0.2834142513390564,0.6178693232158883,0.9116163510391556,0.6061843892245928,0.08958010066781835
1694,0.26958237143818703,0.19201049867612136,0.1932082651431307,0.6326378504280421,0.21057959548468386,0.08738805098728014,0.6435962454193542,0.8739569100596459,0.22023135643847475,0.2941621043042649
1695,0.5826430543754257,0.6340854097322824,0.8276537815272339,0.14232801882620807,0.7687196124432489,0.3811152479617973,0.3734343161931563,0.08079268437313274,0.39907090847573995,0.9885769510862037
1696,0.4173687920402977,0.1898419924703277,0.6486668123700553,0.16490419715367519,0.6249904426230778,0.45326309954885413,0.3634513432413001,0.5103177216006455,0.18647686778068834,0.32760516576907484
1697,0.9532722818541539,0.12323341655459964,0.6199747169093931,0.4738984023510051,0.35231352889451495,0.07285034526144583,0.47795400297788143,0.62215535941253,0.4419124409381045,0.38008435151820585
1698,0.17738618436857084,0.969099281302647,0.1769047561305718,0.7681298287814691,0.5339891257001891,0.08486136103483376,0.6465092709361433,0.852023602203009,0.35001438471367036,0.2387399730615739
1699,0.543667098465933,0.6581479447744383,0.35297789373219823,0.17333592974139586,0.6852986834273594,0.360321805987966,0.5914756940731134,0.26510171496963086,0.38137175587264754,0.01737810491533104
1700,0.29243204521195937,0.9364524533977316,0.7598880687716146,0.915919826951584,0.507659644577964,0.13350962625454313,0.3554118932677634,0.13937125321984395,0.6258584445869986,0.2853524370760403
1701,0.412155143601354,0.4897386097772186,1.0,0.6840863465204194,0.7979963646185018,0.036459861323158635,0.6221170858949272,0.5969768681868385,0.5556332211814412,0.16100619920866183
1702,0.5319290198078882,0.03309921106749567,0.7235861770505779,0.31243365071400386,1.0,0.8697274175761462,0.3195356469243788,0.46734800746035476,0.6087547532399475,0.38098827613973635
1703,0.06651091237590391,0.5742505024626436,0.6941666498180331,0.8861482085866335,0.4724824490250786,0.09959648997923219,0.37682763121876356,0.25730110401235284,0.47759552916306897,0.23239464261519766
1704,1.0000000000000002,0.5582028043859918,0.5986865766435107,0.5988867705106892,0.38420074297916396,0.8062285330345574,1.0,0.9429809851377268,0.6383431455298307,0.40382398945077175
1705,0.8642751555441033,0.01466613463498703,0.34272649828534707,0.733476830376102,0.30549919382409907,0.18166280989381464,0.28275232686552637,0.3171917945265875,0.4954734133964272,0.2694108967710259
1706,0.4196951113269846,0.8612181991118806,0.6863768481221598,0.3856004420532215,0.06871235890309574,0.22440951376988447,0.3211210656093015,0.05474684902767031,0.4087879704525918,0.9156084382919858
1707,0.5542657726031529,0.6198654030798046,0.2954106368820819,0.39371250874671526,0.7383029750791951,0.09692394439687281,0.7852941122379151,0.05826249200539303,0.6105373833608174,0.29134370482849126
1708,0.6986224917501084,0.7446279866387017,0.275012137539559,0.012604132105300647,0.42850251374836634,0.9121581564905643,0.7510011285329916,0.20064038521199268,0.4216996877493548,0.18856119393686283
1709,0.4743132266292925,0.49377328523788044,0.263273319577627,0.5381304615664467,0.6661953975676339,0.15214777922118364,0.9213907071531076,0.11623772200491723,0.43954491263822565,0.762022235927738
1710,0.3956351076916082,0.6182966310691802,0.682749237976577,0.7611278807751763,0.7050929082638095,0.0734275485764805,0.5820427957090524,0.3943759571613884,0.7050898958865179,0.8117390986799029
1711,0.07587571699765426,0.25724226692629376,0.4900736409024863,0.9692513788310109,0.28778881361409514,0.03393112618842168,0.6178738673112425,0.07994242605079548,0.6871972688752843,0.562982621125942
1712,0.62618488427826,0.9737718980096319,0.5195907240631689,0.8926184310997183,0.31683306952596585,0.49041857884128676,0.47031384020654327,0.5609634669609681,0.445690939887362,0.34481641268962204
1713,0.4838950282763225,0.4005407300360312,0.4979083490624735,0.08701189967469883,0.8343476541758258,0.35057532637816513,0.4342441159744023,0.4080876121083443,0.6679655661925854,0.8342142197047201
1714,0.3141802854290034,0.1620668829344681,0.2908397746452688,0.9809523710651498,0.48332531545223034,0.05084012987481778,0.6597864712087882,0.5977479371356025,0.25931495798296894,0.6698532992763995
1715,0.5291323569547659,0.05561976479615475,0.3756926588737898,0.14953027184309178,0.36916027345994473,0.6360490719222245,0.7502097776681413,0.9893202713675334,0.4467926969756642,0.3809993881149529
1716,0.3951218839737472,0.6360721236837452,0.38507427124826554,0.041113981874695116,0.29471291320484705,0.16139287866287816,0.6440544220449425,0.9919870956336375,0.35931450467055753,0.3916270462983691
1717,0.4055468931175809,0.9833972289966691,0.23870397464971863,0.7492554460379834,0.46951642830022045,0.17377081063714758,0.343948179848439,0.41673118936470543,0.5018084000201439,0.002384082103402685
1718,0.6196379956009742,0.8957823134617732,0.40674808124508743,0.9062843345487663,0.7885455587502412,0.36116860871488105,0.5711658925897154,0.36672275551183264,0.641696946586024,0.05770898752334974
1719,0.25272959232776704,0.7020270112128169,0.2991220664208851,0.9502010032002877,0.6294601429201834,0.9999999999999999,0.3568020327534886,0.6814314275692409,0.6077080055755832,0.1347638453530668
1720,0.7028475697116916,0.9906177430089163,0.6085151635503947,0.8253367352842004,0.5320355936202027,0.22503691800618192,0.4390309007850102,0.3673488533101549,0.5818618693055315,0.247233697891533
1721,0.24154054484779347,0.722757700286966,0.6240494076336864,0.20498132028849195,0.804140918291744,0.3968337156477421,0.800812693672498,0.778224625054515,0.5282615009835194,0.9260718631627636
1722,0.380212704184194,0.33905109933593264,0.25952292800073407,0.1540545796811408,0.7668586491291386,0.8116161060859104,0.2775660598246547,0.6014712515542776,0.4718642152266022,0.8216107225041264
1723,0.8680559335670596,0.6011065262930373,0.4454605563897912,0.0589763823494569,0.5615061299672478,0.6136473348332043,0.8990609359461079,0.1990443028379011,0.7303414485680162,0.040715728688581476
1724,0.7179488991438056,0.07947903900775025,0.8469283849470871,0.5822178102177132,1.0,0.38960631676313456,0.6003025833388644,0.4145345037292596,0.20833302847310725,0.014858092055877736
1725,0.5236621988952403,0.22144278520287164,0.3178730121390435,0.48742627801754745,0.4490194595331096,0.3371959914617755,0.41290131435810046,0.863658031093451,0.37546860172928803,0.5859817396679046
1726,0.3277937657462102,0.41736663546433317,0.5803472547065869,0.1093146817705645,0.7092663558449153,0.5312029765644708,0.5114925572329123,0.5531463388165544,0.5802759580454193,0.3764454296493169
1727,0.4053872421932568,0.20157208418422445,0.5204605092700451,0.46502190875761373,0.4208616001801582,0.1418464196181743,0.3725200867187192,0.7098161863597807,0.7924065174774952,0.8017677391067406
1728,0.5190720216464195,0.9535083081496128,0.7045999952066788,0.5675655770647627,0.671513230397745,0.288701434169633,0.3979923399271585,0.7097481190563892,0.4364391389202737,0.9728853213620359
1729,0.5123265505142507,0.9956190281904562,0.5558844259551179,0.7232682933105229,0.4488329903374556,0.6022451270526936,0.5124298286323679,0.4819008492543748,0.45256983560543135,0.494229137035438
1730,0.4881019722892373,0.37074659009026284,0.4203463470109171,0.41436904678365627,0.5861189831135363,0.0696258684979833,0.43821514337946893,0.2951124777902979,0.2570833749991915,0.17735779687875447
1731,0.49942963136292456,0.7091538343882279,0.5132323422131844,0.31847979012419214,0.959195027138865,0.1580548414187367,0.32675998341287177,0.5961605603231039,0.3992637571391408,0.8927717395010797
1732,0.46480000414954853,0.4075938328630441,0.5159562659334079,0.6659664743891617,0.6809918122658227,0.2108393343448177,0.45805234826540847,0.11255750744743813,0.6366899861404274,0.4221719212714732
1733,0.23318370937014465,0.13924176480584652,0.4836803565748431,0.6845194584219063,0.5891118422988915,0.07255884166152156,0.2563406830040615,0.5971930283461114,0.49909834135951575,0.417103824478935
1734,0.4077950114696585,0.33672603916314164,0.25477244638296237,0.27053383225139804,0.34702925525569545,0.2694723430435586,0.2642379102950682,0.10223119867500731,0.4464228157006675,0.7039053120972145
1735,0.6778122481499137,0.23313593895702475,0.7326118516270835,0.01981296177549105,0.5332863629411054,0.008232279949624373,0.2623486458184306,0.9018234462832898,0.350352540449358,0.36988021122564324
1736,0.24707846458339272,0.3278744253407968,0.6996664424123897,0.9461067825237686,0.3019027543096613,0.9999999999999999,0.8072887629034029,0.7437915969585299,0.515392238689669,0.23479922389851365
1737,0.46948280505012957,0.21477973527015456,0.30604430903017243,0.7556149440325899,0.668443137407779,0.21179727652428837,0.5737490873621782,0.1807548695323638,0.1953854878881594,0.7416854505671686
1738,0.3505810526511344,0.1120685112431559,0.44469706744609894,0.20117768839214542,0.6635883654154318,0.05764558834890227,0.6088497774939672,0.7846076685999773,0.7368757133234167,0.1857904725470631
1739,0.5262557875052373,0.2171872885414622,0.45880359853795116,0.5659068740944379,0.46213144391113703,0.24953036796497902,0.5009835251543191,0.7257608995590001,0.2683274150294314,0.03921242859048374
1740,0.4319221207908502,0.905748210931431,0.2850952844012279,0.595202237173447,0.8186500915987787,0.4138678793199977,0.5923219371546098,0.728354570291695,0.5617549310627412,0.4975961466733809
1741,0.7839919704623001,0.08493591344393074,0.15263156018757104,0.12602739747476624,0.7914472850408272,0.9264517299374829,0.7158659369449092,0.33492941804555676,0.5589435975820132,0.03387620277783354
1742,0.600825736109135,0.3245517276129687,0.37571844267588006,0.1917260911042528,0.5258235356191163,0.13065281176935073,0.5741541721700545,0.5225135348227521,0.6213985255858976,0.790935151674964
1743,0.25774439209007205,0.5283137275015002,0.4343135983899957,0.9571278017466125,0.6062630305870552,0.2605194430624251,0.8015698252149168,0.5855894809780594,0.550698119299853,0.9774101341019545
1744,0.6318898605750917,0.35431778308017836,0.23199723596345187,0.5082255348795944,0.3830542083247252,0.03882139055915492,0.49204448371424,0.3766537259970203,0.5026563325973108,0.9486411299959158
1745,0.35909061933916064,0.5174672684308526,0.5337867174151473,0.19151112421815017,0.4442307113581884,0.08778676277221655,0.6094135616413978,0.5601966341252816,0.5835657439506874,0.14885900562316207
1746,0.3963829750186388,0.043120189308781705,0.7176488684026034,0.7979227641390559,0.2883618446733869,0.10559317572242845,0.6288061052291234,0.24360318028408323,0.6607145282573892,0.9319887650737466
1747,0.5644562487929881,0.6484740083490437,0.6578321943852765,0.4707707385588542,0.40435445167185435,0.000689894894016223,0.32693019472015267,0.8748921568321674,0.8434301488555971,0.11178128307213253
1748,0.41246719462931486,0.5633544572700412,0.4771547827000685,0.6386868038475815,0.47668617673594393,0.24369419520871716,0.5067920303009663,0.9604009816706555,0.2926852401749423,0.35437093086642324
1749,0.6737051581698331,0.6808815751273177,0.15755217041309597,0.2976192754858188,0.17571769234693652,0.05811193003960418,0.1591374219453882,0.32637488459290526,0.1527601969034415,0.08427664155420489
1750,0.35911737225322166,0.5671347470080511,0.6342565577627202,0.05791151292064384,0.6084493094441318,0.19700566428785968,0.4749420098417347,0.3420499672716936,0.20826360363095514,0.8226687805890782
1751,0.3884680867494939,0.4377368548577689,0.5280826341371353,0.16500092688402748,0.6945851903268776,0.6525819584762605,0.4474045750056734,0.2157783546044802,0.15765662907727268,0.2236957553164129
1752,0.38140710468342903,0.3499451938876932,0.5799207932907771,0.9734657080650488,0.49534631360875647,0.12980280672541267,0.43636492891007944,0.8647800574464093,0.2742264076368797,0.6648836923601433
1753,0.39852585771008414,0.22619708917859044,0.8618560486200658,0.6238563305735199,0.0,0.0021547821711537987,0.42371363386346367,0.16289478447473144,0.2501121896075215,0.7626780037532461
1754,0.7126352479725861,0.499921980451987,0.34695725981240944,0.83144863913911,0.44794214589904197,0.2354468173042127,0.5933722137452091,0.7988156205550928,0.423039947380534,0.38072582370305674
1755,0.623884119065827,0.025746719656714347,0.0,0.02151021863658567,0.22735907641696362,0.4896553539787229,0.3354573650424176,0.832307728712746,0.6645963702646485,0.7892776006325863
1756,0.8278680516002184,0.3280370879149295,0.3043163232204571,0.765795724503568,0.37896093856094276,0.8230562604414957,0.8421002523052004,0.31585388906619843,0.6211600891361766,0.32554723218384196
1757,0.9330913197198805,0.6777865585809673,0.5914264540415199,0.4851561235418136,0.7777217382772641,0.0436773044772404,0.6036140244054631,0.7767336494864304,0.38392999211601425,0.14817703975042457
1758,0.3107779018155226,0.10843920734694185,0.5058026838134435,0.6655949821243025,0.025984596490608303,0.7104234803893629,0.35074720348835803,0.4526981085406634,0.400338958010177,0.45982297836800723
1759,0.5185331347483911,0.062597943173042,0.2740701541683762,0.35835073426886443,0.33897113134131585,0.7246474201050838,0.6183262516037202,0.3481090252223729,0.884146442561508,0.7103068591032541
1760,0.2833290586830671,0.6520841983513451,0.23600986908671198,0.6211354692686515,0.6573391152452022,0.4078431761475436,0.6824701717655777,0.893398222692026,0.6151376762872411,0.039642686735573474
1761,0.35853326427952004,0.3975944495579623,0.4346480457632731,0.03561692120955437,0.3611062405840333,0.258062335735894,0.567013119283257,0.45325458082290027,0.5349517145963125,0.8062377168547434
1762,0.38636702644099036,0.8017811372407355,0.2683897660581307,0.045590456348169106,0.34630827775052697,0.3312931701620957,0.31332021077654365,0.05469057136085466,0.5252237573783836,0.2555963546672373
1763,0.30578978111896005,0.9373131330532172,0.5978770340821644,0.7991850009035396,0.8900003781191266,0.045498485826099236,0.9117168367950461,0.6343685834707492,0.4471900642611479,0.6811951019569122
1764,0.3067836379761543,0.9570489416610267,0.4240517543404765,0.12450333181759415,0.5700682186797319,0.9897102585919996,0.616897798367988,0.6578651662816585,0.8826953198286904,0.11399360231389533
1765,0.4780242689793734,0.4254219712940975,0.3838263017710678,0.013971125378230698,0.6775972834760107,0.6936826141425345,0.26870962880489474,0.6344977545820637,0.4660740327036215,0.3894198375306434
1766,0.275684365885703,0.264101912411882,0.3593657963549166,0.9128573991554625,0.5925603788221531,0.20955251572670278,0.5374904111247967,0.3599831703004285,0.5305040311043643,0.46501815018724985
1767,0.664133966222017,0.608504628089165,0.5498523862281052,0.26563478350349,0.5281544863520556,0.0862383540413745,0.45825401975021646,0.6784914076409803,0.18890017320807745,0.46841382387121655
1768,0.3320911217279611,0.6280904235071456,0.5087275566096442,0.5826310838321148,0.7413745710640011,0.9999999999999999,0.5000916356351999,0.29071248781825426,0.38124475087347903,0.2731931083569523
1769,1.0000000000000002,0.6222404598816041,0.5384452889125724,0.8392840173911329,0.8654236070797688,0.2433035851239588,0.27864812896572394,0.46409588778711663,0.3975160939879068,0.5291770247083091
1770,0.4200826179421108,0.32157269245245673,0.5343744922672665,0.7462312981098431,0.1712399158127621,0.34970342067570154,0.5089297254240588,0.21627528272329688,0.5945265884127156,0.2773228102785207
1771,0.5188347321195701,0.06345872769884955,0.4873169574913616,0.04663004309950225,0.49004648259434774,0.9999999999999999,0.3455278167435923,0.6130854354935941,0.35486553325315845,0.16648257264680072
1772,0.2608503320168288,0.20976119244557034,0.30810666165410394,0.5611877519502736,0.48852200725743655,0.05415544317203828,0.4344107416942709,0.8104652990661178,0.5113192429033373,0.1332912080025202
1773,0.8271412442507884,0.15415702083772045,0.36456833311888326,0.5420280998222848,0.5010879514399724,0.2337367346727735,0.570394616995489,0.09715574374425688,0.38694620510420014,0.8947100528938718
1774,0.7164670420813852,0.12362763800864818,0.4271759279528671,0.35022213089170284,0.6866415930218525,0.3782976444529274,0.410960249297004,0.026454407989022724,0.29304210559843485,0.13059128282193183
1775,0.5612670721363662,0.9262814280647373,0.8859312387606587,0.7538907253580029,0.5465668742816677,0.16983150619594198,0.4453187880134268,0.7610660180409613,0.2853191811529325,0.39515716629816167
1776,0.25114093537219456,0.01353779397109388,0.2492288855726856,0.9644303042864752,0.8693165724511148,0.2640872552756507,0.6502500676992342,0.322519180143578,0.4691991261611705,0.2518561841215247
1777,0.5449941712034099,0.601746348344651,0.4226437833370431,0.14723518044620523,0.7096992288408773,0.5690853486458182,0.3349469686073337,0.3234654735058679,0.5217207910368948,0.6160256442319526
1778,0.29366256964882775,0.9474790547961616,0.5191075061708607,0.1452716265151527,0.7608483396598744,0.020598200090353472,0.3792628813295184,0.5645401795963543,0.46533724758335476,0.345719886057782
1779,0.7811546223463839,0.3598601243776156,0.4442108504607548,0.7350550942188734,0.26492688541946585,0.060825983797988314,0.2674161994667274,0.4864861975813155,0.3439143940993436,0.286273352939075
1780,0.6579205270456291,0.5269614659193156,0.7010718656756147,0.45460640644416783,0.3409589050942118,0.22347144058840057,0.3470757681677252,0.12106514435258127,0.47597015290373496,0.9690153498487943
1781,0.523253729406361,0.6957039738136359,0.44324756689384726,0.7955658558411502,0.35689623351843835,0.5369745198287992,0.5227309652897068,0.7603662795644529,0.44083248427494565,0.9967522670123584
1782,0.04556734277866782,0.31696221782124057,0.4570401451810321,0.1411233231320664,0.7528049350053245,0.10610145209056221,0.6168958522950241,0.17581307554877396,0.3042079391408236,0.13256683387556262
1783,1.0000000000000002,0.477498675746963,0.6527058679212216,0.03985664892849461,0.30979965334381404,0.16076142361014986,1.0,0.8260031127517311,0.5179252321412433,0.6927715696907608
1784,0.635009222485924,0.8170641074864444,0.8384711352490967,0.6982362034563335,0.315455838246689,0.43376851035241215,0.6114247146187897,0.7642813997690844,0.8460652459842979,0.8898362901323604
1785,0.734085943270455,0.7452927068188936,0.7632735732100681,0.9951498381464845,0.27997722136965164,0.09901957598179263,0.5183194279396433,0.16676217204346533,0.4737233034758373,0.9708428372329061
1786,0.7145178806248182,0.8084077479975382,0.4752957500594809,0.09482261355361687,0.5010879514399724,0.7042173974561038,0.24379595365178758,0.7581433373250972,0.2245661786696363,0.29805773888415077
1787,0.20487621647421356,0.9873588781052139,0.4915469280311905,0.8647166418472964,0.4693663038182721,0.424603399536961,0.5311145758870055,0.6608043283606757,0.7811337751855911,0.7844247399119504
1788,0.5621418448418233,0.3701379395465538,0.5094940580355671,0.385447906365456,0.5993725544267994,0.2430162418915502,0.7192815312449825,0.9818989016201899,0.7409677761365931,0.3276954348295307
1789,0.6968477387102592,0.7470288902613536,0.5281958817000377,0.016778027981857263,0.2762514465812619,0.21012819988849074,0.14978000044015521,0.7117276286495409,0.774291226231564,0.6215764938182842
1790,0.19236290512783544,0.6026734890268611,0.3427543013248333,0.5102373938021201,0.6824244496095592,0.15849027629734339,0.8688945116123226,0.38990172157364433,0.4941205434909299,0.5129361219566725
1791,0.5037555375397595,0.6665152292998542,0.6754518744499349,0.2789633624569363,0.15380251496311037,0.17050655450531385,0.38625645932460445,0.6198951805080429,0.3532819768613252,0.7074790999589963
1792,0.5569137189216276,0.7398090962055858,0.5393128406019827,0.6937031837706951,0.30751209491637155,0.5572066852317709,0.19462238847953223,0.6617376457567091,0.33248471622054016,0.9127032401389309
1793,0.4485005979588888,0.7496698353247165,0.4924156294774691,0.28794391112786777,0.3554102400531761,0.006762688824038705,0.5244468248698215,0.7455716221060528,0.7189497175602999,0.11272138951412997
1794,0.15579301715237726,0.8857295741238355,0.26371791589590743,0.4819026830141211,0.5392135193927667,0.343501895639921,0.6522530388029304,0.4683624015577168,0.8072244045820349,0.22279082637962971
1795,0.4437963020388869,0.34912505011379125,0.5123972305030771,0.20063835704193525,0.34347415647330937,0.9369688431682174,0.4471617802176557,0.8276704309131491,0.3272893037909958,0.5857292175057287
1796,0.4434930432857757,0.6533873888673624,0.14770508201942176,0.8284638248264943,0.7916604479111966,0.8306544059206065,0.556400192850659,0.28655717311547674,0.023373362095433337,0.3571775320825157
1797,0.4773095687825983,0.2800705075253434,0.39230599099145014,0.9258383459589401,0.5942148554607614,0.26546575517076393,0.8900271585876245,0.9634067613167084,0.4987619957373995,0.5578337367062887
1798,0.39893477415186124,0.5944548540807806,0.3957657924265249,0.4035022294376217,0.3634897842228886,0.05604091568922167,0.5368517726144058,0.3100616996136259,0.3303507284914912,0.7827784328193546
1799,0.42166224880699815,0.7511141458595868,0.5543044996139812,0.4490674795158145,0.6898440597115687,0.08128938571140756,1.0,0.03699524609004583,0.36777515867509397,0.6994734767497395
1800,0.4977553862871216,0.7909535336279122,0.8513651454665584,0.983116920168815,0.420805899689034,0.21900945171294903,0.7322479592993254,0.1996924307910034,0.45688431227118137,0.766577624503193
1801,0.5887263771253025,0.4199517747489584,0.607439425666586,0.14216166811523726,0.3826713348650856,0.09090030206711706,0.5084147130883894,0.9274829371781766,0.580008370039971,0.16113567390731265
1802,0.44780964195031797,0.5085773971776415,0.7709019389008905,0.8089726104045107,0.6701528979873046,0.04700990528357054,0.5526984672055049,0.790002277973052,0.3537741866968687,0.030303468415332657
1803,0.4279570058147409,0.33364800410455836,0.6211104415684002,0.5675205716664659,0.022434919256927255,0.03540290320595252,0.43996549378790223,0.43908792429480137,0.5279926569866047,0.8717248843259361
1804,0.5226716715594063,0.16877887275664313,0.7105988045756965,0.8811207233948681,0.6390113992427112,0.21808113525237108,0.544956382772386,0.9051829504549355,0.4781743019929701,0.4514906121246872
1805,0.14282094479743446,0.2602908074655213,0.8471274638615155,0.29254395072024864,0.35894591552773325,0.6546981007134236,0.6025210853819478,0.24622156950870194,0.06417296852653293,0.6356562230124364
1806,0.5952508059127661,0.9121303373259209,0.36429666373063685,0.29627508939648584,0.3586533551178054,0.24602408322609123,0.42433433189817044,0.23313804403041027,0.6056748475920406,0.07288533854508977
1807,0.5051406687479377,0.30875929791348666,0.3521245338134156,0.32595072965359895,0.8756346909401169,0.31116853787146154,0.24428147530446237,0.12846835051417088,0.4164594494313309,0.7077087697112447
1808,0.5127360275669334,0.9747738018281682,0.6255115037711423,0.01661949204442581,0.39412683915221525,0.01306309977892159,0.7427003359953697,0.4421513862252828,0.2620334779651125,0.10160266499897985
1809,0.6865120319126097,0.2412450614684053,0.5000951017280735,0.16995188110952916,0.6817776742141215,0.15853519607311672,0.6785269796035192,0.5138925028789098,0.36421651613557665,0.7873329181512819
1810,0.136802334259985,0.7230006076826716,0.5418761695932354,0.9950253690244109,0.5508913343902171,0.11756944128620321,0.23743275369970446,0.14466202503173903,0.5407002013913225,0.06066005412428027
1811,0.13283673014598202,0.5737824676884646,0.45440580087243954,0.2490439585000431,0.570958686145767,0.38696027377221215,0.5304559912477984,0.114105972404846,0.5109242848971438,0.0831441610693901
1812,0.5569064449943313,0.6967907265328015,0.3895814051159203,0.019907020590234165,0.44841614043657735,0.029180352521984563,0.6884151616452057,0.39013631029054263,0.6245696813806076,0.3432616539501693
1813,0.503904148169097,0.6438607650891399,0.80304682938679,0.27864932483258775,0.43832441775893327,0.38777883247559286,0.6693467186764694,0.23219804475419226,0.5850827169133352,0.2119733169977298
1814,0.5373547928127018,0.7066725947402807,0.29566170179279017,0.40855897060641666,0.7924322782053195,0.06810761795606896,0.37085839539292137,0.5740709987950254,0.2795607881934427,0.984453542636708
1815,0.4180557692405346,0.9055381566648999,0.6287903523422796,0.5480202699476543,0.6768540703094809,0.02254245887266774,0.6801201590737656,0.5241088951538697,0.0,0.45128931519570686
1816,0.6305928551590617,0.5633451486357365,0.5985474615641888,0.06857834401378868,0.40022594832158953,0.1870648909795169,0.5016913757732999,0.16201590887940975,0.5251104508485442,0.4688118745020383
1817,0.6812111617668599,0.0675571569924148,0.20630185912555607,0.7907736393148546,0.29457696373850006,0.2264463320456981,0.5706221527658291,0.012709915278165632,0.6220085039287857,0.0464192306653789
1818,0.5965615522987178,0.2706023158148287,0.34584412258297725,0.8258621375351257,0.3838247224425968,0.3970711317863988,0.3292464495575061,0.6446436930943567,0.4636807709540393,0.49136251163830874
1819,0.4560354874288744,0.7081434878296459,0.37719214900363074,0.21323948432686676,0.6867256643157071,0.012300990376285455,0.0,0.7728249487749875,0.6276420047836375,0.06389390703643588
1820,0.10758173871119982,0.4939268588716643,0.6060736516267654,0.7987665866552712,0.724868824781381,0.35177141837554154,0.35547760369592957,0.48802236450059167,0.31184975474044857,0.6280941390487349
1821,0.6503814117843179,0.54842260033669,0.43233063285118023,0.36157408493915244,0.6042189852421201,0.18588774457031268,0.5979117874452857,0.5753087674950624,0.4364045678981749,0.9815634033010934
1822,0.7357547557246862,0.5964672833361708,0.48481898314898453,0.4232857586121739,0.18415040396641613,0.9999999999999999,0.46100055164657566,0.9617767992099505,0.3272506380898484,0.32953958431947056
1823,0.6268580133900679,0.3824438896129771,0.22893609042759624,0.9368001836677162,0.6426791677791552,0.48025862112105083,0.618875139411887,0.7676398823540946,0.6346129926800215,0.8080350222937037
1824,0.3392816789348856,0.7738421992031296,0.9345537522354234,0.8922958368752383,0.7490252524431944,0.6039179310266699,0.703005984339236,0.333456523491627,0.32918383236422405,0.9655057479786551
1825,0.6323740689056894,0.7234645606355428,0.5140587975898984,0.3752641916562435,0.5304483688826513,0.9999999999999999,0.4379199773287444,0.8502927495532483,0.8934692700896836,0.9679702135766037
1826,0.6676060775829471,0.7142259718393953,0.5938426610065064,0.4883158169936763,0.8798255071989369,0.46369186381739824,0.4197585714022089,0.5482820526297222,0.4067725665954111,0.7459119868930707
1827,0.7993542556060884,0.7152370748265918,0.3999567654102212,0.28663647496908495,0.24136621206875958,0.10101653910299074,0.09539974057068717,0.521706543176211,0.6537786224488584,0.8699793340650556
1828,0.33994816872946887,0.8903439833813774,0.37906889928656196,0.5156523514518968,0.629338194576341,0.7085804264466696,0.21333801879314945,0.6917573496583652,0.4092135059057364,0.35141799250207184
1829,0.4625209271364246,0.5952792065429628,0.8574886641962606,0.6822026518848083,0.2995392954851098,0.7017569488886747,0.251669744979879,0.4291954329490518,0.7562610929366296,0.5838331005354807
1830,0.646237357033916,0.9670840732710501,0.1433206969351787,0.09269111949842443,0.7016285770121303,0.25278580246388416,0.6016135282950397,0.8807839313653327,0.7490205409834931,0.6628692796395914
1831,0.516078670408304,0.11891838771857109,0.5527476099008569,0.9202454360904364,0.6154217553260706,0.024907884642441206,0.4397633109848745,0.1668200357373954,0.4406321903915679,0.21732640901828976
1832,0.29443678085768726,0.6318577452642199,0.274840799057251,0.7191857389203457,0.8453089640230961,0.09209612482647697,0.40033188750470367,0.42161869699225396,0.5543281059573586,0.3133711290706924
1833,0.5834740233672459,0.7168539922741385,0.425250126421877,0.0967779863935844,0.5935350336997748,0.06362014965812901,0.3792029504655698,0.06433094055642878,0.7441662903337232,0.3613911701586399
1834,0.6144250364299866,0.4770669533312643,0.3817792157016372,0.8693698860640322,0.41873208065237644,0.11447315465313625,0.35517269781457267,0.7052887334306106,0.5599572798233217,0.0656477903795632
1835,0.5218431793647967,0.28799113479893873,0.3169004767960806,0.7440060607461064,0.4018915005275677,0.36431913501903707,0.6692973363328802,0.2698995239359422,0.3272223222324339,0.456518328663591
1836,0.5466767709675875,0.5499085717937222,0.5073908494784264,0.3132517536379551,0.4484867446034638,0.05807135885800702,0.5161294856959611,0.42513241888620223,0.5154520308864328,0.7833399557173886
1837,0.4564359576721139,0.36455626164727223,0.021854613083482383,0.5216539436761258,0.3980899161773352,0.0030798829760905477,0.6818195858824732,0.886377328838106,0.3599943158349263,0.6497638704083661
1838,0.7841589976074351,0.9091163865892659,0.4419438588114034,0.8605074742875324,0.7574452852598655,0.8514423121224473,0.0941949193451363,0.18583381508577906,0.5308268141072598,0.6251153918436078
1839,0.33531014735280473,0.356598308882718,0.4839424216862894,0.9685521665173029,0.7436209116564261,0.047846550331484945,0.597202586047396,0.0016770815877339695,0.35253760943168405,0.6058967831297377
1840,0.39443503577488376,0.17545177034962736,0.2472818278665029,0.2811875749892031,0.5010879514399724,0.11699151689150103,0.40963908137582744,0.5779293714883841,0.5729662396297512,0.022468125983287013
1841,0.5073195857470449,0.5762691532878793,0.7829899680002926,0.650838495803862,0.5042977122641198,0.0797065701098633,0.4469699847350013,0.4372610693336767,0.16230789603355839,0.003234099326417772
1842,0.6710822588044157,0.3958117183038354,0.3899171612778325,0.8606237926269608,0.5089653754245691,0.24337964694584818,0.7485213001910995,0.054421429517662476,0.2889880868148644,0.1690694084327447
1843,0.2227322465455816,0.0956159859164331,0.45649131742969973,0.9886026206324312,0.34575408869014124,0.10838669416296683,0.4269729032083351,0.2958672771804532,0.35144504132052085,0.913297747840178
1844,0.25802861289854134,0.5647184669276927,0.3903347645758136,0.07073180393974426,0.5816472713163796,0.19784295992784176,0.5896675811180652,0.23868952195762078,0.47170363021447687,0.8571164693676019
1845,0.12078150403846426,0.5377134156120631,0.4855693834940116,0.5038346197299595,0.7794460519183183,0.0269710514853088,0.31108037620733237,0.2602159770038904,0.21487700275125848,0.5767705030285248
1846,0.511415633432483,0.1729410171545077,0.744744422827933,0.8740488094320449,0.6693779004247797,0.2639953414387236,0.5055685522053419,0.7896130216059445,0.3343026904702116,0.3853684506958242
1847,0.2942522175630098,0.5975253539079147,0.9619880383232812,0.0031403301419739293,0.7574374356170528,0.0695416893008495,0.20529816993316446,0.304377078545614,0.6499676942996881,0.9636212176655599
1848,0.43269248816977296,0.5672359391804638,0.6398396552880415,0.43741730447831284,0.3579066210663472,0.14541197685898125,0.48833102242587906,0.489377062623229,0.6725835707489376,0.06592866202723435
1849,0.630031460059414,0.7735592016737179,0.7036873240409345,0.5844484811251897,0.503939413528846,0.1947819465912812,0.5700190479408189,0.2651211983006339,0.020805199523676154,0.09706460253914967
1850,0.38420478820413656,0.3613774386667895,0.8208875367488068,0.5267134926278358,0.34878076005807424,0.15279015208072744,0.7030474656618932,0.950598094148443,0.39067154956835776,0.6209941096477708
1851,0.548883703137584,0.24852895749754825,0.5471945142026208,0.7330908570382815,0.5431900979294941,0.2379516687676442,0.3479927235003189,0.7741541548723246,0.7443331903874901,0.5474930752966087
1852,0.4487697741454139,0.951226410381676,0.793626221610417,0.06553300946570867,0.5606025733477105,0.593197613520175,0.4013043611770171,0.4229889311388919,0.5754802185488181,0.9813043984317873
1853,0.6320570825711701,0.5610924152855534,0.6485605559376553,0.7857591352351768,0.6825365610534659,0.1161923058934922,0.38005616907990475,0.7268922152832223,0.5795287233265034,0.8025338111201294
1854,0.5948909942165173,0.026834593211083335,0.5276341473547325,0.2832816790011473,0.7509428216861003,0.28631457286176243,0.45203723682718805,0.31445921068539084,0.6093171264491568,0.9382210499916577
1855,0.37469734560296974,0.8206741592941229,0.5661182293847435,0.8245896701999872,0.6301447168895479,0.23411136428480006,0.32105137180977034,0.081708775066663,0.3199642197454751,0.721686932258939
1856,0.47342679063700216,0.19650994357779553,0.16109460729151345,0.41966183957458514,0.33049760223697267,0.35732979672065074,0.10086839183395718,0.43023334939068847,0.5428022863779971,0.926851384631435
1857,0.7021736489702806,0.7859870894376877,0.5552601163647821,0.04291910610672639,0.23533088642586852,0.056528573960905486,0.3065105458993607,0.5643859006263016,0.5917605279092297,0.6867885549620272
1858,0.5794667082624476,0.7050859029500738,0.21287877644369943,0.9643393701292517,0.5974638179173687,0.2183691641807317,0.4898715323429,0.3490116882521135,0.5224839333846385,0.5256514654776339
1859,0.24167716435481862,0.9688261858246767,0.19767533924375605,0.780889460844508,0.7871193599046131,0.04817761893241638,0.4715790334422711,0.40123020598825965,0.4273589264978718,0.5800117812148536
1860,0.628944676309783,0.9655906714960143,0.5367521722311053,0.3479569423946599,0.49208239616081395,0.31389446221392675,0.6007795657388946,0.714329292691674,0.49300558635338404,0.9012084849871902
1861,0.30060960849904994,0.27418871607236145,0.29301020203480177,0.27013245906511185,0.20143841491411418,0.05575251407788904,0.6543024305757799,0.8954685631763916,0.285537309225855,0.10460981200856906
1862,0.7717507203530041,0.7663937422350741,0.49945443341559714,0.5892156795922192,0.9001262491215212,0.07178105785816169,0.4159570105535166,0.8941263295995491,0.6188178917061316,0.5653581241127383
1863,0.6984672411261713,0.31664750275830694,0.5265985663385911,0.9877299729711766,0.5915419523681015,0.147820771878027,0.20631436911653772,0.5754997658479775,0.22945736894758945,0.39222785735240107
1864,0.5599406228133816,0.6290957756135265,0.5349190891196758,0.2902811886209209,0.529981236552672,0.2433253552130358,0.5733053874240632,0.6293341849015003,0.3470687595175805,0.662936125193714
1865,0.5349125839748158,0.5976333063257271,0.3321663239036434,0.9486885177892075,0.2709604722613559,0.13217522189618797,0.49709580100810796,0.5325906224851655,0.6316658672485158,0.603768444667425
1866,0.4658080591489248,0.054247399007536674,0.6683815566732777,0.3305200042575396,0.5000144766018771,0.3865285062057009,0.4512193512867128,0.37090732921775094,0.5572836100818608,0.39958269824751
1867,0.633266411201485,0.004868972978987052,0.4841391259984398,0.7044027320506289,0.6297398734985924,0.05351957629984085,0.7240914123507367,0.7380759898237946,0.49909834135951575,0.6892954482074481
1868,0.43529088864373716,0.0574689849417835,0.5830398545822275,0.38189088624056255,0.5941756895796524,0.29832235548597336,0.5820381944566584,0.1107435194964818,0.17680889727899313,0.535962389497884
1869,0.5496927064847478,0.12767070388437776,0.27765022262380357,0.0850721395423551,0.3653691801679093,0.4339776235515459,0.5215823833862876,0.8940343962699312,0.4933767127504188,0.18742369030525052
1870,0.6697578346343469,0.25742492667480105,0.4675237874952811,0.9366012033849147,0.4858398428153211,0.37421342055195067,0.5291446700849651,0.283332719338487,0.38242064137736603,0.6380411098114375
1871,0.3992488932768427,0.9069468067494524,0.7054218680403125,0.16398423009473448,0.3777253897705844,0.1901385943485259,0.6556885295550907,0.2183921248600833,0.5934102037573803,0.026618584441524984
1872,0.38898765826069576,0.5184931949054505,0.68171511633976,0.9451072207235021,0.8187718725694261,0.4433681273881722,0.37167344096904914,0.27360097226622254,0.4039931650301009,0.8229805867329093
1873,0.27990177327137505,0.7968461744795253,0.35208942621485817,0.10333514714019798,0.5010879514399724,0.16672464901515865,0.33649278024450896,0.8116822800760084,0.1695508378924831,0.9064858537630134
1874,0.30440909246694003,0.8382801675431508,0.3990368374824087,0.26705111759417355,0.5010879514399724,0.02692090085838758,0.4557044959882061,0.2684978756259884,0.23926083375780455,0.07788178538410828
1875,0.16027713461127208,0.7348766257514769,0.31639525112843925,0.9213283070082547,0.27086404730239494,0.1337613046220614,0.28155988473985866,0.6093691067833944,0.42102092080615033,0.25673563762222207
1876,0.6429462754033456,0.39120269626356713,0.3783629026431491,0.6588248521607684,0.5506148018395512,0.17697074122303183,0.4905252758585604,0.3428106546211525,0.522804394012379,0.12676377729366028
1877,0.8465411806272012,0.8638364319407628,0.23986097680737525,0.18955143870733662,0.40155354897968015,0.004534014417051907,0.5167945944779784,0.6562654895036949,0.281026744440986,0.7718180266737797
1878,0.7741687362938783,0.7419856790709468,0.47501190572028784,0.5923467036732911,0.41596594733497205,0.19688851699541818,0.48621081681293615,0.5914451194803488,0.35804462612952975,0.07099378679974416
1879,0.19844782927543436,0.7430877409899176,0.618858733939998,0.18045502421247558,0.2772965692183106,0.020298081031236072,0.43221903886017315,0.9978559352813136,0.6526943622668397,0.5410850291889239
1880,0.6420077911634916,0.901564094549527,0.35437210038024347,0.8748254727276465,0.30124389826801334,0.5381742347943086,0.8039095370973082,0.31058740297030885,0.7129502165102521,0.3881763871547137
1881,0.7735607182324216,0.5985510034591206,0.48388343171917225,0.04983230348994824,0.5283426447452836,0.0115987999156412,0.672471012247245,0.34946469463703206,0.5547489780063757,0.7508572638905389
1882,0.41905896415274163,0.5284383049933908,0.4596591033227143,0.5300023955894292,0.4452562775457405,0.17481868818377627,0.4809820422268613,0.1983241510540399,0.4479898977714684,0.6391129845314809
1883,0.5243873538929754,0.8901484733592747,0.697556269882594,0.06348300481213681,0.9797715139956689,0.31698899126563523,0.5160706889397628,0.46364158123694965,0.38408520708790467,0.544163060259531
1884,0.1264106646577361,0.4543005891874516,0.38672184354533967,0.6953235390980708,0.6118225742679796,0.619066101041058,0.7528607433782664,0.8373426575146222,0.6045823119566849,0.503468664421365
1885,0.55557296144541,0.8115300860079697,0.39350576219228606,0.9362088924014051,0.27410868688707835,0.13364084289943226,0.3910471658832197,0.21056279153650498,0.4420375221406245,0.7750121911937853
1886,0.30458135453808327,0.053550008532172864,0.34300177857560743,0.8314298816030702,0.19984405653417142,0.18280881648355235,0.32073918261993534,0.961474995909619,0.6769459547333645,0.4771862068566067
1887,0.5429127514027055,0.0009758540646416566,0.28864043428315245,0.371879745903439,0.5738949807557197,0.08363824946423604,0.5407714710071851,0.012590108551651824,0.6869306274075053,0.4197733264764738
1888,0.2106892626667089,0.528156269477006,0.5994718660811612,0.23699474446040145,0.4201129423405112,0.3438438184897354,0.5752771772586454,0.8051096955865681,0.5800470597827365,0.025256917669374546
1889,0.6076698812349023,0.0733222130302471,0.4755835293617561,0.12106397341515351,0.7544212408633479,0.08547027958884891,0.5890419091214625,0.6915110044055859,0.40760340912303467,0.2685138077855235
1890,0.6985453209419804,0.9765580837509621,0.5110029233011206,0.874007015739255,0.5513979412710431,0.3254464161704886,0.6516423542140481,0.90528119431055,0.4222766111651976,0.36983107209767574
1891,0.3574816105490454,0.005188504993282683,0.7384962676311071,0.08112722890826654,0.11340453927169508,0.30746789583980416,0.36373482700058607,0.5215845340953733,0.1898718275841293,0.5787342503175922
1892,0.2907397271674204,0.7180774956460806,0.7492085028837843,0.6290994995284422,0.29969346854854384,0.7534112259570853,0.2390268148998798,0.6808425194739302,0.4921375011760784,0.6731872490653563
1893,0.0984624579980956,0.24315231554529435,0.19376542685020295,0.36741733639216234,0.36625992620895464,0.2119684841238701,0.3910447654415285,0.048881072301125386,0.4862412444147523,0.9626998593697075
1894,0.45498173155396776,0.9675640409868839,0.6215995266537377,0.9962175950059393,0.5823797695950056,0.1053052580404445,0.6062636658991607,0.3940422224528357,0.24043981276091925,0.27665064856860616
1895,0.3955155366514334,0.38135590016950677,0.5428633088888195,0.5090383624866622,0.2932469026335962,0.10945273773763703,0.3288027307231181,0.7706375497233457,0.9512808292426158,0.544390179007521
1896,0.21261062129367225,0.026978109012888687,0.4146963612616149,0.5490244025277607,0.5264368922854005,0.9999999999999999,0.1420857787061482,0.10847841263611548,0.6078162312973523,0.7560285795167685
1897,0.5907195527234653,0.026630330817712256,0.5618927305355552,0.918292195937086,0.23843014918551625,0.11223005922569394,0.5255254724544927,0.7823431966707624,0.34247384566644884,0.31048141966611753
1898,0.42034941533381426,0.5532456167236894,0.17881799306183713,0.9700641425754568,0.49807424665636374,0.3365757141726884,0.3942706957102568,0.3079029427555633,0.8923945066526253,0.5485029645624501
1899,0.30228402253731107,0.9867304814883068,0.773557688665735,0.5838859591954239,0.5684508950644366,0.4465926331426802,0.1802332785547251,0.3526485506487,0.4079020068610599,0.4185098886371706
1900,0.4006137835211217,0.979789695686985,0.5968159998992815,0.7965294435017791,0.779573613172936,0.7048233593110622,0.5126430422347286,0.6472306118332963,0.6598880250912065,0.39721415942298266
1901,0.707373706441508,0.3370722805718823,0.3394254212197495,0.6350397911200877,0.5443787761314349,0.20307735350768355,0.4276329345499306,0.07764014800274212,0.5187893199511975,0.06262376989659552
1902,0.6190051445562194,0.482552042230553,0.3916046032930103,0.4275780202667594,0.33889909918889966,0.9999999999999999,0.8081482520789935,0.6244666849347571,0.41441648426336347,0.02417596920790943
1903,0.48071443581221923,0.1001751851837139,0.18315154982923867,0.05732250084211027,0.7856655571099312,0.09463375752257955,0.5152986326705364,0.9137572939059472,0.4381291043750318,0.29532574640821774
1904,0.6220556320905074,0.5220385717579031,0.44222942707679913,0.7180551239439581,0.46144621072041936,0.181127773491371,0.6070466244472612,0.09325085633188258,0.7750747619272031,0.9122887032599611
1905,0.2862135673967095,0.599589480431037,0.41075365883754866,0.7005659732582713,0.6465066440511233,0.44127377786557176,0.4957265771210427,0.25259005820731456,0.6686063623800582,0.19272331880982324
1906,0.5113542910443386,0.2508318764483024,0.25365367113790216,0.11673679610321766,0.3783271283027883,0.8341798843759876,0.38865296533584764,0.013114664131143844,0.47888658984013294,0.06294304718975269
1907,0.533042732631692,0.6120065067930263,0.6456327781590601,0.23015556615711427,0.5144367998949103,0.06693544049811881,0.4089341157493313,0.5177594707120963,0.11262223822580614,0.6201906474193164
1908,0.41660120333330036,0.8996818840238364,0.7388983587011194,0.7324460608067401,0.3418908351233774,0.5815228051989315,0.6983579018523223,0.7308716927127669,0.5599758969859943,0.9585458289821509
1909,0.5874063664380799,0.0006411300961920434,0.4956785028244679,0.14976166693800017,0.5592116475621406,0.1233013099458884,0.636883363140327,0.9264400304760326,0.2653367671736702,0.05710931768606953
1910,0.3579997848328586,0.22869651669166804,0.44377927514575866,0.6912339401965377,0.6523600066971121,0.20791513415707338,0.2242326058112198,0.3676990776733512,0.6044623681549288,0.7454455638811326
1911,0.6014365767338004,0.20967588816231034,0.5819038944557151,0.7182885490425949,0.4011701984303441,0.29229930104812507,0.2685202018767639,0.1482744938147278,0.36648563436497644,0.10844507613899623
1912,0.6093680461111889,0.12361349048580171,0.49711853484429,0.35348731144347023,0.39029791990507384,0.9614983828736388,0.27876632768743054,0.028528012562190078,0.3863623630099144,0.1352802993535251
1913,0.0,0.16584274830799692,0.29895930042673535,0.25828148613257074,0.5658961543589035,0.9375395425744713,0.6945091252667315,0.3246469975446024,0.3809182231497174,0.9360852273310247
1914,0.7298260748055875,0.6258092732859769,0.37905945150183384,0.3731919357990412,0.3372973200058419,0.3104337520018019,0.17944271478534285,0.5119934435455733,0.6960174654683391,0.7011957124011792
1915,0.0,0.10241452508809182,0.4454970643302565,0.35934277191328334,0.20326627738807368,0.34004828688105165,0.6440238688516338,0.9007981356898455,0.1665870217211159,0.5592762387971362
1916,0.38901477336864915,0.7384663473509481,0.5470668611692089,0.6072800711099369,0.5651955998473698,0.9999999999999999,0.5724082905044752,0.21601992430489253,0.6423003029234629,0.16460013996077288
1917,0.6987029310314057,0.8870074465405641,0.5025223758930945,0.744171570399119,0.4760462592606246,0.4219919059651832,0.5259948098301566,0.7812441849813908,0.5671709531949007,0.5590307756393444
1918,0.4453833076041293,0.9265859339115704,0.5400141116430526,0.8621301968176827,0.4719529120824569,0.39568000049643065,0.41163160523910963,0.48066460155948,0.4883417541517657,0.0622138021096148
1919,0.22861644295041894,0.6600841065425156,0.21640718958988178,0.02998684614228106,0.5976669906906764,0.24052905381273967,0.7182223679085038,0.8675375836796778,0.41702112070048863,0.39439533945008737
1920,0.2988876910934597,0.19714850874386378,0.624841395398913,0.7268668634365926,0.6246848848141113,0.09181443828591104,0.5198421933237212,0.863064736673241,0.5945623745255988,0.7044366448808974
1921,0.6989968300462926,0.08501083848696145,0.5014181655798737,0.3143114428237641,0.46573567946339883,0.11184264508369274,0.23242874959559107,0.8576905982754779,0.4185460150248422,0.5683031237107504
1922,0.14270989068677253,0.231788739504308,0.9768504902611134,0.8390089309526328,0.279723060419827,0.3374012331531931,0.27539955712457614,0.4010369139480684,0.4168268510371675,0.6751490795103141
1923,0.7182576330398281,0.9619673331749842,0.42848895775400464,0.07573257667525049,0.37335778486511906,0.20096426555204133,0.19542462748522899,0.3458643758242033,0.5142528083448015,0.11578751530005521
1924,0.4948506033891767,0.9623554801011261,0.5611047502280732,0.5514090605530366,0.6100257322101351,0.34348822971813414,0.7203843672109664,0.20685091649859894,0.828858578539176,0.758587914926985
1925,0.28027348845601674,0.3817332607811311,1.0,0.5489069885377488,0.5232617988432862,0.5956060927067339,0.7617009350197492,0.22800540496398414,0.2147269998307803,0.9562856897221368
1926,0.39522853818967524,0.3255869742466981,0.5369783804671325,0.3266425621942106,0.39053942409157644,0.058947363336616744,0.6993391096983455,0.6160642499318014,0.597264291564324,0.907525637237889
1927,0.313323615261449,0.5098681917484368,0.4881683100598928,0.9707341450513491,0.3451561658631165,0.059889005182672504,0.4724956110750094,0.9620067008993493,0.47496587777101124,0.08787856622504275
1928,0.66868066626442,0.2914720142554387,0.31672438540198855,0.10695313758556765,0.6163815321114355,0.7883803247871188,0.23571865331289615,0.6057869916859641,0.46023236607551404,0.09854040488637333
1929,0.6434366417910206,0.9796785748047291,0.7857962898812981,0.13644079185197797,0.454004222603259,0.15171410956305112,0.3044257110911803,0.4120164885104456,0.21204831993170653,0.5133381747643015
1930,0.18088673117524318,0.22098152937754958,0.2846136058665871,0.6445370113622988,0.6424736897639992,0.5953416007735102,0.3164446145284085,0.24200771709301744,0.16857871072578362,0.5240346979521003
1931,0.4290997654365721,0.36895274691006463,0.580437350623579,0.5145167950990939,0.6669652473421297,0.2635855179639,0.4904747094267054,0.6518283110517846,0.5667209261179131,0.8571228156566402
1932,0.3423866346862446,0.4292012682319597,0.41246506610672673,0.26456965908099606,0.4363661132006976,0.3313690422936851,0.7549085398120332,0.21051010940785647,0.26099245702076285,0.3688408304255817
1933,0.7492979865432003,0.12479170806283586,0.46547071072757695,0.3043926558005887,0.6805654375698631,0.426307406775547,0.7541843669510913,0.09286238478750429,0.6952301615442831,0.514450191176694
1934,0.25051896003628726,0.382639509400502,0.23522381089480013,0.1570763646933442,0.5236500247648258,0.24829438185804314,0.40880078212436327,0.09302641848794245,0.3091490162956963,0.20364945335083717
1935,0.8079224590758814,0.8567053521809589,0.7512686273301018,0.86814446899024,0.5486695349094652,0.08665239985959278,0.08622902624795464,0.8504505521537495,0.6068150635200977,0.9465968777173985
1936,0.49896507462848877,0.14009384936907104,0.44897310269583834,0.5697618705294731,0.07351429035395501,0.35342035078123996,0.2835794356788904,0.38193457609453124,0.3927029852412362,0.12086936263583747
1937,0.2860206581595147,0.5839045401222249,0.2741720686288234,0.24492806650171509,0.3090752662597209,0.9999999999999999,0.718219407473871,0.940391218861586,0.38359386619947705,0.9040728755209825
1938,0.37746320733494537,0.4064598576574633,0.7344025817853633,0.3935826673823297,0.3195642283544986,0.3234329426050645,0.5416444933491913,0.4964970837805608,0.3285276167977769,0.8906828795472781
1939,0.35400266350326426,0.1702797587322344,0.40676174807520593,0.9070833062568437,0.43524133964019607,0.027817178109897322,0.4332839570988016,0.6913912666428058,0.5851269700772861,0.05042176109812063
1940,0.26476017228392296,0.012025802301512147,0.5631839533409861,0.8872302761083302,0.5189964096214172,0.10384952102285469,0.42041974168084656,0.8269272194127116,0.6380846637466013,0.7754083463583923
1941,0.5231382274865826,0.27312103467162313,0.6577016913721917,0.06911926422389941,0.526907448557311,0.6196768723659972,0.3603630847970292,0.8744963781278947,0.44219642390674335,0.3374846595589399
1942,0.27357176354244683,0.061535303017548934,0.5891865025876664,0.6543820827170289,0.5521490398996703,0.5158641678109026,0.27679249538840894,0.1620819235354295,0.6144577481343432,0.22465858237835035
1943,0.09386954719480763,0.3765811098277783,0.09111793798066667,0.1530223610705815,0.3643909294252171,0.07565853878550803,0.8812307461696738,0.21624195794938428,0.5045362720519622,0.4024042761438884
1944,0.4336120148172509,0.81016878637703,0.6304621825672415,0.21096122241736234,0.6306061953822666,0.4304781912214984,0.815990199892545,0.14961581970637028,0.24866549817557676,0.9239337058478796
1945,0.16509568928865093,0.719613638318396,0.4820170792971733,0.8645862846454242,0.8468433495189833,0.11055853886824142,0.34725975623326794,0.4452717578656842,0.5740543478574092,0.39886981592096726
1946,0.36333407320447497,0.9473889403532483,0.4394186663719133,0.8955832764583582,0.4285351879704098,0.6331778741895024,0.17529156786497563,0.15456197956132434,0.4450451714620614,0.24265921613719155
1947,0.33372327007246216,0.4268450148707893,0.4804391040669861,0.0827107445790223,0.3685063677285556,0.1485558707232525,0.5300919942762585,0.6507234565622884,0.005479329478806971,0.5245674636252693
1948,0.34087150904087865,0.7077257650734,0.20051685509276798,0.8743064956731607,0.36431602811328356,0.26379574605783057,0.47169576068411273,0.3624929363849332,0.4279024109925637,0.4095880304537112
1949,0.8827756579707708,0.6652517578864008,0.536620175325103,0.7288097531390919,0.5134096178347572,0.2637874917076005,0.614806864690292,0.9641384631986186,0.18041129079236934,0.01895168678839576
1950,0.5158902790952404,0.21680503336470794,0.24632793434667097,0.7760483054383511,0.39518095184318774,0.45330308787543255,0.6565927861110665,0.8165557794048647,0.2681741412740855,0.1862466993896143
1951,0.5515419217383913,0.30337044254119544,0.44747322865130257,0.7921606856537277,0.1621853023959245,0.6244286825399007,0.28301942711565825,0.7241871498205522,0.45484534943479155,0.017170309922422022
1952,0.17008759437404397,0.5041605632076909,0.5299237690653128,0.5074475885414212,0.21510243654742917,0.2993711955948508,0.7351240565486294,0.6885959985610303,0.4878509500983706,0.522167801681525
1953,0.3818613852163028,0.7966116755248926,0.701084462819642,0.9473244161939074,0.6942103031344066,0.10545820231455923,0.4337423168101537,0.03905568073628944,0.3434982359894168,0.6413087248806584
1954,0.5458688148826139,0.4616540765471338,0.3479267522777668,0.20043261498411283,0.7448116035003303,0.3246626003899359,0.6110736911164432,0.08316545289554965,0.6023170199860364,0.7183186702303368
1955,0.31194543600052504,0.2275038761632592,0.7714959836447951,0.5051783799017396,0.8063399229201986,0.9511000678787156,0.45066162495146805,0.43182319341966147,0.48038422635047656,0.20785462923208659
1956,0.6765743214886039,0.9934864722034362,0.6773652190726549,0.3186800150891047,0.5406512442059861,0.9999999999999999,0.6691182112106868,0.9147341509799872,0.4215938120671961,0.8050070260974975
1957,0.27832991434912274,0.11530328995041135,0.42069802864222083,0.8227906984891622,0.3052097772836553,0.3406829356446781,0.06302890385963489,0.09351493647752003,0.5103869248258683,0.4110023106905904
1958,0.4512172039815692,0.9558970067578325,0.2940040991702271,0.0827195448642443,0.4121535974768691,0.01349453723863306,0.635138688300303,0.41984369505408925,0.7310769671685164,0.04912234654307496
1959,0.3946744856360747,0.8090048263889735,0.23151554564425422,0.4338589340321244,0.20840293925898407,0.04621077935902737,0.345404793882682,0.7938683874354352,0.09362563393446782,0.9276990496995067
1960,0.536249867144028,0.8388621310978477,0.5514620542917335,0.7738145703246923,0.2009551511881299,0.09492382674980275,0.5124609203446504,0.3194301059533406,0.7490233647365439,0.6934292013759495
1961,0.3844033951804618,0.7948713524268032,0.3632807622531853,0.3124654864779579,0.5462525605659994,0.36953530715676436,0.7285710313103788,0.9294261994892606,0.3849917716512265,0.5625309721105716
1962,0.4541364566476193,0.20792667596015044,0.7244560566478324,0.24056776776018332,0.6011372935032434,0.17315366726322617,0.35071317852627254,0.9347471889219116,0.49909834135951575,0.04015401782534106
1963,0.4606954151484582,0.6324813564715364,0.37405281601181206,0.2626508021564562,0.875680459830878,0.6005934559034893,0.32176979694201774,0.056436030469042234,0.42573609857851985,0.013914434765509853
1964,0.3666873885210497,0.7566906996635301,0.33280981384990527,0.7138994451283306,0.4808052638951859,0.6770297035823055,0.4302704171838149,0.6162381375728229,0.3336857636159783,0.5648114009449774
1965,0.5967712769787207,0.7456229450624093,0.5443514377848081,0.28689548198472314,0.23423568316614296,0.5369159248046091,0.41862906676180406,0.1450932306691663,0.3044914471662617,0.8787849938971031
1966,0.5502244835871127,0.2713425016501349,0.3728362991810559,0.40284972036224864,0.4732951046539644,0.04998045696541615,0.3051358493127672,0.4407288645532642,0.6630201358957373,0.6474427910569072
1967,0.48852780547085867,0.18086599216543187,0.5023756551212571,0.5459001022823755,0.44224253702798466,0.2648694132541853,0.5185143717095428,0.897827187082385,0.5324778524455542,0.005479656593323112
1968,0.42403082214877535,0.32791920395619645,0.6846639307578573,0.9411740213899515,0.401860268931098,0.46085410804378496,0.5280904160596287,0.07284003377818259,0.1378196735153599,0.6380010712978468
1969,0.6555336747202952,0.47969190841211,0.5226438890999641,0.7946940839092029,0.563368322272233,0.1016897001608688,0.584333643788723,0.9374097147041273,0.63020779541367,0.34857026884125886
1970,0.4607512338245739,0.5736598798192533,0.5233404747655195,0.18534773230423404,0.2619658426142063,0.19947286901496683,0.3476833394974444,0.9945474296075646,0.6025339962653549,0.12197717343153275
1971,0.4473812540167242,0.8369183182682114,0.539040105718166,0.8834716170404431,0.5221628945215986,0.11075920445464942,0.32472391784934135,0.6701166531377412,0.22010024511014076,0.8115496274953002
1972,0.5249991464985942,0.7689792610683258,0.18502536306158265,0.8451371739943062,0.6229078526942458,0.032109640016295515,0.47702294011563634,0.35593328868109564,0.5363863374117384,0.5764285661921643
1973,0.8253478882823758,0.6760642095637279,0.5738571901829367,0.7455484239416466,0.7714936678859108,0.2582357505303653,0.4536913537875988,0.25060410055955,0.620015215719218,0.7242167273572959
1974,0.2523571891611162,0.2632636982668061,0.5306076760329166,0.5171247455549168,0.5569129385917065,0.14587239696647944,0.45723522978649905,0.43232022543471726,0.1973582265281038,0.1650149858692621
1975,0.6504985186102586,0.47872760161329364,0.6673026684481289,0.06982785450165963,0.6986456481507024,0.18912111604354462,0.3684118413796778,0.179370585620081,0.5563392628713026,0.11607236893460382
1976,0.14805564715056957,0.33523456236587656,0.6137622534160732,0.7118136190948559,0.41101626681245973,0.025657677664705388,0.5598027567174302,0.019493923925703968,0.3738866601176764,0.5144830231917423
1977,0.5462406013868052,0.23469294512457206,0.46311855759089215,0.5185616025293222,0.4380198141294084,0.12631439680852471,0.3250048715997446,0.062204515205635844,0.6051460014721606,0.5278430785948572
1978,0.8024233284441343,0.009934292562017678,0.693317997443121,0.3098983191813789,0.7575880481174021,0.34598296059514494,0.4763627281819843,0.6634321526962536,0.3247673596544935,0.5820313331257787
1979,0.5974457198961542,0.3392620176689097,0.44620673828597146,0.00992332778306862,0.23157613430547647,0.6513231607326538,0.4423764057209901,0.02019340798967452,0.7001454035031978,0.7442226088938102
1980,0.53743934408531,0.25588818454604345,0.5468748655920184,0.23113612328540903,0.4188995336065078,0.4335815384256209,0.49273220893839614,0.301086835727346,0.4558744246760425,0.6635807986055648
1981,0.3995049373388893,0.5717808257309976,0.4427530734348446,0.6059498307322613,0.7151499864578477,0.3559075155457148,0.7176047757254627,0.6762644906275654,0.3853240075406869,0.6762402534654555
1982,0.5111046948024203,0.06200827218268964,0.5868969828110958,0.11233905165364935,0.45604307852391135,0.11415046446547569,0.2563618604403359,0.1743184886345539,0.3648771911613162,0.17494796360130155
1983,0.45768933213119584,0.2702963748538867,0.4305673758909112,0.6557012582088321,0.44163462780346147,0.04129109118739433,0.057672265546346246,0.33192264734626614,0.6681862783690651,0.41807440724147127
1984,0.3569539386015645,0.044470074513066726,0.8080424797041558,0.8200302740038914,0.4455553800176117,0.14526275537749878,0.3892689842346137,0.0308866198888665,0.36475501052612563,0.5999564723776262
1985,0.45055505811736,0.6413198656959054,0.877010680957886,0.3183056036114369,0.5195381540742191,0.06487663844056482,0.28647345599821267,0.11192151791951817,0.7036035155165232,0.5186174741385741
1986,0.5426761817376965,0.5680668042248229,0.6637668820743021,0.08200404287561089,0.7069559350673629,0.3666645554668869,0.0,0.22549993807260393,0.542686205334632,0.30419338036728116
1987,0.36049336689581785,0.3372794012394427,0.7882263820466696,0.1397438690077559,0.6756492992692336,0.9256005607735357,0.8211321343098366,0.12568508732006078,0.2389038655736208,0.9442722653849838
1988,0.35312288267823916,0.14706980202888714,0.2137241690309781,0.3580544901145398,0.4990939603309962,0.5153276357409314,0.6021801781013962,0.4717987877643969,0.5070764587244605,0.14013982685958748
1989,0.24860499559525923,0.9579286174991322,0.2357002189959677,0.8137895656103965,0.7081754402489411,0.20844715810971073,0.6220056382469692,0.12645618254316426,0.5110433018858234,0.97463769971432
1990,0.5789663754946877,0.5842751617320955,0.4408114408595003,0.6345515370020062,0.5629898618830831,0.13761541232288066,0.4462328629799451,0.3048095952745967,0.2327210637187715,0.782053397604234
1991,0.6081349685299706,0.6790280504669076,0.5084705172659969,0.868268035046698,0.6630549954544165,0.2752180003962443,0.5765524845326455,0.7234748782150078,0.5037144108222307,0.5961567862963736
1992,0.548955101251973,0.5312135646711345,0.4638162779845475,0.9948657670777925,0.2979632285939969,0.09540800726745412,0.4209225818317566,0.6537128131704059,0.6051438208918096,0.12741830115873976
1993,0.6873490225682513,0.8064909374204967,0.1945298837564288,0.20264022997299516,0.833161141779229,0.9130845475408753,0.6491594578175286,0.38267853715601385,0.49909834135951575,0.563884006470259
1994,0.5218252064669281,0.8963680637953223,0.7155480690133609,0.6951221315680073,0.5394730049567473,0.9999999999999999,0.5337909837981967,0.9311330054347696,0.7081420545016355,0.08788326642058003
1995,0.5792089928990919,0.38252518765593374,0.9025299185201153,0.46671226814878064,0.0,0.32570684647574577,0.49216626816570247,0.7871715603426623,0.9560073081161202,0.9319292451845387
1996,0.562572986249454,0.6899436790500898,0.7396798671511802,0.49368604390258186,0.8178754519012015,0.35591444483876156,0.5060885018307637,0.6070055053067362,0.5022520023375345,0.2855628648890911
1997,0.4879757327642957,0.22965054881982255,0.7032265866455204,0.32571207531666013,0.49785557961449406,0.6419897346410445,0.7693018978092461,0.4364940198933446,0.6073516927168445,0.3994808138624718
1998,0.40509488853393333,0.6517605310169101,0.542951461591288,0.342650682868471,0.4203785436726337,0.2778793163168831,0.5297806451453699,0.05950026604571641,0.3869690016165272,0.636755455651207
1999,0.9229988736097987,0.3989758244669904,0.34356569649032387,0.6765741068702207,0.3797222615595135,0.0665338677643245,0.3089282455669445,0.4125520950878768,0.8601052027299723,0.018684540846611586
2000,0.4199757289435693,0.00646936251512586,0.5143072908398326,0.6210695292964419,0.58188941822872,0.5187070806503552,0.5609377008800613,0.5450539131837361,0.3328818683786659,0.5419140319358478
2001,0.37961341996734715,0.9555358458337089,0.8934643237885137,0.31863098326088946,0.32503927027022095,0.12888854175995756,0.5891406406976409,0.9911024264114877,0.8515574212219872,0.7148251226878567
2002,0.5871330704875002,0.868420130174737,0.435136833074279,0.1186162732761599,0.3852884381486068,0.24139448875079397,0.47220470078118054,0.9516649376331902,0.8271833178495711,0.20721666294017355
2003,0.5527651688133876,0.2906201857277802,0.4159335276453454,0.5784883010990022,0.3899361754372256,0.3802185189350888,0.48929198285724446,0.11171046010833861,0.35302778096477455,0.15395892752806917
2004,0.24019994695916386,0.9977795446352442,0.7072885367273586,0.7397175656581471,0.4403493020160722,0.01928521837193026,0.30217375175171196,0.9793432172602295,0.6990214492772164,0.4876218024959177
2005,0.7170665661014528,0.3169201835372009,0.7196685701992844,0.5588597698358061,0.39722254844716354,0.5740171721254651,0.5168175480861386,0.7545448986200245,0.5889102112761766,0.5365329132323944
2006,0.48747488835783576,0.4586845266194276,0.3426510402305927,0.0036331061026871336,0.6618352367682787,0.9999999999999999,0.2748167184229375,0.681814457450076,0.4238724661378676,0.4390230777999051
2007,0.29564363230507834,0.8512318114850063,0.45201535044274543,0.2824262616296077,0.549308631257373,0.07456375978398032,0.45263407964852215,0.9035875580911378,0.47634009506536973,0.2955651879161523
2008,0.7295389912265722,0.30438463082291944,0.40717787922302073,0.7789186028812404,0.5729017999118868,0.4038447030377734,0.37540619132633896,0.32469629260381927,0.5525761485327911,0.4097974659560981
2009,0.6232953214648072,0.45037782187209724,0.5137778903014706,0.7428708773038527,0.6149848725682217,0.7779857368496645,0.68026582617869,0.3989931504980756,0.5706549214095618,0.3122522539312446
2010,0.2666613240198965,0.6654972857485467,0.7066139838333286,0.010395797763917691,0.5010879514399724,0.05151530717214107,0.7848921764972459,0.8709517945273342,0.7860061918427752,0.2496163618509833
2011,0.8405542488126548,0.13019706351685048,0.3508334075579854,0.4704935412035284,0.29952227956974875,0.011850100638664757,0.2877616818896102,0.10348469917312524,0.6106618840981488,0.4720847266459209
2012,0.6295445273829392,0.4221783917103937,0.7039989668697666,0.4375002957205124,0.8460472102451513,0.06270001393937791,0.49805318461607445,0.7090568024503894,0.3558819469482261,0.39560926483328174
2013,0.5033231732584669,0.3091998415048641,0.5197386429786367,0.6525624832448189,0.6762882155543517,0.6601047537931721,0.4416400209201065,0.8097862724304298,0.6434131242554222,0.4353590160520429
2014,0.8052790866637918,0.6766882002960202,0.9346060492969711,0.1250183411188032,0.8088423725251681,0.6662275792442599,0.5846011781407852,0.8850772093018395,0.17012254385101883,0.00016888845245199846
2015,0.5353021835432484,0.1357007557462946,0.5602417205236464,0.6216821269350651,0.6969856505194896,0.9999999999999999,0.5166636656672419,0.21874299856984503,0.4286977243272438,0.69268871480768
2016,0.4999483776877572,0.23249550325979015,0.48270621706907124,0.9473347981451226,0.40782948397773894,0.14335849488032193,0.4274294647627069,0.6791234987098416,0.44698689351266113,0.04681550703346993
2017,0.3806657644563904,0.7113017767776125,0.6079629679774734,0.3719014653625876,0.04271510692306868,0.21875985194773548,0.5162040156117331,0.08519917845321802,0.6272070871299984,0.20665375398717833
2018,0.6150266795802717,0.15596257173107617,0.43790477951362416,0.33749251144415837,0.2591371838155412,0.1954599593013246,0.4592995218891947,0.8609605163348464,0.838556716991022,0.8034445987874779
2019,0.5951692687836395,0.42184717350579964,0.16597032216828075,0.02826728507197379,0.6199984723709817,0.10461872836496117,0.7921235447111703,0.4815447130237399,0.5434982460324371,0.9841567444015982
2020,0.5080166639003879,0.7128068029124022,0.45592494257510874,0.05740223922299531,0.4771970072196512,0.8789950948758212,0.3524669141971076,0.6240052603173535,0.4334889377294105,0.9914833972823807
2021,0.3561974057296018,0.7654122142748864,0.45298345062362,0.9319821587535806,0.41566745146274875,0.5535635203301805,0.5464156592177549,0.8513671986609338,0.36948228593346694,0.5922087303066732
2022,0.529761232938091,0.09459867654786655,0.2038206893615612,0.9759317864876838,0.014169984363245902,0.43060433956693334,0.5929403064585888,0.5057852333519944,0.6607813509189846,0.25937007200862905
2023,0.4920777278032214,0.8519686433365641,0.4871603657441176,0.005625049888763611,0.4943386491282869,0.22629426180315954,0.5798109706438181,0.5084217746679982,0.4651261306600621,0.8348287902297684
2024,0.25365561942318365,0.7239021255030084,0.11527385990995362,0.9010751730095607,0.28763246250745483,0.17048071483497043,0.4439408827986409,0.4643900301438253,0.4065429364701872,0.6503083361480384
2025,0.2275548961452093,0.339094579297956,0.43593900299114474,0.17402088550016784,0.3567625509969851,0.07139302871679253,0.7513716253965639,0.6005177477906073,0.6828656507040352,0.986199559679281
2026,0.6118763864364655,0.7637461200362139,0.5462107333564069,0.5615979585483305,0.6613110424331258,0.20011284233245932,0.1134771151062271,0.7172256438016863,0.7242788932167774,0.5490773664659969
2027,0.014339488493986793,0.7282301499858134,0.5188704919062893,0.6784339380015556,0.29781380998076573,0.9999999999999999,0.29705899109359485,0.8051292136388201,0.31988291361344784,0.5261452047952833
2028,0.5440024370131958,0.600779509406005,0.4241184108544761,0.3592047975773105,0.31627694503352516,0.09645928275895685,0.6213437640382355,0.029247415174480138,0.21782129217437246,0.04373595395179958
2029,0.415045297874218,0.5583551423548405,0.4848300618657171,0.529212425993588,0.5327740948731046,0.044377859399963165,0.3365134061633028,0.3477334367737169,0.4835642515441156,0.19435347807311887
2030,0.7520783999570738,0.734636935189111,0.354556437682105,0.6278119034808481,0.6656163432078933,0.025340726602185396,0.3257373481218387,0.43224000683685615,0.28551960870577936,0.6669051567678442
2031,0.4121425272350499,0.9992826392507986,0.5027983525823797,0.19399634805120816,0.4189835596889778,0.14182569135925682,0.41270151904275415,0.09818326125904213,0.25952688326645607,0.9937784298004133
2032,0.6296741170124989,0.5784329925159934,0.511613985326197,0.9946951975265148,0.7806771320953376,0.9999999999999999,0.3539434032292858,0.7515465935592077,0.3044379685299748,0.4755962451899479
2033,0.4303597795052681,0.8086762988758041,0.3328883289588911,0.20395646846734203,0.24954846695108462,0.07044006619492012,0.6164576573922493,0.5226484494467645,0.700959695509245,0.029034596617347308
2034,0.5267081745440508,0.7442103936825981,0.5507058791351412,0.01032397685296449,0.21562396876108136,0.013678613987564859,0.6657812013657387,0.001308089700686424,0.6257005126345458,0.39950043308192784
2035,0.6442684507215062,0.8557827228183781,0.5495409250023053,0.9447001574769307,0.19913809472655924,0.4870582296546038,0.5152011457878356,0.6312170256010343,0.9690105633848967,0.12625869983656057
2036,0.4179748960064142,0.9545325002672086,0.4697836763738149,0.4293060524762564,0.17730060010198417,0.06863294986444719,0.6934992104299558,0.3386721257091857,0.3801815885906605,0.9597230221214283
2037,0.6932704261728357,0.192833849808476,0.9522960843739666,0.39878402255975165,0.5619755301937086,0.3965317861351001,0.2430889276800539,0.7267631001243989,0.7547819473228095,0.14125961156838102
2038,0.3177624359888394,0.1652009554255893,0.4745407215624322,0.2757790081769965,0.3077468044287066,0.13836210962097328,0.5129080734683928,0.17923902021084454,0.595906355570186,0.11780762391576405
2039,0.5608287782377268,0.5862352040751532,0.44870511960413473,0.02582457321595938,0.22410831021282673,0.08005768016146055,0.7476222150141842,0.0006343553185128858,0.3964389730923444,0.4577323170544658
2040,0.679324592581492,0.449132180092529,0.4220066008818325,0.26467077044631715,0.5703408159143994,0.39738850973366946,0.6791494399312934,0.08630587054430676,0.47427573595502287,0.5418882231049383
2041,0.6297785058320906,0.5706007935414024,0.31970508563596134,0.3934621967915325,0.656251984052491,0.08366365124309905,0.7639223050868453,0.4401178087550047,0.3955364156772084,0.7172863341441102
2042,0.8668293071547408,0.7979975586003569,0.6286980557111596,0.5205495959611706,0.7001423771705062,0.14050656399127334,0.39003394033692257,0.747932607168903,0.5512930252105515,0.36794467991650676
2043,0.36120612850851147,0.9317144201297304,0.37279897935747075,0.4578357027061787,0.6661816095377939,0.7621468460453846,0.6681402222344415,0.6037408070086855,0.6895936396871234,0.896986577703051
2044,0.2450379692037274,0.41724218274414754,0.3948612059166351,0.8794217282202299,0.3192916697201426,0.6010229479559387,0.42015947903158607,0.014400632813432498,0.43212010220494074,0.5985813146310268
2045,0.31764220730098375,0.7178604314537682,0.4004013580260404,0.9117302526718654,0.5502813106281741,0.007932034508456014,0.6087198521206829,0.5914268583302278,0.6633162525569927,0.047215031291017784
2046,0.6298549327117432,0.1965510843811393,0.31709334464589245,0.3172817134382502,0.5929862782623561,0.010989303085725802,0.7407810457295005,0.48191911208483185,0.7436481733996316,0.03410639362885004
2047,0.5991917819502587,0.5344178418768565,0.17421153005157455,0.9599771906095396,0.40502249969815696,0.06744164390084016,0.35238900162776904,0.7965002506013116,0.7859539576631405,0.4687424337891509
2048,0.5245400339747529,0.02149761141389331,0.4144448031188551,0.8653131990868443,0.5287453506875515,0.8751363494253596,0.15649106922245842,0.2562613040833967,0.27930597200778756,0.4393957571092449
2049,0.29337465327742607,0.503606063785338,0.6636544360559893,0.9280427152020227,0.25478085507546194,0.467217416442175,0.8398076754402835,0.7188347766110774,0.49280323861760184,0.4523415420371981
2050,0.6499344603125728,0.5452059915611905,0.5375170129899884,0.7066368774617577,0.3754828969729085,0.10908759472823466,0.5889720983422375,0.6316221058445003,0.6369183685663313,0.05713203770540515
2051,0.27417755138755673,0.7353790324508988,0.7918217627579308,0.19834389298007285,0.568791582415871,0.1841324989495513,0.47914802304820164,0.6228306188834926,0.295684034585682,0.05321403138491254
2052,0.7239100051214505,0.6493894740690833,0.6408312720451009,0.19529844062144816,0.5010879514399724,0.4124028875665734,0.4690130873983966,0.40524993608882154,0.25334884068107594,0.06070944640225623
2053,1.0000000000000002,0.3582031721348845,0.5984983245131026,0.9090507205521643,0.7195975165235167,0.39497238250242495,0.1121286454076989,0.012280928840161923,0.4971234447823087,0.7339166290559132
2054,0.5743865372513397,0.0054183092023676,0.8518871466245274,0.5072596902563623,0.624705799184908,0.04416792548070824,0.5374195785711171,0.18719147291485033,0.4236863750690338,0.6014363284789849
2055,0.6152639735752912,0.11521032585367748,0.48266387780320696,0.8908580913364672,0.5122939710116706,0.21986596589642265,0.4010089165857023,0.8442365595394775,0.4693991265217768,0.13641143497433095
2056,0.4122573237990617,0.973074548473243,0.5125444623677436,0.7208604207490675,0.48232619390548814,0.1747370443923741,0.5085880696676355,0.6166796054155237,0.4125947640266135,0.430958186658267
2057,0.16370759469521018,0.9223299320767806,0.49864305191351554,0.21259091127992866,0.21687266619240503,0.3315950251857799,0.5044951843640699,0.577950351960321,0.9124751206347759,0.942940691610481
2058,0.3915297276907807,0.3248883605185614,0.7886907716971802,0.38491774164295434,0.33526815998921944,0.14889329354759145,0.0,0.5254657082500117,0.4144375139794389,0.06908190438193601
2059,0.2990465203509436,0.258625780418039,0.5012502135653433,0.9682516201209406,0.34158388168662773,0.21880018687763958,0.5893112055374965,0.07640687488698626,0.6133982983134374,0.18910247472903557
2060,0.23223546631036146,0.436249064142707,0.3798801470029358,0.019572530321601805,0.6080518824944747,0.8049567498426488,0.5337732641470516,0.3473252034805513,0.6006634318384323,0.3895790894606023
2061,0.830210619732169,0.6898583676475509,0.6103801040302619,0.7148936584081806,0.6796563853490263,0.20093774441464446,0.5585536090554091,0.6189867491810004,0.1813014094541902,0.23585958410206276
2062,0.556728841461503,0.35663358090819086,0.34855213755530223,0.9792111463726416,0.6393511255818247,0.5101914213836765,0.465062181313774,0.1250578663375439,0.780672969985738,0.15848063729100859
2063,0.5768839018275201,0.06700203452168296,0.6002712840324075,0.10417565398415468,0.7256376326478698,0.44406235227874097,0.5079327718163191,0.9210323220862914,0.6210295843382174,0.9733388075839465
2064,0.44694257348971206,0.40261651530110504,0.5779606903776232,0.2720988508392652,0.5108543918166496,0.016919993508657336,0.5307913160140036,0.07212053095486128,0.5319584880897765,0.7664250527860259
2065,0.4726307149829841,0.26036242091674405,0.4654583264351331,0.5472457548704525,0.30675242184301277,0.5041812502290038,0.5495111382967022,0.6796634058428169,0.7030311835559098,0.7291616657822568
2066,0.6872320807427534,0.324725153582734,0.6063025674625032,0.8441342069331611,0.4872194401232536,0.46871697516089644,0.5866581031474805,0.3008669200481823,0.4930633724241225,0.9323075862961349
2067,0.4991457523178055,0.16269772022815834,0.22331462881032407,0.5067258544579682,0.3566746364815707,0.38359585472592933,0.5510794425289418,0.8636746082209082,0.669689476852716,0.186994884096936
2068,0.6053748025162305,0.658747910837065,0.5311728597005586,0.05960424074881787,0.6241258105484748,0.813043262622972,0.8402068680046721,0.8268124408203381,0.14569771553351624,0.8897267992088033
2069,0.4682660898511814,0.5264941523208314,0.4144773433609814,0.12722363938899114,0.4274205609161107,0.6762380147847362,0.3649456772857022,0.3328575879429425,0.6574539005974704,0.9826794277111208
2070,0.44069172068463663,0.2706400113817385,1.0,0.3760972307103997,0.4778191274109984,0.5117217324131021,0.42972128532362003,0.4618454953613367,0.5370276077219283,0.586294864320104
2071,0.23979946515539197,0.553734891386135,0.5298418299415626,0.32266994535470317,0.6310431987753191,0.5405864940394287,0.8112801416955082,0.9591750337005615,0.5399973597710317,0.9032359384804518
2072,0.132098037001932,0.4925596167567972,0.38955653912397514,0.2197605379951709,0.35353005256789455,0.033999195248817254,0.47037934985304136,0.6077311275632588,0.3421242502589756,0.816115369378808
2073,0.45589710622163887,0.7959289827449829,0.24373371098165472,0.8404963410188913,0.6833370749237248,0.9999999999999999,0.6708060890178409,0.005430384711762937,0.46056806348561524,0.31784462164939165
2074,0.5159063398951874,0.9559924007925795,0.7442338167455621,0.02687481355402621,0.2362160792154792,0.2159842840795633,0.5239082841056395,0.7771834963976246,0.4550032190478423,0.3323042475068001
2075,0.262588231668741,0.13040008622278212,0.43550150554215905,0.829706886687972,0.5561731026918071,0.9999999999999999,0.4568712088833288,0.36097897079082625,0.28573125840701147,0.6757991867051415
2076,0.49874241619541754,0.8838972855242426,0.3531973257833332,0.9220853303847933,0.4792954834277468,0.9999999999999999,0.6808824743084869,0.2754487320180489,0.5702107045438234,0.5521120113388089
2077,0.5153885954224753,0.7047202907217281,0.5634994896439078,0.6303819227460412,0.6569081952264377,0.015363765052404069,0.5945620171150174,0.8321198704408365,0.8010119032438763,0.3849056448547956
2078,0.09846529498567543,0.6924727654291718,0.6219509141582914,0.6256191046622352,0.2310365620964484,0.02431103743619817,0.2158591890893669,0.9675964143965873,0.23212584914865858,0.046993934315489094
2079,0.33258712137684304,0.3741127028349056,0.6190106412552517,0.14906708264163684,0.20078123439446,0.375334359885847,0.5309176625505723,0.06150549821592548,0.5952772421325654,0.02288787343766402
2080,0.5820868218368275,0.343709743222301,0.5044644875817917,0.5685601825152582,0.6419567763844732,0.4137843114314857,0.3153027537334619,0.3900405857284206,0.4222664929191498,0.09793248097392482
2081,0.5782746423996643,0.005326862457702341,0.5304694006589897,0.3753279017268246,0.4212628577686009,0.6445400567177488,0.7334513647283056,0.27932570761805325,0.4003290232735162,0.404108270735136
2082,0.2875790051907513,0.9822218558875435,0.5440550446572477,0.229135983450836,0.47931422527309975,0.7036645742055299,0.8224679011197205,0.8977766505044807,0.5163445028094111,0.027349638127918297
2083,0.5351418613665576,0.6063960102737159,0.5635175893578847,0.5835789126360781,0.36926441004285415,0.3713114301308203,0.8446801133085828,0.867697637879729,0.5192239144417525,0.14811974557431823
2084,0.6981480782710743,0.4021498893413962,0.5800203981838014,0.001171766859702189,0.6734401408503158,0.1156520095213422,0.5648720231424758,0.901142096945419,0.5372260433737246,0.9680775408535454
2085,0.6518599991562302,0.5436378252297621,0.7048918971252908,0.2765208226781706,0.5547543613508151,0.01792688402745084,0.41373995287798343,0.042112125669601805,0.28730010533772815,0.45054715441109466
2086,0.4872690056145072,0.04022618673646112,0.5113022493798993,0.6563248629040025,0.5434287904292139,0.07285826774282456,0.55827468639601,0.049567213427587395,0.7092037193513405,0.9332528112509917
2087,0.416952172900974,0.17339503899960074,0.3484507855533939,0.4552308942101161,0.270641449520365,0.5139694202242564,0.32551323890762557,0.551192137987058,0.5175554698865037,0.18991054987113654
2088,0.38650627238789065,0.623255791341159,0.47387132932875986,0.14568835507748987,0.5938826150576499,0.8276883649940782,0.9316834453175606,0.16643684494057503,0.6149554476009829,0.35849054514998047
2089,0.5935121144811989,0.5141207739909501,0.6413580318356162,0.001299470323730817,0.30495688852086483,0.23681212442732608,0.7192814949788771,0.11215775538368357,0.7328892876996866,0.6711940245781718
2090,0.5420578632461235,0.7870259452286174,0.16760125820916819,0.27054459460499414,0.36949577469983763,0.11177306430957887,0.5550951394573325,0.2599560267042977,0.1371681802718025,0.9898775259000527
2091,0.6239987783195883,0.6586504989700659,0.16867841342543974,0.5492928823492026,0.23278249313391747,0.012225689977144929,0.6828754065718505,0.7092977205912658,0.6219150300958076,0.6998270862618391
2092,0.5301280065129372,0.601324142635837,0.6720357055757347,0.5347724583804897,0.4665984452705959,0.17299546539170435,0.40817565611245016,0.6715260191178775,0.4709497118074382,0.9022063910698583
2093,0.6597259851631784,0.8152263413981493,0.7842775524041629,0.13111300553786995,0.5010879514399724,0.5622718939588119,0.2944717668356515,0.7851397812255485,0.6957060112110212,0.04906115713202236
2094,0.523094016230027,0.06797161947964278,0.26482669678556814,0.6139604831286367,0.540726787258782,0.013454432064299847,0.09052913917521749,0.06221867848256683,0.3499043242897148,0.30378244328318443
2095,0.6532968908479975,0.6908054540129703,0.5195163441390284,0.9993651035229723,0.41141765405835073,0.34213753725339735,0.5142308653666348,0.7663484047067501,0.6798372035846667,0.8827914842835523
2096,0.6695481058776327,0.7155177087663368,0.42626765493321905,0.5851169709437988,0.5179896812863213,0.04483900537716795,0.46049827975633145,0.4903687419634045,0.30171192565407706,0.5231894679288548
2097,0.3534540406370125,0.27494189521867385,0.45213741209245417,0.5278618883376748,0.5169195753005121,0.18080312594469572,0.5947219399055483,0.3126279862533155,0.5785530958912084,0.16981430534631903
2098,0.16409801194120333,0.19540114503847975,0.5577613503349946,0.6229005784465854,0.509657296713837,0.11739735129817068,0.5013178155307427,0.6101156352698662,0.5561440023399489,0.1697519483001571
2099,0.7964631373708488,0.21361012770374918,0.25966632338962714,0.8800567030285593,0.5311791143799143,0.06654003107399296,0.5863442555715799,0.7994873570841383,0.4726139312047009,0.7586454161354628
2100,0.5536716159046049,0.197893212804816,0.2942897669922274,0.946415699658167,0.2957146610625673,0.13732246282105845,0.6485620851366432,0.10336829346587954,0.49909834135951575,0.15790734807582368
2101,0.18176882484773788,0.5236444484913336,0.44459905633562424,0.04103316203737259,0.5174852313551069,0.2486136275458678,0.22948163549045758,0.8072548222630559,0.43209602050911017,0.4976421424668626
2102,0.37056807452636037,0.13535756125819648,0.4736691875642053,0.20506894782345428,0.15736510595967323,0.02628949713435436,0.6592300126057888,0.5692436665757551,0.6774662835005829,0.18124071739579983
2103,0.6508791484360732,0.6591938532714002,0.29079528338413474,0.11579812138882045,0.6082190602111364,0.07238851069957952,0.4238859055742816,0.6198915632140412,0.7847868665524795,0.20823657302693382
2104,0.45247929863819075,0.10479919847317405,0.6480470478156427,0.772690182274498,0.28357617078265274,0.09085089589957307,0.5944063419075081,0.8789623431683922,0.8733905390326839,0.39724932488743947
2105,0.4086344808627929,0.026584190151360595,0.4229077736949627,0.04556459085863082,0.7246572261986824,0.011831906963608453,0.6875210355566679,0.7098850986928558,0.6022210585912016,0.1180299047067161
2106,0.7695562191104474,0.3190834813215368,0.42211392976786966,0.9030313339943719,0.02390270496377417,0.0987815112727086,0.6887881710491746,0.5833373392332014,0.5499067101717074,0.6593129729761731
2107,0.3076515600287773,0.19160995313891233,0.5534957789397384,0.020545581634935806,0.8207570851068355,0.11582227098265427,0.5227362399676831,0.33567077887275587,0.5874270890552742,0.1660710101993234
2108,0.35465650837491297,0.9886812160434378,0.4767402729885971,0.6028050186801375,0.17980801336806346,0.12962568054521834,0.5318370335193741,0.5100745138142035,0.8685192412009812,0.7520030200001111
2109,0.5451299401619851,0.30278404007401555,0.6569669784805907,0.27568383988906653,0.2647778673629634,0.0006190248133728483,0.6634761486457388,0.8365485050060435,0.6010482735657987,0.5212817739282009
2110,0.5789154159029186,0.22182450979942805,0.32670178774299496,0.4707609564641644,0.5547235730716816,0.26288455230615454,0.2219174672593553,0.99569519765561,0.5187078139739458,0.3464562269627308
2111,0.5988936966726783,0.19652171012809425,0.24017446564154935,0.4420701403781848,0.6165541028298902,0.29604337558970445,0.32332591249266013,0.7560804074366573,0.44983891630489375,0.6142212720227467
2112,0.6771733978411548,0.37366455929263925,0.4430070557737603,0.7492188644568112,0.4420633794890828,0.3185456485281039,0.4473788982001962,0.7901135369455154,0.47178403591959367,0.4075875444207734
2113,0.5427134372209468,0.6057388515073856,0.512014907598323,0.49685154095795303,0.6695320750857552,0.12114296342442253,0.2529863448968767,0.699308509909194,0.575548711846912,0.08244071625220123
2114,0.5975806996612246,0.7818946660576441,0.26938541569160046,0.42139554087008624,0.3428025892260516,0.26577493976057004,0.4487701282795818,0.7668859826577208,0.35938337543441395,0.30906501302960077
2115,0.4563409874173862,0.36438477123890695,0.24197098573194573,0.7305941241495235,0.4195665392212642,0.23726164177634446,0.4386897172067276,0.2427658689030986,0.3831307436291806,0.5246458381910868
2116,0.5170764197055852,0.625867727685848,0.5347788781735726,0.9262139762821846,0.43844773915407637,0.05175096849679803,0.51497811543221,0.4235396580149484,0.49001629850792444,0.10419219371869648
2117,0.5255357623159593,0.4819080740466763,0.3594582675851986,0.7942687297736094,0.3927374351257594,0.13745353906382307,0.4884099194340141,0.5557908021382242,0.41628652593208565,0.7323381415106602
2118,0.5458302322571219,0.8464665237595955,0.22989386542263127,0.737037018455121,0.12275514399184351,0.21244023766992995,0.6962156570360112,0.5492545924415717,0.6154611064359734,0.35641779077196806
2119,0.6510047135325605,0.5689193104495739,0.6808131596108068,0.48792741364135184,0.49210653791331394,0.16133487626931778,0.6046331939929372,0.5970901321677133,0.6301725357019772,0.2047399705467155
2120,0.6099881990621676,0.2896749883519885,0.3829541006056676,0.900611071341672,0.4746323111310012,0.19220622362192882,0.4857994415302383,0.9736080466549123,0.5520131561967292,0.007989618543714883
2121,0.5135894877544084,0.7035102013318579,0.715216087482234,0.48651814129988613,0.7054276519237977,0.18803942653076636,0.43741409556576444,0.855264925099054,0.5952105315919889,0.08487324222405984
2122,0.3525862642023045,0.8200267447682152,0.5060907991032274,0.9306949046716582,0.24814123834649507,0.14280648111319402,0.4901305728210463,0.8278092843846866,0.5244812410128104,0.23723436144799537
2123,0.5180146845873178,0.46528322331947974,0.555752390828924,0.8032727348282778,0.37319907383542994,0.4642017541271918,0.49339593217611183,0.83034792847158,0.0,0.36693205478782204
2124,0.49996069622104394,0.9872159051209026,0.4613373153943888,0.15031017740939043,0.7296657122076983,0.32369197588289067,0.9636519046783203,0.7932862882831775,0.3357446530102421,0.1532571892028043
2125,0.5416951585336864,0.8790790601420567,0.005604661346855472,0.04699456278867062,0.5536078510245908,0.021744023621354996,0.22997131593196868,0.6790804885784313,0.6365216718777726,0.5449589408096825
2126,0.9215598024538658,0.19670661868237432,0.28877527611856424,0.7411775795409808,0.6031427727815476,0.15300073366727004,0.3279948608445091,0.25613764449593074,0.34278327536326086,0.1943455285493942
2127,0.4064248575181327,0.7867068868071572,0.47733683862127463,0.6861357208728549,0.5845841980380151,0.20244321531344725,0.30093569557411864,0.8557613078254647,0.6646521273304387,0.954667024529069
2128,0.5849216651020975,0.6008395475041933,0.5688015493189438,0.6023468744488863,0.5854426324485892,0.9999999999999999,0.5485901543345546,0.2793414227637285,0.675331360263494,0.5647756491178687
2129,0.7068374073089055,0.5346772778636688,0.16701453066437585,0.9766695595315706,0.8491183530201178,0.2513158971652077,0.5412837006272586,0.7247960211586467,0.4517028075328741,0.7966145905462894
2130,0.523737276164133,0.5137975218218667,0.4907846274025107,0.5456349405726179,0.5145842683942242,0.20279040534414394,0.39316585981373436,0.1104817739769043,0.3899499664788942,0.42178923282981123
2131,0.9463363733692225,0.8533846544605727,0.2914836426172953,0.34804081581700586,0.30125655762689596,0.6070167825790248,0.6642521109470161,0.5470674971835938,0.5039630679796463,0.20483337142562347
2132,0.4339209071607472,0.6107644407091652,0.544536779836607,0.565206751686892,0.6204386041821276,0.23506474821608395,0.5671126410613778,0.3184372298507291,0.49377970628751183,0.4495239643167849
2133,0.5663939639747769,0.5375729421044426,0.4971629538027533,0.028405586859922227,0.38729133550200123,0.6089730093194873,0.6719985036637706,0.7043510648841692,0.6212584700567392,0.4122854869593956
2134,0.3545334201984794,0.048561871851957164,0.6394410017500898,0.5795117193965655,0.47561302113966386,0.3046980164881396,0.7209600796739766,0.8552811858518469,0.05737886128648989,0.6236390105654176
2135,0.4389235018296876,0.44813965208640033,0.6997390530983559,0.9028264977669507,0.5684808796224624,0.19185649420976902,0.10569777191912627,0.014961571756082467,0.36268311187886365,0.9106203342080039
2136,0.5522141468799642,0.9080335122059778,0.5863807801896389,0.004312814004526377,0.338005583498587,0.9999999999999999,0.6254116981827285,0.11382220393291222,0.30980678458740835,0.23717857870053755
2137,0.664922074972048,0.71166242405186,0.6612408596670624,0.8456737999730985,0.39817295318302165,0.3615224319224052,0.26087129993617736,0.9255580568869705,0.023716096324071456,0.09649248522075532
2138,0.5654516551647668,0.05065664992656335,0.43544373729208463,0.8022789090904985,0.5889198577891612,0.35270293535195923,0.5449258768184191,0.23885460595164804,0.4081367498686547,0.7152848325486804
2139,0.7428085384169152,0.8839761153644292,1.0,0.10613273861857339,0.39075497826767536,0.021740976181446263,0.4854553725081561,0.7307007926572613,0.21724872634481746,0.0003302898008356592
2140,0.48732947102833374,0.8266317066312964,0.2734765443911378,0.847201183905892,0.6851569789087365,0.028081766789569484,0.4933308524710934,0.8125126043196867,0.4285269167780725,0.794594795986012
2141,0.4425755051790214,0.5465541988893282,0.40235691166518106,0.7638776062552021,0.30612815206335775,0.9999999999999999,0.2766360303777657,0.7404682188456557,0.40943877345351526,0.7278756837016124
2142,1.0000000000000002,0.0220985015555238,0.6688806566310754,0.4912533208377142,0.30547692563977186,0.1735549760739506,0.6890450692514161,0.03155278995571724,0.5882736497857397,0.8257988465150938
2143,0.5796291145000315,0.5623049196345954,0.6411604370081364,0.245307603432197,0.5010879514399724,0.04312505365120738,0.26079112762012885,0.7353381099285982,0.45461463788262685,0.09056826766723236
2144,0.3694997958679172,0.05429294868122278,0.5916770951588375,0.2882138287721213,0.20089045907670844,0.0645005913595016,0.6373897919911753,0.9616365158166041,0.18079825805024058,0.20366151265586924
2145,0.37425772383978484,0.3201725659694638,0.6267251728463316,0.6125376106969004,0.49171011619798466,0.029088474902937516,0.23470167285128257,0.36846315245623495,0.5679760382455619,0.5516268993344434
2146,0.32738817446761737,0.6288073583749179,0.11220657747505838,0.2463981663471688,0.8550050868137417,0.8015041080607773,0.4956110233833851,0.7101528031450959,0.9618694028330104,0.3272585024758172
2147,0.6819527454566567,0.9129066782450964,0.7971785591324448,0.3254862434891377,0.49134745595388096,0.17930893875496767,0.8318414471317026,0.2760781198855841,0.706383635141369,0.845826787520396
2148,0.43649856454407615,0.35760187221043227,0.4627563218245814,0.9312478049826838,0.7573798485056447,0.0440306536936743,0.9346599811353404,0.9975445652765348,0.6311815955598965,0.4583066131847954
2149,0.5292768366027232,0.8599995264142768,0.7331350793611293,0.7296452013230201,0.6230841806418962,0.09709100400121799,0.20022917580125404,0.20790302341711425,0.4650086106917039,0.42945237620698495
2150,0.4932645052351267,0.9183564435100228,0.12153706686692131,0.7363937405963914,0.4954847785739495,0.14474739497582512,0.36890844029510766,0.30519379821931697,0.4088788995682909,0.1847024358683415
2151,0.6432601562385653,0.02073645727787104,0.548630051519361,0.95635735279996,0.4716074763103369,0.4005436654400022,0.40246730824686555,0.16744160767989608,0.39569870095736476,0.5620022014104433
2152,0.34548872343728004,0.2391941220201719,0.3956903413465215,0.005777439393644224,0.08694426343472711,0.3290074039403797,0.9149950225882795,0.955238286474741,0.5478579425867343,0.34590963126785473
2153,0.30231490320409954,0.7097873612900145,0.6074790906845572,0.24457917313991204,0.4351529555193681,0.6468859834165972,0.48629848649332513,0.5712314848220584,0.2863371863929896,0.4504995248495776
2154,0.5475658722805162,0.7567839617587055,0.5599134074675307,0.658257691173759,0.5417951854183415,0.04231011943051166,0.6971964525077692,0.24657371390935767,0.5440025941971094,0.2712510672509364
2155,0.6186320126649035,0.5041605632076909,0.5690474738343239,0.4384540960005979,0.541687718033406,0.5356608430374623,0.5542059257208194,0.1340194127161397,0.3760643565196385,0.6088299142171737
2156,0.567986951614336,0.6566617502953195,0.30329300048373053,0.1128376429342059,0.9738418826701967,0.2360576131110897,0.277634036197938,0.8748142322621549,0.17642735094078493,0.8380579968325003
2157,0.3525244275593431,0.612050703151705,0.490156619219848,0.7815741715620439,0.5512227403026001,0.1158009228468462,0.1557459046695165,0.0621254218658437,0.373384017118461,0.02049464852672911
2158,0.6330703587926683,0.7397101195790741,0.4671807302290537,0.047074961145154,0.6187650403673447,0.08264017578438422,0.38578161146431517,0.6431160277804301,0.7398423233739644,0.23086988697451366
2159,0.36490005226659455,0.7185864586162684,0.5931543321498897,0.5440822903719749,0.722213339226118,0.013631562129864197,0.9264016208716379,0.60995963023969,0.5284299101585448,0.6773321908603591
2160,0.406846379393279,0.085585254745016,0.6852807962705793,0.5627040805348383,0.6014254539639935,0.17860605638013408,0.5464390101283676,0.7717336809204638,0.0,0.7066254955459544
2161,0.3271478779524212,0.157989066684852,0.5288442366779325,0.6362349116849368,0.48023359174232677,0.08469019100312081,0.6934526369739584,0.6817249638213041,0.37416573279162574,0.29423371568710055
2162,0.7507410333409312,0.13245741864581015,0.26278041823770504,0.31575239046269754,0.4811739797142796,0.17306847179765805,0.2372198901069799,0.8364570254406557,0.6737415366176005,0.2861401736090483
2163,0.6247567807674884,0.93248026831989,0.520844107807228,0.023592560356994446,0.4290517168751208,0.010860098440205433,0.43889767048135336,0.03748083201746995,0.44545752131737043,0.7468009519220912
2164,0.619393138801723,0.9135364552021692,0.9877357198094833,0.8893733869177656,0.5828002978046989,0.314198741315327,0.6426134453217283,0.4300023288966516,0.6016507769451591,0.5583350886711744
2165,0.7405626767439585,0.7973668809216574,0.8077541047018181,0.9296134164220076,0.46393316473034063,0.07753330978688468,0.2975699684918282,0.08044414247001934,0.4270434104275808,0.38891234642700045
2166,1.0000000000000002,0.11644342895472024,0.0,0.4821914193780821,0.6177574917638113,0.062399904316092054,0.48710282813336453,0.40491158834451346,0.5370858383784154,0.055366256689746096
2167,0.18276120823005765,0.5741507683005564,0.5125943462845786,0.020630609347935897,0.3016929228296149,0.1794422549477453,0.3365764160337666,0.5606237877768436,0.5088463805346151,0.6530009061666198
2168,0.36593480316141613,0.18697929311461287,0.6746174414691121,0.5811193849891056,0.5252822993296773,0.9999999999999999,0.6513945588641545,0.5935948771067103,0.37943584889013365,0.29290177455876487
2169,0.3889909894456452,0.3681937461998461,0.4667779060182472,0.3160560791786722,0.7970897975671782,0.032704643224183344,0.5724376607645283,0.9248090231945586,0.6107103944547978,0.5770699677122288
2170,0.34471977894916983,0.26686689767815247,0.4149761196101268,0.18255035740244938,0.45342953274834036,0.2324971775494198,0.625,0.921760817521834,0.7931013841615175,0.7223694973678438
2171,0.3019354880308052,0.8288962307904076,0.45099342802341935,0.16901120546009565,0.8533643949468457,0.08608125448192588,0.6596313910023588,0.3094172301100192,0.5752152826062136,0.46324282523322197
2172,0.4487103124968946,0.14418562799452858,0.6037621062868695,0.17931873352431174,0.5285363223517863,0.005233895672196721,0.4568964934454351,0.6989589483715923,0.5218913242161323,0.25322993815900585
2173,0.27570600732253664,0.6460827367815647,0.286596356212105,0.33097409421635815,0.48594759931059156,0.1725673680760266,0.68401617020338,0.7126067034060416,0.3419552541068733,0.2141048445707786
2174,0.5684605324157873,0.9839122153523784,0.7224664913989607,0.2807301842169264,0.5194350046789816,0.13566383602511575,0.390070384542096,0.9572143171968065,0.6803816236450768,0.7049056487164909
2175,0.5150010144402313,0.6869719474131573,0.49033866314575025,0.8367907317535752,0.4366401039613068,0.1561654405318154,0.6143599327343947,0.0834142379649535,0.40505153484767703,0.8915414325067673
2176,0.5960042806890594,0.07894570558286346,0.3264030707391098,0.49552353606447086,0.11378447636945405,0.9999999999999999,0.13523693921489793,0.6169871591023194,0.6086597706337817,0.9799797889393039
2177,0.6010418234077723,0.9078413873002006,0.7104676368436633,0.4278251624871333,0.6671275444893812,0.1047002132302776,0.36119243603463785,0.40695920476299974,0.6468477118140337,0.8032625947520304
2178,0.6190183346598729,0.6429821997422867,0.21262078109225183,0.14588146056566784,0.921008105456518,0.04810193150064019,0.9262041873702886,0.3469838993203646,0.6897468610589459,0.6026836664823432
2179,0.43479453251061845,0.45615046477505045,0.39723679801899336,0.8762748652715762,0.5898058893945536,0.21516048724253664,0.611641639819732,0.6173299421015886,0.6932840415714496,0.8643223784762388
2180,0.9054504981594946,0.6596006076317749,0.39416615152036794,0.05482820134232266,0.6015839965051074,0.021399512313581812,0.6117078711384316,0.279147448179408,0.6864128686392441,0.38962414855209543
2181,0.549477853731692,0.8790264936874991,0.9006171631379515,0.2396224072553966,0.46155943343604316,0.8649510646902179,0.34688525607248416,0.035314544139593576,0.26348481646708993,0.8821856853395951
2182,0.15384535981754616,0.4769737388416573,0.3730276603222916,0.6217391960545762,0.7208256794927783,0.6771521082842209,0.29700840012455015,0.777735379849985,0.3389341567953896,0.4302059128082937
2183,0.3161251519803149,0.5311862850097752,0.09888927714779952,0.7026165727108047,0.4892816208606876,0.18764831455681494,0.4501275250716162,0.0862795212631199,0.24139945991776451,0.5953163338767481
2184,0.17686008828372607,0.45228558037879507,0.3922750753595383,0.8015062341814735,0.5485654441344452,0.2624749624744894,0.48651956167675087,0.32784116956660003,0.22860518866376806,0.16987298907103499
2185,0.5085174957277901,0.07230140111638206,0.585739318407129,0.410460979504904,0.1941224376348099,0.1459234625463742,0.8521520116192038,0.5947466812442623,0.7919180249498556,0.49717070989101037
2186,0.48226549013366665,0.7870212476433812,0.647009548085813,0.3468805013141536,0.39448872232674925,0.2100163318735989,0.6869144631928201,0.6235759219276794,0.3148350601336692,0.3414546258072766
2187,0.41686738593225553,0.1261398834968611,0.9253460800564813,0.2886652386517671,0.5679338959278218,0.28714351382747644,0.5190044513293044,0.6661334255172784,0.2881239164326597,0.3664684176741221
2188,0.884655414269947,0.3943886570720176,0.7631615260150034,0.5683370126666609,0.6723572107835798,0.519837186696597,0.5110306597195682,0.9945907734256935,0.49152706036527066,0.598162619566499
2189,0.6088254404211463,0.38663887762184523,0.5358278815896361,0.3487769026501447,0.677720560622176,0.19897531203646768,0.6387934187278121,0.40107883488070306,0.360421132764904,0.8818801282271078
2190,0.6422424425103286,0.2798207837586199,0.3345359275290568,0.3282260695152921,0.19142133410191597,0.07073613334007668,0.2555692131718404,0.13701017100929214,0.9318554435200506,0.8259442600088874
2191,0.32957799980328384,0.4023284515586432,0.8036553207179621,0.016879382773402007,0.2110350689630825,0.03347041663145269,0.14438946308410489,0.13746511632871472,0.4501959097115565,0.3489250968513194
2192,0.31673472865265806,0.617903170790152,0.4320455844774995,0.9487334092462711,0.6098658009429377,0.10233444992285959,0.6360713404751608,0.5100129453348584,0.5867146217545591,0.7338300443322987
2193,0.512191133258396,0.3111778837408696,0.37803759476980003,0.06060289771367494,0.3524247907220077,0.8334277823039421,0.512193073045937,0.383419405911421,0.35386771831483205,0.5475990488699631
2194,0.5378887759354153,0.17225563697284593,0.42299862900470064,0.27097699786260687,0.6699163285485681,0.43846485433937366,0.2568016700717953,0.9131966806284856,0.18638903737103546,0.3482614414603504
2195,0.1550100764448708,0.8693464076685945,0.2672346918009344,0.9218246641062393,0.181559006513748,0.9999999999999999,0.11237054883461,0.5106965697082234,0.36370067037252213,0.9080577819028968
2196,0.47122774994714106,0.9708457928324971,0.41405685019552607,0.7356675519083069,0.4778426623711252,0.422453519294783,0.6638367935201228,0.4516794987857048,0.3657402825962413,0.16120819801141228
2197,0.507901939644013,0.4584240761608902,0.45730740648151535,0.5783867712484121,0.4902554881769167,0.9999999999999999,0.4026714072335201,0.8623560880924054,0.3644093208355292,0.8051425677262201
2198,0.46465396026846656,0.326815560017622,0.6370454645581002,0.6610989491176794,0.5898132061581617,0.3272177494920137,0.5727594788600838,0.7960632798079704,0.1981634453347308,0.21218255181343287
2199,0.35178167968155,0.04718357783680295,0.4284042952279533,0.09708549757899262,0.2974234658295828,0.26727084688743213,0.4502382590209116,0.7137790247841673,0.5279920294331304,0.8924521793486224
2200,0.40345090942076417,0.03654945272304001,0.2644053643305594,0.8090004522841151,0.11645222569516411,0.9999999999999999,0.4925881420870239,0.5271302447220393,0.49909834135951575,0.7213253617865256
2201,0.4718782640261476,0.39270007270204926,0.2016844375578085,0.25020267980834154,0.5300066229967433,0.32654304074396256,0.38962707570721405,0.2342526720879522,0.20920906607618645,0.464912477390824
2202,0.5223784701494666,0.9302414614063158,0.539864983592304,0.9566350363629632,0.5987037328114442,0.5517325552024225,0.48478853480311684,0.5672770439244671,0.5223305720208398,0.07726304179248838
2203,0.6193550657823033,0.7306406413446385,0.5143255302789271,0.2314618962423726,0.6917469740074509,0.04048480512041386,0.6053838975615791,0.11526642047326245,0.646949250164836,0.18011695156939994
2204,0.709175852872225,0.3490727761113029,0.39740415664864015,0.6256331287609868,0.4275241894632874,0.24171117137628412,0.44802990249957214,0.5365944419068662,0.7296847186772815,0.1649084856649376
2205,0.44971128975836977,0.9680586277700867,0.4136024776880102,0.545556348640337,0.6469157179192453,0.08841715393145137,0.4374950593457933,0.8514329877661155,0.04233637030536985,0.7615457487868036
2206,0.4191823159976164,0.4285880889012803,0.5732322770513344,0.1431497401263319,0.5908396618071031,0.12758014897053066,0.6110050576367172,0.5147803997282211,0.3632851709537393,0.6219941031323027
2207,0.5878209458488819,0.2765716393877304,0.7601120749416851,0.3630750361380489,0.7526668812930524,0.18837271104463332,0.6233014512720274,0.06794599896805607,0.24172198368703784,0.21757088320909296
2208,0.6204971695771779,0.42618261876614405,0.35528747364326707,0.7816332674286034,0.4861642911388743,0.18778645106780814,0.2890226721894265,0.030762868061413276,0.378214737093643,0.36763566153508476
2209,0.42332478701548953,0.21130009982996517,0.5173611182750288,0.21266671583354776,0.1622683039818183,0.47903821195099694,0.49357162674916905,0.8604867039169057,0.7659369431406484,0.30929053545115637
2210,0.6543732281438244,0.8856231591254734,0.679494469039805,0.9632814323765353,0.48379059988459694,0.6335945772866061,0.4022640652433687,0.22385709114657487,0.3639846028930715,0.6524732859619685
2211,0.6900687227320538,0.36098068537759254,0.3560391063086227,0.29560045131683044,0.5139865959619254,0.15213960486439132,0.5014368779964566,0.5254736310163846,0.4118931391989709,0.3303491744718833
2212,0.7489539398547623,0.6578765118764036,0.4978657949276505,0.6269909969776395,0.5971106608647132,0.07514717641523032,0.7634929052262311,0.7767310131806069,0.3446344872320229,0.7685932307130141
2213,0.840768971815744,0.38886398158963703,0.4936950995122903,0.6191327602787343,0.2004154165199229,0.6793388103020815,0.5651402664095615,0.2528039702963032,0.8110341661728349,0.6949526137835286
2214,0.34177712935514015,0.9017212383681229,0.25623013819405027,0.47097577255888656,0.43651987531493996,0.25035637238840586,0.8982395367792722,0.7373620000338392,0.06523364797450498,0.24255899084212174
2215,0.5078691343113517,0.6422830378716464,0.5322054257293362,0.6556429889440403,0.6647926297557697,0.9999999999999999,0.5394240162490813,0.07476681160584446,0.3964429333680967,0.3237877090086482
2216,0.507374712958741,0.48810215592702305,0.5066640660364604,0.7439000895560604,0.47674486476835515,0.6312895587474141,0.46819176624090414,0.7485365540396385,0.337693968597142,0.5494364155629269
2217,0.48674302506806283,0.13187304340007683,0.6043019674808586,0.6192687546221104,0.43774048440549984,0.15524444720019367,0.4952740236773174,0.0634566746259453,0.17515434909151234,0.9078601539646292
2218,0.3827481911319544,0.901906545778942,0.2794318424359453,0.560233231100478,0.8656131257213715,0.8180282812574693,0.5252229433945435,0.27674842768493163,0.7115393844077433,0.1114281063540789
2219,0.22496070094905707,0.5466869003649463,0.5026405521630262,0.606887492791187,0.2899099442215157,0.6595937815351011,0.5584763755208104,0.2562994593921002,0.15958890538753595,0.3585525191061102
2220,0.5227330673890049,0.2848346563100195,0.7584686390111893,0.4021217602524707,0.7354034358553034,0.07848479105873497,0.3158736995672829,0.8914334434353145,0.41485567781912885,0.599155769526138
2221,0.36027854492305866,0.877908677881378,0.8882259931319895,0.07088655364962407,0.6944152578614192,0.023986453890312617,0.45588436166807617,0.5342604766247137,0.48718355396528595,0.32450608950391135
2222,0.5214716027983336,0.05414427598715252,0.739519777302677,0.15975266695423698,0.45332450870950125,0.21738739957609607,0.3652443814540652,0.8430618745187803,0.3594815905201238,0.2895100263761156
2223,0.3554319218284095,0.3138683966397001,0.28126229237711975,0.6069641630461419,0.49051589223435316,0.6074566477171869,0.6888855593646943,0.5820919614976383,0.17266707543491672,0.43191426769015295
2224,0.2977705015861847,0.5366950620568076,0.5849005229624403,0.9275815788434645,0.4898257093246161,0.1917477938545606,0.14359259909587613,0.8068672247744773,0.4701750700271518,0.19256399353461656
2225,0.5494528061702916,0.33961450206947613,0.4106763381274836,0.025733152919139662,0.5320714569568508,0.18574700658075616,0.527856544988943,0.5511334939006995,0.3574088482834474,0.6034171366579978
2226,0.5337218056632603,0.4765806336718856,0.5537273698946225,0.5442664600100532,0.3818773704818334,0.07785659083072877,0.21878190253210156,0.44963761398990354,0.6557672848860332,0.878317028040464
2227,0.6145420776895292,0.2640909367646587,0.3567659892122058,0.25215825110036316,0.4140623217761673,0.00935440323373831,0.578659747340305,0.6578399135741198,0.6001913303346018,0.9107569326096259
2228,0.9176615168789932,0.12981246991573592,0.18122561457207423,0.5619793209011179,0.4281677453271844,0.1124598496021502,0.425302116144791,0.28606398823408646,0.8715129211132895,0.4713841340842249
2229,0.557564101613236,0.036552051606699935,0.4365301192381341,0.7499833033048838,0.43434326153943226,0.9999999999999999,0.16368140395704728,0.9187738653048371,0.5230341463352302,0.2934031799768675
2230,0.5967689937587872,0.1573852469286143,0.6355434447749009,0.7357725371357433,0.4367691225119859,0.08049302794072209,0.6727605916957173,0.9081663666727241,0.6140863564131986,0.38236052473580284
2231,0.3019396235159089,0.952953620194967,0.5544918462228955,0.7252003368547819,0.06344143661052476,0.10969001593972487,0.034596661980702825,0.07220542783617435,0.4339508335462819,0.22830916711410643
2232,0.26244155615370646,0.5752828136689405,0.5759291784026356,0.7792628876451485,0.5157658046704241,0.4746030321106689,0.4931083774773402,0.916823322231385,0.827333761002756,0.5985254489343454
2233,0.8038849103343034,0.4888106299622665,0.5411295320520905,0.07262487341292309,0.3948512222563957,0.29020176376727824,0.6264401497290177,0.18141030747479925,0.5040918765043714,0.13466437854256996
2234,0.3310107314077506,0.38413902787245313,0.576223769863403,0.5097932303194962,0.13578584603921495,0.0998383912347738,0.7529322052765743,0.6811513865167579,0.4826578172115316,0.3181349654734713
2235,0.30828230973386356,0.7083447213002847,0.5995328068550229,0.26187977786435757,0.42916844384789976,0.4685245446519737,0.2018089971336186,0.8230773199011736,0.6048394482898685,0.1705415007521442
2236,0.49786997924827786,0.14099262706530533,0.44955420048623906,0.9216755291275338,0.42319029436897104,0.3808480619563758,0.4036920121182926,0.24082350995178986,0.379612250331367,0.20522312249533659
2237,0.4882299903368564,0.27590853933630377,0.5162398546179977,0.7832204652280872,0.7435447497729878,0.09189294221223973,0.6988550394332063,0.1121544963287275,0.40722415201195133,0.671439538489776
2238,0.3349678327004843,0.6558089694586228,0.8258913841557386,0.10757512004707034,0.3925760974804159,0.5545664244311252,0.711325922199507,0.7561070381538928,0.6047027941072411,0.992745533680496
2239,0.4477065402014688,0.4789115293206444,0.527269300079328,0.24333888794746186,0.6260465786653062,0.1350383225289407,0.7352210251488818,0.44214793063170976,0.6412500888475388,0.6754028678814299
2240,0.7371975518205653,0.7700379295167139,0.5087190286617003,0.45541062192186155,0.764351221558681,0.47941486619945806,0.9715537368684293,0.48643204514453564,0.6155709677943615,0.24406224559611972
2241,0.35317726062244437,0.8970981045190296,0.519968640402938,0.9633327629662727,0.3753922699779335,0.05795273578527945,0.4050446804702424,0.761793233175746,0.48690791358880664,0.407623489368247
2242,0.2422978197379836,0.8233359646441016,0.46014210665563204,0.10970443684275685,0.4876905680507892,0.1559523029521477,0.5676154505568847,0.25338928523645815,0.5535165048643462,0.6279256953062546
2243,0.6830893647355116,0.1839553610131417,0.41958908369399517,0.5682146538145423,0.8312537645463763,0.9999999999999999,0.43508882142079736,0.09664066491033245,0.6846011785261732,0.8673879974886982
2244,0.5981303005248196,0.09118658216517152,0.5396987742670564,0.34142541710643814,0.5411680267240807,0.5197182523364471,0.13446927270459125,0.957802444840575,0.29430847471723426,0.7142385717924827
2245,0.3881714791386332,0.16918326320308488,0.4064673852599934,0.6466187130244053,0.5691711902798872,0.1088987813792238,0.4822989058007852,0.6995497663664193,0.502405560976825,0.14532203441852454
2246,0.20673389331233943,0.783480617710453,0.47364320281705663,0.6489861879615357,0.41810384742651596,0.10451040440939584,0.13091723986463216,0.6519935061750602,0.0,0.6039029984394461
2247,0.36475620204025955,0.9138249936945545,0.3533534899613622,0.24068302322088916,0.6297721116627976,0.4778609135809677,0.4028054824474315,0.33258827082474685,0.6427701940412442,0.19712766768034362
2248,0.4949256317140975,0.9254466930580763,0.5209248595255508,0.7861519927708424,0.48920986030662694,0.22981234287464547,0.2280097634335146,0.9957940593267617,0.3534608226603487,0.374290428685385
2249,0.725178364262369,0.29800191534205867,0.6097309881048271,0.09128524649466752,0.14249934478626392,0.006584756417367682,0.5798810704295136,0.22211658780180377,0.3585055940196497,0.9648250428301861
2250,0.30967134239883826,0.8403104784748388,0.46125989843507686,0.8184963502700305,0.4281661973131555,0.10554583667050219,0.3552565979237707,0.1776416600534359,0.4789826638328593,0.8920804371012867
2251,0.4893002468798027,0.5361019957766525,0.12622708831674842,0.212045214363513,0.2680189017505007,0.10564183439085738,0.16950956627807495,0.3179202444560897,0.6197578436998636,0.25672867593152365
2252,0.6326288283849618,0.8227550256132732,0.6108828976904739,0.5898315330847171,0.5185882699161178,0.09318467389220372,0.6586319935913552,0.7388713642024836,0.956539585425884,0.7285290440880745
2253,0.05596482397223394,0.548235396934721,0.5231948928420052,0.34745040387716697,0.3195362330258031,0.8256586739227132,0.38750501569178636,0.2365924564965256,0.20709674870175704,0.32947976210177143
2254,0.700294983398139,0.14562793488760348,0.31554768020329416,0.6100413629312219,0.5893608513381285,0.5277890817064762,0.41917676132544474,0.31239408860996404,0.3407516101131191,0.007796622005192377
2255,0.28214980097777576,0.07893176294476587,0.6449927263743995,0.26752173751818076,0.5055362801335593,0.024906070977284495,0.31849566245903044,0.5294045192579918,0.545586422112182,0.8501120202454286
2256,0.5678856679642079,0.9572276974498541,0.23998077048139518,0.569206413687377,0.25547897749576104,0.3254500425743319,0.7109265383642043,0.6498039523198925,0.3640783619728735,0.822487273271238
2257,0.551789487924374,0.4256317446088513,0.6957451880347488,0.008182786882173249,0.4016075681772723,0.7882872867767653,0.5488203019163806,0.14873968289907258,0.6609517375584746,0.29411776865289074
2258,0.7098796402843165,0.35032442444302453,0.4900824873803429,0.3746076338976323,0.6169115015273988,0.11374285720805571,0.38578221759937387,0.6544998068429398,0.47026329810002504,0.7720837670790777
2259,0.609191751342405,0.3561088159632412,0.07764743904954483,0.8267506573477472,0.7189308548136835,0.31056056657964554,0.14573906571833545,0.38073333994512476,0.6703314351105996,0.03142734131849151
2260,0.05671514994877945,0.3787477810397059,0.5340388266835073,0.463200538292998,0.3223250399028807,0.9999999999999999,0.9621532643696782,0.3458101243304307,0.4549329592344043,0.5397587637366228
2261,0.3571798488713332,0.5041605632076909,0.42502797013858595,0.49947174485526435,0.2846030169773133,0.6277614429856253,0.864127022587935,0.07849477320360794,0.6056575510350897,0.981588791344755
2262,0.5313225582198414,0.06241122525820927,0.3969310951623177,0.6218438063808897,0.874251300909773,0.02647795860021673,0.7651784653317477,0.9740348204124002,0.32030639412188616,0.7884701817588945
2263,0.4684593692152313,0.11878694636202033,0.36319840351076715,0.43439029050238964,0.4949884324305595,0.1162639380316276,0.36916058675667557,0.693006806026373,0.8702105651688581,0.5755393188872857
2264,0.5953594068671134,0.7896035074503331,0.4770559142754349,0.8674567412706627,0.5010879514399724,0.9999999999999999,0.4064738666791981,0.09937187385910591,0.17924117419574576,0.3657843047570274
2265,0.6541794752901404,0.5492803984775709,0.41029549401267196,0.4034911399653388,0.3538595043834133,0.568770350203934,0.5728341546260698,0.3659050856127584,0.3676805610789155,0.7353309073902998
2266,0.6200456398909913,0.12826561503615105,0.1545162907523885,0.9429672020104971,0.5385072568639937,0.03385907756172114,0.33397706997248916,0.079545354784451,0.23229767061103362,0.9754130988651111
2267,0.46481890303824663,0.034157241761195355,0.7380163638195743,0.8773225776916775,0.8286239098092107,0.07678105552796814,0.3163475575430558,0.5413172683935726,0.6541809414782747,0.19207183853766946
2268,0.1568920110144556,0.22399550454508946,0.45520945507050414,0.42126243213829095,0.5460789709627789,0.3736546397733875,0.7680304170554186,0.7000373590547377,0.6046556926888154,0.04947465576938104
2269,0.41930966067170766,0.2605842389868285,0.36427835291164834,0.365950066172659,0.7028706387224604,0.10669929894597165,0.4887315403059363,0.056013883827508146,0.2707107133467636,0.37723094258909107
2270,0.5838045535436385,0.013903300893520812,0.2903349043074944,0.6769203367273474,0.5024840837568317,0.7698677533493349,0.2922740379426105,0.9222072988169175,0.6915717505013583,0.5168465425866522
2271,0.2995083909622994,0.2158489459604912,0.6445193675653021,0.7556352956144387,0.29845961752518696,0.16485498912563545,0.6746863254484894,0.3738086881170358,0.36943254536521747,0.24517298646724972
2272,0.6243517344014772,0.7382536035030165,0.258629082538232,0.18592791243678955,0.36472128792732517,0.8727620340459397,0.3930133541609346,0.234373850244378,0.5757234167546703,0.6165407170263876
2273,0.6766366693600148,0.8554078839512124,0.5257691792067773,0.2411369486457209,0.28066451490811906,0.06102271904128874,0.1336867851893641,0.1293666655480718,0.6203323663015381,0.30582692902139624
2274,0.5291833489951981,0.8982244703670599,0.39193306331596167,0.14630061301755512,0.5390036596401668,0.6362568504288799,0.28951674859934345,0.1451481020721131,0.45562063504534717,0.9819242762504873
2275,0.0,0.38973110797378807,0.4027925876062677,0.7610229048137038,0.7336111559450174,0.3201908436703526,0.4036053686527526,0.8497872933340315,0.6749940798745337,0.26530302638416114
2276,0.26410548259213057,0.31920700645650835,0.2949719627362135,0.7147115764900386,0.52802170838271,0.17419359061227888,0.5394913386795481,0.47979394747706006,0.4747633624711049,0.8029725930531146
2277,0.8611208543671002,0.9998837885805507,0.38509418409474216,0.18912161935663943,0.4373444545719809,0.12183111484600782,0.5305937387546347,0.7984053409358511,0.5664936539433714,0.9646406170657409
2278,0.40212970214817706,0.7692855876396467,0.5024245912570569,0.5371027519552071,0.34414004143612587,0.7425534751951314,0.7254466992014548,0.22665358866942503,0.450062947662543,0.49951689732253957
2279,0.13089162819651662,0.5372189185109767,0.5446658463155836,0.7645720193336933,0.5656307035047647,0.8026651158596239,0.455169795472156,0.31758879751858143,0.14721772530424843,0.19920407484016833
2280,0.7383053805803879,0.25454289562137616,0.3542714640168534,0.9474454916749198,0.25738944806646086,0.3553233467809993,0.4129861342754882,0.4123139735348057,0.4786719625627786,0.8903788415251539
2281,0.5077667567042178,0.32109937192069904,0.4838222387776082,0.17858560989687225,0.27751186434688396,0.39815397521956786,0.7286344454492137,0.45424527517557833,0.33616265823195784,0.4023058565434344
2282,0.7137199194636167,0.5152237652851267,0.6664740872537346,0.3044506659324071,0.5010879514399724,0.6503795590117976,0.6794897910184767,0.09716848765527449,0.7666429882921748,0.5440995553059809
2283,0.5575016778493813,0.5419513541142844,0.1907079691756243,0.3484809349226292,0.44315631340215556,0.26550434652370497,0.4595197634821632,0.04445669512944135,0.24297601704210975,0.04898128509865274
2284,0.591764875690095,0.013368735230515488,0.49961198086283876,0.6252458934345893,0.43934209789621836,0.1336853635557009,0.5527893084862805,0.9959837775207802,0.7348689318249964,0.3480663467365166
2285,0.573737142085482,0.9594093696064868,0.3234639591274401,0.13646241847985038,0.4641758586946613,0.20793737156955883,0.41120203515602,0.6664115322401478,0.46817806419533864,0.555930979496453
2286,0.6368444838170518,0.575485996237407,0.3044600006028656,0.19349888895876274,0.6372809998447406,0.05390070659829086,0.2844704038912987,0.05423018152034674,0.5793108745835438,0.6929709656468175
2287,0.9349377249270145,0.5890425672715563,0.5494586538817513,0.7807769559582828,0.528890531143094,0.8782676065898608,0.9043268851251545,0.7725043750321764,0.23998565837089564,0.9511491217645374
2288,0.6884500916408826,0.21122798226754186,0.3990940398124977,0.542284016370306,0.3531456833794585,0.4375086204688119,0.3989196366738556,0.36077882554847646,0.44347726793686776,0.5834743072919727
2289,0.207078731576878,0.7649308462329241,0.2738525142632269,0.16044083603457024,0.3601069770195623,0.1806547494838464,0.5533360484009369,0.7964155867359971,0.37587710997482776,0.27135494396565457
2290,0.5895201096931273,0.737198830762953,0.7477542960109717,0.3885923608575522,0.45913808797375977,0.33210924812919984,0.21930266393172365,0.9498594998406861,0.9017130790343324,0.5571446758623754
2291,0.7206141024776485,0.09487556470281144,0.6723738956399009,0.13453687735875838,0.5553353260797822,0.06687604923874936,0.6347914642591934,0.026014982496921538,0.371179767167139,0.07086418975324016
2292,0.7321647024991244,0.594880664891964,0.14041428211867055,0.3628377603502294,0.49000923097715127,0.027791655452169352,0.2764078925859305,0.9643598347885515,0.7212584176152115,0.14804539985193832
2293,0.4247578473252586,0.6581013685784394,0.2258065480633988,0.40036432619076456,0.47279803506245255,0.25802592811045594,0.8085128262128547,0.1652954126357301,0.7239158812055555,0.3518022514114849
2294,0.7250410769777998,0.8355356640164533,0.6114583353909301,0.11214278661472551,0.5058303161388941,0.24084183324462047,0.8305533148523074,0.29685482902816873,0.7185790691888214,0.02219624003564602
2295,0.680287332557504,0.2058462116261823,0.4476533605106894,0.05984172924603867,0.48987103469742616,0.02975337572364481,0.6032741293989221,0.6267874774227028,0.3893170045031636,0.07526724039727328
2296,0.9906128251385569,0.8776164842851865,0.7806319014440956,0.8819885921909254,0.34593056761759056,0.04648811852790788,0.5201029884801216,0.7158300182835202,0.8450335137497422,0.00728132748530258
2297,0.36374144420053106,0.46132230185127115,0.6157252325276962,0.8880375756607803,0.7110115360176245,0.0890977278658551,0.46432497482110896,0.16976890927450644,0.8844133757714896,0.18173985064485976
2298,0.4095138584929758,0.09624167152707784,0.5566301632195815,0.002560814328868566,0.40358568209089807,0.5747932946084736,0.49013317522735084,0.1363414421483533,0.5718853693433559,0.8255348989630158
2299,0.4474903524721337,0.10534234429225962,0.31020807547967477,0.6414801026344278,0.5218725831467077,0.06371146566586898,0.5744153902470059,0.28616122821408646,0.4137249001472901,0.3513652870071051
2300,0.4127549726278385,0.1975566895032898,0.5924326408359895,0.09370289543876215,0.09835301688603093,0.21912585939556825,0.5154649531851851,0.32524049494449236,0.33863608180384613,0.9024516466775441
2301,0.33732356433777433,0.28253161228863927,0.262856570723067,0.8104954422398476,0.45525726649438847,0.47876359416862646,0.6800441516015072,0.3178583670939638,0.5917653361869433,0.8849360767791202
2302,0.0,0.49625882215839967,0.7442036672125604,0.8799481549615671,0.2841874061302846,0.4706532378837943,0.32946671500676067,0.17085010131117195,0.5144710383037632,0.8634532025256624
2303,0.4232306312954897,0.7486893853198886,0.5795081676915304,0.6168798391363015,0.30750841506152987,0.14602310013367353,0.7808585495099569,0.9708790280514933,0.5368530170364494,0.21182043913828869
2304,0.5749349947777032,0.1864743986932065,0.3469537262352378,0.6134185478853862,0.9653943748900714,0.15037397752594306,0.42091919331083033,0.7980283123370763,0.24607422881726332,0.3423542162395047
2305,0.4121890095312117,0.9926723017221122,0.650850032837139,0.3716333163836092,0.5451429056954995,0.032833467515458875,0.3612804898011845,0.9800982310025846,0.5084007958503263,0.46829972779457996
2306,0.8704020867748911,0.1612619217738788,0.9188159681004903,0.24956459370498532,0.7340238104371422,0.9999999999999999,0.5658125615220873,0.10315086923465512,0.7194482966526936,0.4315603793268069
2307,0.5077705719039123,0.5992657398750981,0.4601964549666663,0.49948147949898336,0.6623167643417517,0.27469954590719675,0.5776106905527381,0.07505235459715177,0.6570090059473488,0.07984355728619202
2308,0.74882990390778,0.9289394396755655,0.6034308346918731,0.1337595477321543,0.6870636999369102,0.5640243522123097,0.17846550332112704,0.5357560166870968,0.4234664459096367,0.23884305412725415
2309,0.554570019202346,0.8324738792756001,0.4202467877937236,0.6725151851861275,0.4583719518503929,0.03967551842161832,0.4101341517027635,0.6143016875069206,0.4814253163039068,0.6201976044277302
2310,0.6611680846978066,0.647793346993211,0.516698943020554,0.4702841074297017,0.8075996026105925,0.9999999999999999,0.0981317527253111,0.6350046962397097,0.22318801188325615,0.6765239829140088
2311,0.5579323966074905,0.7154199592876214,0.21968828813672334,0.17766403763665997,0.6606501408269985,0.018886923605095245,0.3742281954330455,0.09274329668308769,0.37575694626918693,0.36461730030768413
2312,0.7635003221093182,0.13393639709804406,0.5006823657377755,0.5885659048680631,0.504873121075598,0.0529174316037038,0.38217407871307446,0.8437825703852326,0.437542673566694,0.2969538899642886
2313,0.5158011842455916,0.009351789402671121,0.5089081042708793,0.795674811994999,0.5478051837493233,0.1282911653311106,0.5537914794170227,0.4894642282143834,0.622475227334617,0.5860439899407441
2314,0.5988517495965863,0.43398078949893215,0.8362865453587444,0.5890513371695407,0.4704300551872664,0.005523110717058579,0.3535462493773615,0.3678084892665495,0.3679496043893012,0.6634505388412358
2315,0.5743642336035694,0.08923461438407676,0.1660206780048699,0.5298860559223254,0.5069822959432194,0.03913275996515901,0.39722960661324763,0.5041985112328182,0.305325472435755,0.7109706929851579
2316,0.4508550786982501,0.357558782325284,0.4483975482627929,0.848088577344053,0.4884442521127022,0.19816378313890218,0.7394914556770857,0.03991117704930468,0.6460841527308963,0.8109548238606374
2317,0.5816563490907609,0.2235037839294443,0.7410094957627398,0.010741089146040939,0.5706767865369206,0.09283177527112291,0.8797783827331274,0.21464404756053562,0.42185488514646635,0.5838532635767
2318,0.9268164238397856,0.916341475641649,0.4556917629324313,0.6170123726001633,0.8334360149267033,0.31693421657897103,0.3289858153143573,0.9985799241719958,0.3427589874403028,0.37883770736825173
2319,0.45423016794926946,0.8800385036743062,0.4688266511986945,0.4098615853539924,0.2637566710108853,0.5507599091047225,0.6869730124214797,0.5523516635998601,0.6564822423375929,0.3478510017580766
2320,0.584388827263143,0.8189047267082024,0.34538185653729225,0.19363603148585148,0.7178402597967786,0.028472690083857086,0.570461651998657,0.07801733599828685,0.5893001110104714,0.03428100687262131
2321,0.7425564897538158,0.7138707382047155,0.32685418414542877,0.9800096669082254,0.4256512670621067,0.14343881938273592,0.17807458435929507,0.29245472658235916,0.4627257667167886,0.4163256574637252
2322,0.7203825081571072,0.15380940463407552,0.1602671625178216,0.4039805245070154,0.7424651595019689,0.33646518856466046,0.3529236062521183,0.18432200585227437,0.4354049612194047,0.8687778733768254
2323,0.5074574880122192,0.048069225074418034,0.38343515244112225,0.33539794218639696,0.4323804279861102,0.32821527693332875,0.0,0.9247412558032045,0.5742433832034102,0.6276436272956529
2324,0.05556457898317778,0.653794027809809,0.3162706113517828,0.16906701450604275,0.576715591332615,0.5650334827331823,0.55860827668837,0.8061720651770342,0.6044951449624072,0.5930434828672682
2325,0.6027350488031545,0.6421603819471015,0.5227948577749923,0.9982061431237099,0.4661530261876576,0.02915780751842469,0.30022253671868643,0.5466923232411136,0.5418298186427215,0.22376668086383028
2326,0.08649089384203502,0.3692344445263348,0.35388435085980385,0.8564262927350429,0.1621342936616667,0.48681576629381845,0.523617132824405,0.9518404153709953,0.525059958610788,0.5960567427082335
2327,0.7825851388216908,0.4725316786143208,0.4113394405111416,0.06998539042631644,0.8332431825295763,0.36089290609923835,0.9732827373704058,0.3725421536702173,0.3868949015964443,0.1803615522410884
2328,0.5372221417453255,0.4889999568010332,0.41644673684546496,0.5659951398526918,0.3145236616226301,0.5424015169826607,0.792862229493863,0.8649685559370517,0.3982790481416772,0.3409842522407598
2329,0.6938589244167988,0.23969458587026266,0.49179851627972926,0.14744983618256877,0.5131030424787812,0.31317291793874596,0.35738219441450686,0.46727784136317574,0.46949788179423163,0.5844671563539532
2330,0.3350424282214155,0.3139581214908097,0.4022139666884277,0.7160917617638759,0.29331085810139934,0.17175042907891597,0.31277111908909866,0.848621930217959,0.3195518698664788,0.045323823863485546
2331,0.21232986359890282,0.41821624085554426,0.3027625316733642,0.4842870862798775,0.23826538207195241,0.05935616000170001,0.7374791127409699,0.9007129434194775,0.2973342671062236,0.31137254027956596
2332,0.5544443572454275,0.6030680849728349,0.5167761944677713,0.11042054651549213,0.4572368868085735,0.6986631236535235,0.31350562466432036,0.4626972514168749,0.485093580449468,0.08846787929283306
2333,0.4989068310306248,0.9558272817587362,0.6998621936411007,0.5572761420097463,0.3820766189065188,0.08789062267931583,0.6817818966320923,0.1775441494474433,0.6901149948667686,0.16390044489081856
2334,0.41250617336551715,0.5383518293657082,0.5247395164268818,0.9110757406007466,0.270797244823173,0.22648672611579287,1.0,0.19192619120491583,0.10833122500214948,0.3521084103720786
2335,0.5212202519348883,0.731096161178315,0.38705220183756706,0.34133254351931097,0.49002418846190304,0.18830669759655436,0.6235299405011907,0.2884796443097488,0.42777582275164033,0.6928059529541213
2336,1.0000000000000002,0.8069589500769532,0.4778148373987272,0.05080976079500088,0.2102368051481469,0.875003338841076,0.7173730074125362,0.22251395447447975,0.5539137753728351,0.2673816748973614
2337,0.6626997811220917,0.11323190602196145,0.11834683498870066,0.945623101428269,0.5211478594842843,0.9999999999999999,0.6959723678810477,0.3879366035180077,0.7058566106685016,0.020019685599637904
2338,0.7032595043372443,0.6530305799223308,0.4747830983579052,0.14184523375888738,0.4722493532224068,0.04390063882490358,0.3961131904333535,0.5064430586785873,0.8440840077570246,0.39901534762856694
2339,0.6644754525381817,0.4819589131747959,0.4261167321016217,0.47525149920820386,0.017099915962590473,0.0616738849888891,0.5524499830617096,0.08659575625255496,0.45315734982882144,0.2209719230871704
2340,0.7843822376489717,0.572309619426657,0.3266947344355935,0.5449086863853457,0.39569415406188047,0.38161390187260924,0.3224298018651492,0.9096738663084091,0.8768791932474058,0.7782729270583719
2341,0.46938541907022097,0.03811537622340909,0.3605179764921005,0.2371773862240548,0.5874810380674507,0.14843701096433332,0.7369157175262286,0.001857507134088568,0.5886889890833771,0.8219607968572302
2342,0.11756786575277518,0.906207070467826,0.42427412945650955,0.1774804791597889,0.29115915523179847,0.055129795845929426,0.29868443439930553,0.13780661658501941,0.6568273707592094,0.6709551066456653
2343,0.4696657011082472,0.9527912009454761,0.6858703616408576,0.11317172918223911,0.5958723308891105,0.13239266592731894,0.6282480164167461,0.007839936252931876,0.29974162635862417,0.6129723162511533
2344,0.6583999423310191,0.003168573114642444,0.7044457369197198,0.06996824621459463,0.5805697307267403,0.10539268161064709,0.7077237102797895,0.9866101748049506,0.5882775432274459,0.7306125161797661
2345,0.3222712579868134,0.21254888622720766,0.32768972586300027,0.5083412758096184,0.300022850145246,0.37077128624577665,0.4081907398591104,0.4103481760196033,0.6732290318245164,0.37595294494516984
2346,0.47197132593392005,0.1799404658388338,0.40416189293741034,0.8423892528934145,0.4945020875255319,0.40356166483941186,0.3658718291389494,0.1955804628713414,0.3711780802759876,0.651129956941929
2347,0.3747282792247696,0.781253692027071,0.40891518752096045,0.12679789147096668,0.6564535034647673,0.719083576537548,0.46759496723032473,0.11817472831995128,0.007129627036450259,0.4196937339417536
2348,0.7886400533040591,0.5979673932036085,0.6517579104186227,0.700922393387991,0.3273539528742662,0.15760799789491392,0.33423945730616383,0.3700829484020879,0.5304491723497287,0.42979600477739965
2349,0.6466496019280781,0.17707898996687005,0.5279174704421862,0.4127915211065526,0.4570684663168127,0.24176347161702405,0.527763287182142,0.9759739412241005,0.4613078940775552,0.7887232702926674
2350,0.6281753712611555,0.8139311554169483,0.5180860321575392,0.03522121026363778,0.7193653081154224,0.4222443098131602,0.3297117467228628,0.5485151001290589,0.7575209076336045,0.7910694148396312
2351,0.6225266167851702,0.35327964844174614,0.600791812452112,0.5361998602433277,0.3309884813204905,0.31142420546685495,0.34307318640128576,0.3538777858247172,0.3998729977927002,0.4004139874328747
2352,0.49821896274227634,0.46069789576264664,0.38955255583086457,0.2521050597426535,0.585691503257993,0.12360132930397451,0.5998170430189065,0.3642079960645342,0.3682038192319829,0.9371530313888843
2353,0.5425205490848728,0.3871228006100033,0.7551401582276381,0.6055135453899755,0.2881329440655298,0.5698063567443931,0.6128539407708173,0.11683884782558164,0.27959544722880797,0.541516152253458
2354,0.2816339660087692,0.5212416533277392,0.5004557465702425,0.3494646148680367,0.4657434143046585,0.2488280612590288,0.44474816925818855,0.5167760351442302,0.38243816758603183,0.4871444124941099
2355,0.09272321029218782,0.4799899974384504,0.34115708989161275,0.6667399504958064,0.58328689970215,0.3485039668778386,0.19511722772980605,0.4238991261889695,1.0,0.5015195033186609
2356,0.5335632451063838,0.27436215259639324,0.4579541897916257,0.9189070568473203,0.03177702297867113,0.04440050015030354,0.7149460752373704,0.7287612749682351,0.20071057818876364,0.7793561454066734
2357,0.5663752917023593,0.424384804954638,0.7305305062807089,0.24463791888686306,0.39352522083843566,0.646802239619466,0.41616931831934495,0.19149969678910167,0.24846357594095575,0.9675462197625072
2358,0.7334031105458914,0.908329199779529,0.42149391908985523,0.9402539879791121,0.5799222753246457,0.012176727924560775,0.8794320292682833,0.13685319376503652,0.4918245810776309,0.6900420269192582
2359,0.8017163665975765,0.5027493440749186,0.6778696053015298,0.20438368976379315,0.5405622039610355,0.2660196697327383,0.4744766204033543,0.5812724552094144,0.8772671050284491,0.34125096460114
2360,0.8014640476373752,0.9163811770785161,0.38415678930379926,0.07070818664677,0.3958356495932257,0.27625031772087577,0.5239585670972409,0.7419263237452554,0.6430191074727145,0.5167753213195541
2361,0.3169462878980185,0.5499981971401103,0.35798809749650795,0.1927704718363483,0.2832216548337779,0.24954453511112448,0.4192414670774219,0.4972560706887773,0.7970509615888937,0.30716230992303384
2362,0.4387838268608463,0.5041605632076909,0.6237932271269254,0.8152726949882398,0.6184399978962211,0.5410233222992554,0.5438181542934142,0.7899839608319937,0.42898908690718923,0.6536593359012923
2363,0.5958732716692706,0.2933758748088288,0.3377889554222785,0.6778489905111533,0.43451559799987705,0.44598131060889573,1.0,0.8410714209112646,0.23805009747794542,0.9992254346778886
2364,0.9829502729805752,0.7903657391892909,0.6541813731091266,0.9712619438825376,0.6023627807390797,0.24832101547367566,0.4345159989130419,0.9166649691801779,0.4167993806186387,0.864934732187458
2365,0.7845024339742412,0.2640962992279514,0.5663578698077038,0.7101349154954878,0.5704233010677121,0.10949355726414199,0.7344063946294954,0.3778553006482075,0.4784499143954281,0.47271567729894004
2366,0.7164475108243573,0.019242044249730125,0.3378595675928091,0.4128020205520301,0.41033496890353,0.04273617288355225,0.5156289210319243,0.9043723379506058,0.5042226155964549,0.342145779198679
2367,0.4320815924627211,0.16046866553721864,0.4874573501072994,0.8928226625233056,0.5010879514399724,0.02479633240426866,0.715487197687569,0.7089507622786722,0.461488220889446,0.4527039280281164
2368,0.33861052878213505,0.02134565739624222,0.3984370485252037,0.9585504582789548,0.3819283863935113,0.23503626830807633,0.14244525000698255,0.6247532402832824,0.6143681718444756,0.31619915093901063
2369,0.654092935976257,0.9470677621776421,0.565863760086483,0.7920002051057223,0.7271439536599533,0.024220184655565795,0.8577650956310783,0.5535676042269796,0.36689164648251243,0.9916418111397531
2370,0.2975812774453018,1.0,0.8528474546653396,0.5568766527128001,0.7524516844507363,0.6501769547843046,0.5618297391294149,0.019156927018418965,0.3260002084555364,0.20186036321563605
2371,0.46026028511140354,0.762173000556199,0.43164628728863386,0.8261267724437079,0.6999985210516534,0.1858003735186156,0.4495010858826542,0.5601281906628182,0.2732885305280445,0.8097537744819296
2372,0.48359135083936794,0.10785013265882613,0.6003281207072481,0.1791079034894201,0.46195238694467744,0.4645739531496762,0.665579179474828,0.7789347446185939,0.5410916820051608,0.41431239917301516
2373,0.8057872379368248,0.8989343404396051,0.505339193387407,0.9007453577960116,0.9895521117568125,0.9999999999999999,0.5254591681971295,0.9884507682605302,0.5222314198312197,0.6516629550256994
2374,0.438324922298768,0.7437126917088587,0.505267776967749,1.0,0.5262486615682888,0.3356489428379549,0.28710629054710607,0.432827542662507,0.7094884607025842,0.9228299783328533
2375,0.04502509974348222,0.33204212651461684,0.4699710659631642,0.6654271944830091,0.5435046894664465,0.15652427241793065,0.05177629833158898,0.9902421740324218,0.7960367773218404,0.5920653390394502
2376,0.6004222565593332,0.5021329114207049,0.3408764137681586,0.19595999202736744,0.4926105551865353,0.09716620503222519,0.8358393987181043,0.1706267783302302,0.2727649760565322,0.6168101156058601
2377,0.3733599980991834,0.6616681679458758,0.5632832917070264,0.14448392241976485,0.27835029396157007,0.4150920517464507,0.4577868072188193,0.9582630060050915,0.49909834135951575,0.03594844677042003
2378,0.513290255618474,0.02374406725910892,0.4469320104767338,0.9598369377820772,0.7473801609551582,0.44571913917698197,0.3858115865546558,0.589472369238559,0.46312744647405263,0.12877270337381874
2379,0.48888802933055725,0.5013956629646092,0.33203975358863924,0.8717348039235856,0.3861594470485626,0.0787230126597961,0.40015066899431745,0.6624354787271665,0.21019452798194288,0.5404907109347371
2380,0.4536062144893583,0.7323281005454881,0.6899201141409947,0.7490043465642272,0.6747555705541376,0.029498639497096333,0.769121076003731,0.5734867742674143,0.4018000544608224,0.37060664079484673
2381,0.6543632482238531,0.1879743746608381,0.5192459909333828,0.9495370451991716,0.7211668868437459,0.38140541101659586,0.4084732180693243,0.9829258576065746,0.7997655359208513,0.6091176030652037
2382,0.21603590108970322,0.44362583284805696,0.4582416331546305,0.50361630629723,0.613576561702045,0.11487176634473506,0.6178002926765922,0.0437509123864399,0.38194068305282897,0.38420978485637014
2383,0.40770001759976576,0.5323953393164669,0.7506959721975363,0.8881359342931778,0.3630321646049863,0.2061761656949919,0.43716172432895334,0.41016273955758487,0.35035036336735453,0.17491125035585947
2384,0.6343067497566568,0.7354991091455837,0.15835972700524306,0.1628760393139201,0.43090401924379085,0.3809604681146445,0.26737563704316764,0.8752400333240608,0.49225203141660717,0.7967494861504645
2385,0.389385375366277,0.9644647007929515,0.7381567796448162,0.18287464793311156,0.0,0.4028474119098971,0.6652055385145694,0.1666282998047865,0.6753431861394021,0.8451372826048631
2386,0.20170768868936478,0.8482473263519056,0.33662981192578534,0.5125597153561205,0.47434981024399575,0.6348281473385646,0.7024256691269775,0.5693978983042495,0.44425874274972715,0.968036280057526
2387,0.6313855988338132,0.6214136650757298,0.5402310359252411,0.3326435228478345,0.6521437730277868,0.9999999999999999,0.3735617990260374,0.5233508296104553,0.5263987278620859,0.20067588024683103
2388,0.7171451252031157,0.583523135445204,0.3911097308141026,0.4326991813381835,0.45093788493638753,0.33610420057775475,0.4919390040629337,0.8073925632323578,0.06811484660869066,0.3114261563772867
2389,0.4967575061452328,0.6030757507203331,0.32864535263736094,0.7985452828642003,0.38274026166419906,0.1281393139584374,0.5168052115713673,0.9182893357093994,0.6108709569973767,0.2807523642534676
2390,0.13528727300139132,0.5450481218303393,0.7458153620384143,0.05341281504930109,0.4392854757513768,0.9999999999999999,0.5810375388884927,0.25843166140094254,0.5441513407464651,0.9301121416005602
2391,0.6384447059540262,0.05906839024400921,0.8469576062337786,0.7211565121181144,0.7319626104063024,0.05938967676303068,0.8626367305004845,0.6930303307817159,0.6702117456391679,0.5973856721091013
2392,0.19207002423778263,0.6982175530063565,0.45952347559518414,0.08825064691743631,0.4863620176367127,0.005128809982741458,0.4391470635664774,0.5474772648499422,0.14733126847817485,0.9224333256147768
2393,0.5635091561730083,0.716264047421009,0.5633457217001453,0.8478720498353551,0.8562492739346454,0.33448408959373116,0.4380078740861147,0.6626523789621626,0.4446754401535678,0.8903318163800067
2394,0.33780598837675874,0.5123388053395131,0.5114097435936226,0.2019735267546677,0.3864824558612358,0.2310474393269273,0.46655759893344156,0.19993549239327518,0.6853153691849025,0.24523806210457955
2395,0.28641595193616665,0.8703668468592645,0.8235132766881882,0.7352580885355612,0.5388963465488292,0.3609062142224149,0.3250537679366821,0.2722792740348677,0.3963346001448013,0.4277920086326505
2396,0.42187019271392406,0.6723492332237472,0.10668755432846791,0.5921326927056463,0.4130461136443247,0.28915471937579795,0.18114251267921605,0.5496371452827465,0.511839999808579,0.41358904556833725
2397,0.47066351545642054,0.3624725361662212,0.5711130342520435,0.3857804257092544,0.8981398405621226,0.016514455056357125,0.5235869032576506,0.00237159578807776,0.4243207206537724,0.4868730973804486
2398,0.38370187335656863,0.01938647493619325,0.36517515531594935,0.2676401941832314,0.5316377071754296,0.16861456706955105,0.5961957585830902,0.7163270741743976,0.42897558605572067,0.9977060464081615
2399,0.6163196288051479,0.05886708856373453,0.06140385635623555,0.05746652612247033,0.9085055487403132,0.7019175467023199,0.49935823043263833,0.16109999020876348,0.7238719794270494,0.17372331673529767
2400,0.42108543137000726,0.3516024723998849,0.4335437892468713,0.3535236791550461,0.41561373751585484,0.10828305536813078,0.48733549331365195,0.9313469443366916,0.23172614824767462,0.7724274112359599
2401,0.690182970304718,0.46194676603609125,0.8454343506870668,0.20060184549422552,0.7923531250428396,0.7319890660506374,0.333077313816668,0.8606051347774976,0.49258958880643716,0.22757722190548618
2402,0.5582968405841551,0.16661291493294353,0.3784307363408522,0.13595583906610906,0.5197028761485019,0.2795064662560725,0.5454775404251704,0.6231908800669228,0.549970443163202,0.7393774862061084
2403,0.37363633810835994,0.18907768144199183,0.6482555186834967,0.7388189296788688,0.6587097367750074,0.1404645394159237,0.5302471417047134,0.8910759243806091,0.6803604869513273,0.20266388551420556
2404,0.34186698602883,0.22997453236455923,0.724328380129275,0.2125935991951934,0.2609525843230698,0.1900612244765759,0.5865299833700688,0.9873274532590494,0.4789721334239226,0.5270574231925463
2405,0.19440798767718548,0.7804622472906505,0.4984132181104536,0.2232415566954565,0.5642705403988493,0.1017151023341148,0.558628520413474,0.7748973270388689,0.6862080210005943,0.6677581473378711
2406,0.5601005617221814,0.7712336349394813,0.5232455778441512,0.3406189845196561,0.29008088525271536,0.3403955884590851,0.5715704044098335,0.6264743930236,0.49176225031024196,0.43184634535942096
2407,0.43834563029437407,0.382753706574189,0.18069886393048082,0.4628469486671484,0.5466072460482725,0.14301490076786516,0.7422395384501874,0.44900540497003916,0.5248515820363295,0.9661669954525522
2408,0.05767643466766746,0.17210803105684347,0.36721960575834134,0.5139300446891398,0.20317993813649093,0.6172597359769405,0.6044841695179224,0.813528876338948,0.5175936026387509,0.7055360569644249
2409,0.4041717005881607,0.11063129233182989,0.6699341788401064,0.6648330233966573,0.4786796070368354,0.04946835846091175,0.5875850174420019,0.7043295989409112,0.6266300299760521,0.15727725857426295
2410,0.3352456501517408,0.08684419356681243,0.5120975110579659,0.5887737955998784,0.7087989468360296,0.3785310862718601,0.17738769959478357,0.4723792222829235,0.6050586611106876,0.37210479200178836
2411,0.8025355447663982,0.3910967870086666,0.5692887329233327,0.48188643182799407,0.6027896120817591,0.19618515708077816,0.6932908027136333,0.499792177453393,0.2906829725662026,0.31394417484986825
2412,0.18397767923096764,0.04524327872427349,0.5256144395530256,0.3941023635042509,0.2581983610821402,0.18348264948102233,0.4439472361640711,0.22851267761094501,0.5433705045090313,0.2954598092753319
2413,0.2333021842465825,0.33343311755816596,0.909580522683148,0.2658893498551401,0.1296783260661319,0.49883651231522935,0.5135212791192592,0.7885399955934926,0.6048553635773954,0.21170468842032664
2414,0.7146687876691349,0.9615432468446793,0.42049100182533494,0.7102502718471683,0.593000399038765,0.04942176343617129,0.2640373675299548,0.8783405500156483,0.7798392891059769,0.1856691510508951
2415,0.7612321882355974,0.5073613793028302,0.8001832570370732,0.3176282715220773,0.8027246159311352,0.38105985356971767,0.8845169637950836,0.015918621628269,0.3105172705298554,0.8701578418773136
2416,0.36468835838515634,0.8226077844211905,0.5256789004123992,0.8499533510143295,0.3104244712946752,0.5501749476465096,0.04237789715412893,0.11139757497091644,0.6044345885325957,0.9893397944882651
2417,0.3859890544139743,0.1289950490810806,0.8167420148325076,0.5864131171310768,0.902572739375985,0.29168983941467874,0.7734835278789876,0.9913208005407402,0.4360502056749563,0.15997812126779437
2418,0.6215142104292098,0.2678547367465819,0.27232791845770954,0.6342169418176457,0.49562184030075784,0.07468441134560569,0.5773538597321863,0.17765035122960737,0.5385898592324343,0.7912490437473618
2419,0.06618480490322477,0.9465513906068538,0.5352179684686357,0.5090052646125213,0.1180132849636168,0.32475060569328296,0.1473520441959953,0.7364436809798467,0.2981988119171755,0.22750144044256598
2420,0.15408895018154345,0.3833668249601029,0.42736020835342614,0.9289643875254872,0.19496115923631135,0.4662002212905762,0.8746498576526662,0.48058742561698,0.4995985513513376,0.5216433485779643
2421,0.45227995191254805,0.6483104482479367,0.5267921146982107,0.4217704519167247,0.6458068983229104,0.035045417979309205,0.5937027216222683,0.5211229230732558,0.5627301645459868,0.1970879524630198
2422,0.7976702158451258,0.9761417089759611,0.7287490874633363,0.42714581076449154,0.5219397971808242,0.0717996301712088,0.06376294786463477,0.10787385765150072,0.31783719121500914,0.27106674285487353
2423,0.42303618164274265,0.5506591286506615,0.5714274966769269,0.8934064528558638,0.7835796151462253,0.3573320748680357,0.42095648670174585,0.13736371669972253,0.777375258396422,0.4106600123718678
2424,0.5242910098524892,0.305134481722728,0.7283772946521477,0.6051662134476764,0.2651279439201724,0.3317140594173946,0.5975312557566508,0.5777199488540304,0.20877100554730516,0.7050303906276183
2425,0.7191629209558064,0.5318134697612582,0.37578773678033006,0.449336286392227,0.519797931264345,0.3756544396036234,0.8150223502227965,0.37730562948541924,0.6042654858711893,0.4740020681185783
2426,0.9027602648505997,0.05434111433671089,0.34732599397549535,0.2622525785930966,0.4981855915346849,0.012774339720624847,0.42339364126860984,0.7974179283516742,0.040788245824633196,0.8100478108884749
2427,0.39641087949784776,0.11209327463274915,0.5037846453384446,0.2451380320379152,0.4692149251302057,0.07043358096682614,0.0105132059844526,0.9720503115052462,0.45369943312773114,0.09653690663922693
2428,0.5020702663651903,0.006858999629351734,0.49357265101304004,0.8017841010077226,0.4228711877828916,0.7867023511117479,0.768115673029883,0.8122826011845925,0.5932619388946816,0.5718264729832779
2429,0.8490204788117308,0.8841939482750467,0.46611913661260806,0.2795755147032114,0.42672190733355075,0.11248628238808038,0.5908310673461492,0.40561075412509506,0.6375254853931838,0.10665122691463497
2430,0.21804821795942697,0.6711924690753355,0.32200038151292865,0.005721083955897072,0.5306590649525527,0.15628890650420033,0.08696791709435664,0.4819261968011693,0.48212228509323213,0.11774808103263168
2431,0.6991242458451422,0.2981159295726744,0.7243245369720529,0.019450351942963406,0.5554052084403759,0.3236791596163101,0.562138006646546,0.1562165551974758,0.45623733700896846,0.3088625611197907
2432,0.31311773636771756,0.2209215383193401,0.4331135243199019,0.9788338872578406,0.5457322684881234,0.4079383822568206,0.5816725811722674,0.695579629292041,0.6099433048095693,0.10492181415272006
2433,0.5245807322592801,0.6829926226962227,0.7667386171731455,0.5600764762419176,0.7301485612209353,0.5659404411628315,0.4389909612394895,0.44708081080458495,0.6827469768292285,0.7754495803707276
2434,0.4594711210632418,0.919527893140988,0.5031577011186492,0.48923056414927824,0.264517923857382,0.4022471670819649,0.34626033822584407,0.857379521584188,0.7642386954219276,0.50736447767439
2435,0.32449549130151323,0.2989255286501394,0.6217103531886631,0.9182794741752847,0.1464490120537893,0.3148147195737041,0.38640165710791025,0.6518884835507914,0.25691338249093115,0.6445377414371839
2436,0.3197616110474784,0.32135311403476907,0.6047915921684358,0.3518300917468211,0.6935864840766314,0.15543810125286403,0.4388733364943362,0.1700810197737907,0.46402245449008267,0.05620434852562295
2437,0.5573989807846292,0.8542145168668505,0.34705738735907155,0.7953443829822269,0.31437444661160224,0.8093903128717381,0.5643566549116643,0.41068106931999726,0.08541571888587723,0.22475932687448896
2438,0.6930788175862772,0.893362816162727,0.5692628995532616,0.7221229354211427,0.4234768875419221,0.10125522484655794,0.6443692828642682,0.6768244684497896,0.2423443712794448,0.5232652449672293
2439,0.4807691243992776,0.9140305403829162,0.8604070035806283,0.47729692206905927,0.3784811217191777,0.9986018297624234,0.1026004073241566,0.8579184429032983,0.36837310533740825,0.08195434710772287
2440,0.5184754065773588,0.29293862562827544,0.5477057319205556,0.7749693430303096,0.37433932734462627,0.1466190896974335,0.5461361409881653,0.350464480791429,0.666475159095969,0.16053391317851862
2441,0.6130123307241636,0.1200386488995379,0.6688653932250402,0.9662038501905632,0.21480994261173647,0.5632124558123501,0.5889387495340446,0.6693647632511749,0.4107813233645326,0.02182086489686319
2442,0.32192817823181796,0.43983155117956635,0.6300733657259137,0.20068050088181524,0.3867157129945239,0.7873125132054477,0.5301146961183374,0.1731326407542929,0.4472436856978858,0.911488740607461
2443,0.644807298042333,0.29555016389375216,0.558044572022573,0.017498228667200078,0.6224760935867003,0.07740568388435282,0.4242041064536796,0.9047400754531528,0.5591405173938777,0.43120628876147415
2444,0.6598352548108105,0.8838504576283998,0.5355586048262587,0.8218134121480454,0.49611737139988205,0.03369120801574391,0.7608808309683999,0.5749774072369251,0.37474833670035773,0.04496138223858093
2445,0.9964822435307992,0.03633278081159646,0.6028531397762219,0.4037536637904,0.5944632012533164,0.5908682451819692,0.7469670255381229,0.7685368150135485,0.1231942209176366,0.4604611843852977
2446,0.43428600950647883,0.6337798868357072,0.6431300636133338,0.5446339255914827,0.40092208516822503,0.2527247107204238,0.4313343089528348,0.39654014012302974,0.3604305169328747,0.8875456969196148
2447,0.4188190052237501,0.9061726880679596,0.2486082768555384,0.22254550935113657,0.671512757345023,0.28149188460635555,0.4835766524060548,0.9405924367854207,0.4792060569319862,0.18989997310516682
2448,0.6503304064527354,0.9766854800873898,0.5469020538774535,0.842157131076277,0.39854682322277885,0.1733309704516772,0.6413211673497028,0.7200110732181237,0.5911391024534183,0.23781919730247303
2449,0.6597901753966587,0.6500355011291651,0.46645137655570323,0.7215190937913603,0.08902556168652115,0.11289787346669923,0.7355687372568871,0.15318395517690525,0.4629313664353005,0.9822383024721099
2450,0.40429013461427793,0.9499290427024291,0.42776302801991384,0.9537863755627314,0.5581214606537734,0.07460599453899946,0.3484300863536674,0.5499764830424284,0.5879798943813217,0.8539059166170859
2451,0.42918078969198564,0.07537047292023649,0.7424729579231498,0.47545146196091703,0.645310877508046,0.12812270639448317,0.30586717500435273,0.2713572415138293,0.67781579246712,0.5485029831172606
2452,0.6073439691924167,0.35908508138081996,0.3640524632648754,0.9769954422648712,0.38870580293038137,0.6855423230388743,0.5494924624876378,0.8333393389498082,0.7150244081789814,0.18596314650039025
2453,0.34910368014610865,0.008403112886433904,0.24066262510403,0.5110713776517377,0.7288368849153853,0.16285319439338122,0.29158943021222966,0.7827704804813003,0.5348761435119667,0.21947770040519426
2454,0.42779001849752457,0.9812004088055989,0.6491788066699843,0.6216889880734547,0.33233084205154534,0.49538985448691153,0.1400261492548444,0.49429903957901866,0.2861043156576632,0.8614550175621838
2455,0.5221506928672686,0.902716635016919,0.23588370968135322,0.6744186062098115,0.6266146032544392,0.5870796148481988,0.34753474428390124,0.30155201636039725,0.26561410932856405,0.6755190146593066
2456,0.6931541656121646,0.027747498588672554,0.1412279403689636,0.4899777318992671,0.8343648793882544,0.04204593336613487,0.5758783093650455,0.8526796320879846,0.2833100728573659,0.3509058950963564
2457,0.3911751623879403,0.017824244702052523,0.6701691757219822,0.5630200854047086,0.5039825887163544,0.48329087726797193,0.7855688088039594,0.8504755259527806,0.2979350022163226,0.025907502565658158
2458,0.15763775235618388,0.366778825354211,0.5303821418511673,0.2233906422984749,0.5010879514399724,0.0014314339496174948,0.36812860469740777,0.5049968592658357,0.5210259868600415,0.1359686722057849
2459,0.14363572353163,0.2583107009774937,0.5889413160361161,0.3625106666991432,0.4764380462011736,0.10945987727527083,0.4759767992989557,0.7171592649540579,0.8607156124572641,0.7292170865892464
2460,0.26762901638867487,0.8469036022186333,0.41827025833318,0.7022972428188566,0.8118343760358306,0.15246711918073488,0.5276059814367167,0.2851150841683865,0.5423985372853168,0.6487305870752188
2461,0.25748693718402016,0.16022404309596547,0.24259526719499055,0.03898766484818683,0.5747869092146481,0.23467173597566995,0.3792299525727348,0.3485065762151716,0.4861837029069797,0.35874445756105405
2462,0.47607595451806334,0.7906017914896039,0.2796368499412599,0.7007163900953037,0.9116248596268943,0.28654526342508674,0.3647336923225479,0.9441096076132164,0.6848800782616651,0.5919369964211361
2463,0.28093670923762165,0.5543323116396881,0.450019046632416,0.30389627542307696,0.5508926223789484,0.052220335237934165,0.5607151822033221,0.7361918758008319,0.3447311656720807,0.7551076542605137
2464,0.3726556597218724,0.37720462030798463,0.26348340097516776,0.27194175996442915,0.37041578542581743,0.008789751115426089,0.27796263608415644,0.07159267839445495,0.7001058310684536,0.6438085926034007
2465,0.3591974031316315,0.14545441829750083,0.5580451778876885,0.693788545891642,0.3840117274694407,0.10343648367692976,0.3573070195198694,0.45746271201661526,0.6860244993051843,0.2394648792662213
2466,0.42213474246290356,0.9977135140833976,0.41453468084920286,0.21502488992139798,0.5087943372027294,0.15842246053995265,0.4615253859173038,0.3954328347509847,0.5133491713828613,0.9515073356141007
2467,0.7547684550237741,0.6178801735700158,0.535289552945223,0.9621070128890712,0.10203057598373322,0.1531338228629927,0.5584043659423084,0.2305673444557768,0.8999089249134387,0.023567879981764406
2468,0.6301388906735323,0.43921600406389794,0.5297155832494226,0.9911159622857226,0.4050018819812564,0.9642226839400698,0.2193212760792052,0.9950293297162031,0.7140115789303494,0.5562515335284932
2469,0.5082901037860288,0.37093829120113553,0.5729175881671097,0.45829210049594626,0.40929441810191036,0.30349270392482414,0.47476815596296035,0.13530560486286403,0.5107640812263017,0.2232629925742482
2470,0.418263460028697,0.9057194000116613,0.5939324829498751,0.4015839281517982,0.543259670747385,0.028031432854494633,0.2607245631684279,0.3139006023459452,0.4748499012924284,0.7075068395028707
2471,0.4235073808379884,0.8211544454213082,0.43664512145044465,0.07905460231862843,0.8724782082844446,0.14953733734933589,0.37266098560410793,0.8487086134747914,0.4200868635408059,0.5617817200658273
2472,0.5670839897515798,0.8111450484359717,0.5350906028797575,0.7785577809695882,0.507480816456012,0.18926448228325696,0.6444184988714037,0.13178692720437418,0.4773031295574605,0.1956544642624921
2473,0.6154641444224697,0.6160919222562621,0.5447956290896196,0.16277967752058622,0.12498332573412274,0.5040639711358059,0.48528017401969653,0.37581377266604393,0.4828014098523264,0.5058604549900456
2474,0.33400352241479014,0.8879417539125669,0.04780341413928088,0.9334582516820904,0.3201032545380478,0.27112484095755285,0.8068727713600088,0.6340395238112599,0.44144448402992625,0.51971277276482
2475,0.5121298627630725,0.29906485672928523,0.6213554172959065,0.9910296277918036,0.5476114156540555,0.04360338192352585,0.48558425245583386,0.33654446976819447,0.46149117398343903,0.4202682068099958
2476,0.12193409906419224,0.7036291194397689,0.5287446990903077,0.1224468976105649,0.5148655311606349,0.6601028275391765,0.6775177848050495,0.4085173935669484,0.27559222828277713,0.042112991821674606
2477,0.5451916947255591,0.4042697230396132,0.6059738301395322,0.683301136727944,0.8110916419118892,0.20196671486568155,0.6455529006114458,0.5499043160437678,0.39420657173534385,0.20672925536258768
2478,0.6490442889625552,0.5998867902545604,0.2607902648957079,0.46618731804159397,0.6825828468138987,0.2243026142313983,0.49646638881005384,0.9527462458287882,0.19869511864913075,0.9688206147093925
2479,0.4524053771560928,0.9981753645644145,0.4418907647333049,0.5413757867056673,0.6767874160807431,0.827196454096484,0.25614918008513415,0.8709117245222016,0.5808744716692129,0.18844099376348789
2480,0.847977449114593,0.9845425449242399,0.2972155204054433,0.1796381198457259,0.4548783805753333,0.022914143224207994,0.4795084419065641,0.1114616150818472,0.5173504521019283,0.4587323426786905
2481,0.33898055221380086,0.5124775063375434,0.6396461048792796,0.7238348099882219,0.7094776826400495,0.15692234023584975,0.40060198514915074,0.5692332924549548,0.47885210927162875,0.29399832285062627
2482,0.5462721583674826,0.5737426128344567,0.238732863802091,0.16667019257637314,0.3235819499335342,0.06891417015118854,0.3934708334817974,0.6531564453918323,0.6705068161437076,0.7568372370589014
2483,0.4984877292791911,0.5041605632076909,0.3275909539194486,0.8856883825316464,0.6841722399259662,0.018235378190128552,0.5276568955429757,0.32540311656816906,0.3380857209641623,0.5780657741428217
2484,0.48632339650222706,0.9856538517168285,0.6004284282658815,0.4541644071877855,0.4422503313604456,0.20691069612619986,0.2314393614114893,0.26379725229167544,0.3670982504450749,0.7153950820747571
2485,0.48367734464352946,0.7785560671967685,0.3834054465350756,0.6351411880478348,0.21679656187412388,0.9999999999999999,0.3376691278254231,0.5975558104178132,0.22074153124423918,0.6369582108
2486,0.5254547930673896,0.06489193280247045,0.3276402121325034,0.9221963148687482,0.6116259106713229,0.2426690926054505,0.3121654854088987,0.4146789177480392,0.6964932133133197,0.5036714369153873
2487,0.6652342694868657,0.32243410371693376,0.6698804317385622,0.7382600546661179,0.7672007161005896,0.9391457836508642,0.45199768516242117,0.905092484580024,0.617179497872296,0.9606263247190152
2488,0.7651892527975158,0.8965504156928981,0.6775253262420821,0.5410776787388294,0.5010879514399724,0.1531947493082493,0.3571690811205787,0.16308755893519383,0.7547346167763911,0.7031692217385683
2489,0.504822348716191,0.768297309124132,0.6354443215284772,0.40284382002695795,0.7991583905981696,0.3507710833106263,0.36929766691103777,0.04053531122298172,0.8027962765426828,0.6888107126366869
2490,0.6590754618582122,0.7421690586465803,0.6590618592487164,0.46232867249883336,0.17657386525324748,0.13964721445354558,0.5239006346037378,0.8996402604425887,0.4215206676718886,0.6904653973294855
2491,0.3728420717149884,0.6678341375454208,0.45759256799184644,0.3418111410745871,0.2653854979755649,0.8129390042700291,0.4166705498661168,0.8961465057022079,0.367037638356631,0.4667624962713727
2492,0.6497624201382083,0.4150894808580219,0.4626253988717396,0.9466002651625078,0.468497016598172,0.4821446833787917,0.49979254522137334,0.4164721540061096,0.16103993626721308,0.6426682955529284
2493,0.36147928879837143,0.4030628938091737,0.37991671798708104,0.2529550289614343,0.4251620119669851,0.3204080968271399,0.29304362283913915,0.7538159161525108,0.29354637424024593,0.6044829018958056
2494,0.7110255573151362,0.8088909871400114,0.5320618935606409,0.40951552547990744,0.3678361003202077,0.3754596769831922,0.3460500795745601,0.8457031578942191,0.4404156091745883,0.8882894549070148
2495,0.9223363015719268,0.2935649206981236,0.4023303268057874,0.7785630242397349,0.5227347205344636,0.037954603753949705,0.8754674526326289,0.25448427248023214,0.11060403243494682,0.9788554907688845
2496,0.48221291363191493,0.6847484866665615,0.4200161137757551,0.3644901922828653,0.39463406589834327,0.10687489493973998,0.37022466928425474,0.6543045286406856,0.29747047100041896,0.4830099536531396
2497,0.09157201654747961,0.7261391025513242,0.6126599951004107,0.8869999048634012,0.4274423677580491,0.031150601573804334,0.11023986036160532,0.7370655423157686,0.48640408380760086,0.600803458833947
2498,0.4018400618429611,0.8445265123093634,0.7216926448249795,0.24316531917808445,0.5507327901109698,0.16986025789359901,0.5620332151840299,0.35715468441829984,0.6718753963249848,0.29022196034118386
2499,0.7376691255507589,0.31967903052052044,0.5750549599036643,0.03134002666041727,0.36775805315387744,0.20637969161450548,0.3682754148281177,0.9460496797128318,0.36591083541468333,0.845429034461807
2500,0.6095978533793764,0.7418251384219376,0.835413388774383,0.6290213842494381,0.4763710264271305,0.8083190973276345,0.5438989218826062,0.9672216046608478,0.5264544383373762,0.7106648734108558
2501,0.5522103145959883,0.10621131354962575,0.3692054667294604,0.5084682443025456,0.5010879514399724,0.16249882884617872,0.4823852437984271,0.48647650199981707,0.8562160627078388,0.9239865498027838
2502,0.6955559174473658,0.1377938008296194,0.1580066712279755,0.9334684758025553,0.26367808159294337,0.15381099068402684,0.6003656667849091,0.07547462416236302,0.15903041231171672,0.6049857635106762
2503,0.5966504449393586,0.4171623707904996,0.6340561772118645,0.42330791682397395,0.6445985637290282,0.047587882032972935,0.4805238992098599,0.9190054986049275,0.708434073952297,0.7086371122446644
2504,0.7349994053016957,0.05492989001355675,0.3568374456400226,0.1356334446880418,0.8272116525008191,0.12539517713373668,0.45710361793439885,0.5227472211531592,0.5744798108347584,0.09509044743651152
2505,0.6787178098421369,0.9477036563017375,0.4497386796845072,0.32987812645653025,0.7027949595585241,0.23528706362108187,0.7107132844480482,0.13834376114303204,0.7427554267467207,0.6067081124308901
2506,0.7923514879794169,0.9018856863981592,0.17072160208976753,0.3933736234194566,0.5610407192875148,0.21471241453217332,0.08962708984969253,0.732009517343654,0.6858303088355864,0.376749320517289
2507,0.5729422296479879,0.048635685524427215,0.3330822342817156,0.583381079552284,0.37278879186916386,0.2267503314400825,0.25433447162277606,0.6870358921727553,0.3761463682506682,0.5080646716378817
2508,0.6760453862195016,0.8382801373180234,0.22062209907670435,0.2746076416701795,0.44137994374494405,0.04997013654684196,0.34666402517386435,0.13937562282102323,0.5024832331453057,0.3265326539583636
2509,0.4473001649197765,0.5087314000267492,0.41978540781901974,0.5505474740025083,0.7013344423840733,0.1027887289176453,0.1865520547918758,0.2744627726337799,0.2246682208406296,0.28720561677511236
2510,0.3917671830244031,0.7018852842813962,0.4271989436267851,0.908444744129276,0.05557630556144205,0.611135199989997,0.4104520620873799,0.8642616978924167,0.4027939770756023,0.8207130515718968
2511,0.8272687653404287,0.8869159944244948,0.5175583515728215,0.4239062160980327,0.4266134239305155,0.12212092662510936,0.3922418057781934,0.9696558506952037,0.5076974757584947,0.5575975696460755
2512,0.5460390071467235,0.5768546977623779,0.7319841734888158,0.6518502730917782,0.6388757783705779,0.008299926007846485,0.678751695354683,0.40494636428373976,0.5598161423298618,0.2531667519351527
2513,0.657106558171034,0.11605183644037895,0.6270212547761099,0.22898473944531947,0.2767034734455271,0.6956213042509828,0.48261828389973177,0.1341000254007365,0.6521172991941251,0.7667043758984714
2514,0.5285933740958965,0.0022649550365764475,0.19825338567229742,0.8016767829045977,0.5787726133319796,0.10571374552584004,0.4596021183561119,0.3516388648263533,0.8028639968998541,0.07474528358359028
2515,0.39458693905881653,0.4967747240149338,0.6141734083613531,0.2697755569400956,0.5697977837828427,0.2814892048088248,0.42882013265427493,0.5073798539928172,0.41939643323383785,0.2931087474715126
2516,0.5073190912441079,0.9492379846419541,0.5216228931203987,0.5800505263214976,0.2155704223864236,0.2411876368146938,0.3047975918243548,0.3000483165083051,0.7196230226254055,0.3362658441543049
2517,0.7761809533809949,0.5725006132331233,0.4825369045946857,0.3003664759982736,0.5137017477094238,0.7241878199087529,0.6632697995755181,0.6111319522771236,0.5529228783141766,0.1775368111535648
2518,0.6100060083960048,0.37275048416913853,0.4965477520442092,0.06741413837638024,0.377447132037056,0.9999999999999999,0.7221820468235214,0.00735286900313778,0.25375901704883824,0.8426857025971504
2519,0.18233724830336334,0.03061792790201429,0.5389292748745016,0.3197906869562659,0.5773626050662357,0.17856879432633987,0.2752439325286657,0.8164449367850685,0.47356744921058896,0.6738825351577202
2520,0.46463598141705204,0.9149737090557187,0.37174717637604515,0.21210904587426974,0.6264331440148083,0.44312924076021687,0.7978289533219836,0.8446434802443298,0.5241557443493543,0.670287867466123
2521,0.8415185501910117,0.32695255475299606,0.4667734590353302,0.8930655685922841,0.5740434448298933,0.3343010486564427,0.3750999335546324,0.7834516307277416,0.34318595149419,0.5926857638724
2522,0.4649091042066406,0.7047007471579388,0.7215807246969062,0.26626542565557976,0.510919145953516,0.4168164525431763,0.3600557495196601,0.3030610661969134,0.30445520812616894,0.37825610382001984
2523,0.16554426146131812,0.6941569904989675,0.3695056852658394,0.9748526250262672,0.5527533693432106,0.12238946323261324,0.5861428418502426,0.6322176266432371,0.29807336107840327,0.6589950325616019
2524,0.8624151031673173,0.2536543244975176,0.30871139410960935,0.4925532733150003,0.2693948848129987,0.9999999999999999,0.6026108165540867,0.364882700968871,0.398878000430865,0.7362723763832748
2525,0.6339963057266985,0.06348450643999917,0.4892729600432083,0.22114751174802885,0.4909295882969802,0.07329842352437799,0.4857564774572169,0.38895825516029736,0.3378793333783015,0.538455823890805
2526,0.4920373378876501,0.38481579557948886,0.2899352860382649,0.39150508661753003,0.3428163237217834,0.3632645000310118,0.4350112806296413,0.7089971798295183,0.735892737965417,0.47069321266648484
2527,0.4351702193595634,0.3169235239449177,0.17948939895471203,0.1834963334584699,0.6964054333496026,0.09512687478320572,0.7152214182426875,0.8435272070355415,0.03648092492761279,0.22347756307777067
2528,0.7094580565398677,0.7001782188176052,0.4365394555181028,0.8340478907339779,0.6290346368598658,0.11617857942054254,0.3838981789261366,0.8309698355334086,0.523280200775402,0.08394132255045428
2529,0.4029889954603883,0.8197446572289409,0.7709429328898493,0.12000526305586015,0.6284859215497302,0.3458502736618445,0.486216851561636,0.23066572955218295,0.6025096546730822,0.04124279291680377
2530,0.7218924894096104,0.22220596986992172,0.49358161819726454,0.8739107355384961,0.8283136292781639,0.01570113221692226,0.8114334802015009,0.657891595341493,0.3192243287996302,0.7142315859888674
2531,0.6075448022481101,0.5280948289190948,0.5340849857199441,0.045918943452045335,0.43305121369960864,0.9999999999999999,0.25219492875480093,0.2666716438738083,0.4580821930997245,0.3486089133189638
2532,0.5514119099287643,0.04030752747266178,0.10351751633819992,0.2997266433074276,0.39068488393853157,0.6368956684838479,0.41427838755880525,0.6282838179737038,0.4371486734398145,0.7083945832500346
2533,0.5327017005026549,0.21401361131627059,0.5824896571285766,0.13993188536016218,0.42848144833218316,0.47176329614323037,0.6880576833502252,0.3668737657326277,0.4874407572950336,0.5078788290681123
2534,0.4722350752436984,0.761704184080445,0.5181934534574135,0.685561841061036,0.18696177558926896,0.014747890478036537,0.5963291985017296,0.7899095455444073,0.6280846276591852,0.4468548460094264
2535,0.7025315102748524,0.7933515770533409,0.37677733265945634,0.512538390874029,0.2021754577625095,0.22646135206208046,0.6638646169752378,0.937517477343493,0.6110714104697956,0.6289079040824143
2536,0.3419796338792252,0.7763519843666502,0.5343597642501864,0.9397528611921586,0.6170160116428148,0.08658379524468017,0.2548148368741327,0.2895985395274539,0.3881577229083472,0.1832102778318268
2537,0.19923259069805893,0.14212145701383347,0.5325080751976556,0.3663301275806058,0.2270198209262596,0.2081192021278192,0.5581559834004981,0.8688177468782294,0.21632649852835667,0.9796699306639488
2538,0.6211754898318983,0.5509061831443384,0.3031911290253235,0.04074860881758746,0.2889605305549097,0.12404813242747184,0.4462810458140107,0.7399180683937878,0.5335005434966065,0.33018681109284154
2539,0.6243448662978068,0.42253655830719156,0.5626704251987317,0.761990535179197,0.4772024313489457,0.6386937393863112,0.918198813102622,0.5658246910156913,0.377386700152849,0.769175701380553
2540,0.5958556979820502,0.9915064106469195,0.7240417782198441,0.5797482433638016,0.4171418028518751,0.6433140034465399,0.6482473788260763,0.52474406667439,0.4018784642846411,0.24782245606641135
2541,0.5821744561356048,0.6539761004446186,0.4582710028529823,0.8277970651465177,0.6681870416927806,0.38672397656447843,0.4947876174990156,0.3189424003639706,0.5445911090125812,0.4679008351365796
2542,0.4447694294303041,0.935203208590741,0.3389784920774964,0.4263155472846837,0.5085726773158161,0.14307702420671517,0.5516580366330261,0.20284467585999266,0.41948642798471386,0.49928155578910927
2543,0.6538240424410195,0.14508483687607399,0.4676631906378902,0.7385018224953749,0.342432287155369,0.36112034131805,0.5089225763390843,0.08286586830049851,0.5604105853171226,0.3066173007886608
2544,0.49665129821612636,0.45071092297288,0.6601628408089097,0.17112522822219636,0.6848180352824018,0.29930812173648785,0.6278838804127207,0.7123481289822005,0.9795311792328161,0.34858427503806627
2545,0.4133414810925821,0.7715535020164828,0.27207787428257035,0.9999675574133766,0.637845868688858,0.10260466279662467,0.3409061408051847,0.2220136060858014,0.6324370304573044,0.43525542509550297
2546,0.44640127915518885,0.3676673590688354,0.6086797702728688,0.17370768553597063,0.2239552950664403,0.08540618561267894,0.750807640436318,0.4951421713963259,0.7576434566842121,0.8361880635576134
2547,0.8864881107834957,0.6324074502940541,0.37433430733578943,0.8301634767185319,0.5456730400379102,0.29740479772626016,0.2544747813136396,0.8898323367719386,0.5991999748225736,0.5000225486126866
2548,0.17790286926759208,0.5115603527968607,0.5459248520425217,0.2125167417705491,0.35856254378570207,0.09988934835956995,0.5367392053672375,0.6709779665417412,0.5167917211563666,0.08851915236076041
2549,0.5995436901407579,0.9919496726260701,0.3955357371398166,0.7828490568594713,0.35346360971673085,0.25023794297838353,0.34681442682088776,0.1687716998903409,0.6020822372216308,0.2166295082981824
2550,0.18844323882110348,0.17361669856118794,0.3950348692452098,0.8616297486600091,0.8584927359661371,0.9999999999999999,0.5068079896745923,0.7343676548730893,0.5928195322499556,0.9860287876634923
2551,0.4848261455599176,0.9353498620058884,0.7848318362879213,0.8770253237639771,0.5209152807362813,0.3674142926579242,0.681209160440039,0.21440119479867975,0.6660559672911475,0.08981620901709358
2552,0.42343288715001776,0.40139196349717415,0.2379924666626336,0.47591825211786065,0.45479996590720007,0.20660953987506606,0.18295374970118056,0.7798535750040426,0.5134193364218658,0.6477109225990098
2553,0.11185728645888306,0.4678363943707467,0.5912998438116426,0.42899117980637946,0.51330969312343,0.8575600725420163,0.46763456974325707,0.07718809142326112,0.25358830507021807,0.21110954939217624
2554,0.5786480010732836,0.528465767987186,0.8236657506785435,0.8341558166929417,0.6659796325380615,0.5363022276203504,0.23325017271680343,0.14122770053086775,0.22322477334141771,0.43189788905151555
2555,0.4335437921063063,0.26514158835628887,0.6286280389856497,0.5797368113772463,0.3611684551921929,0.020536997510342072,0.4473556939069478,0.9342373941580143,0.5897657513441752,0.35698201425138976
2556,0.10918226466448792,0.9636681638596919,0.2525371897689107,0.621543661811777,0.39419701497745113,0.0037936351182694824,0.23276375940990962,0.27989553230201536,0.2881874151076264,0.9771821896771462
2557,0.6636511755258726,0.9114803183449844,0.26177180813057266,0.23615657441560836,0.6238959158640602,0.9999999999999999,0.528757472337847,0.15016030635789762,0.6325476947327158,0.551247901652866
2558,0.7759945741747408,0.9729189426658744,0.36060618444414794,0.44634320728499266,0.2035669399601926,0.19565696394984924,0.4202713384932489,0.21447520155143057,0.7564572662796196,0.24986865038375772
2559,0.7863939121387804,0.996941519862997,0.5302302710861088,0.36959975943779166,0.6885200051003822,0.5474907844314393,0.6367604006324763,0.3607645842165679,0.4602201985437822,0.6035548900234532
2560,0.5729724847192383,0.669711635724685,0.542918468432297,0.6656086706413755,0.18639245620034672,0.029367361702188073,0.7255920783737924,0.8375984998276044,0.7322714290121397,0.07133977903379946
2561,0.5139368612996378,0.45152341981420135,0.2636151235934744,0.19655450609583444,0.4493398420379687,0.08354669312535469,0.5008704439878515,0.15204701421561245,0.5513337787237402,0.9266488027345609
2562,0.7558348923443082,0.8507065095704344,0.33801556681003686,0.40591951451589736,0.18762011164524695,0.05895689616194982,0.6637977113156974,0.015185269753279565,0.5070652246098264,0.3442039698012829
2563,0.8226681398862926,0.0234983865296882,0.34944308816007763,0.8491036253944017,0.29257005609816844,0.20568114351599762,0.753988904998053,0.8649923500305639,0.5159802103199018,0.8833688258999985
2564,0.7191213052967405,0.8343711412469977,0.4670726074223076,0.5466780499876305,0.7478818377499965,0.053482671011964765,0.3287646503596339,0.29928256494253297,0.34429674869105137,0.809198520566329
2565,0.3276036985481707,0.49713933899530627,0.8709183723045663,0.8964373293910783,0.6989043421485039,0.09561367005616114,0.7636808656303962,0.07639248567294966,0.3200204113397033,0.18673935683355491
2566,0.5432353520445509,0.6731327218989592,0.3267457023017143,0.23261526725214995,0.7195748248975561,0.5129474178841085,0.49208992622163433,0.027209282010435668,0.1898075368251752,0.9623028976735561
2567,0.5881719674117107,0.37385778102451933,0.31858264047924134,0.44008665005620706,0.21660412552657954,0.9814438668442576,0.31838137175408304,0.8996012465217783,0.3628679456528399,0.9916829108075218
2568,0.1638201105569959,0.3684330432464979,0.2894552761350283,0.50062740095925,0.2935750076461784,0.19654824149567607,0.5539762524081424,0.5229133002894726,0.908581087824303,0.8052838627361327
2569,0.5938028371110453,0.03141333200071623,0.6193074749732416,0.40073260778951003,0.56261840542314,0.17461091303905862,0.4856031447921419,0.6103303050998833,0.21843270304696977,0.4514625618824559
2570,0.9341002743905202,0.42361793914988166,0.4930710860107689,0.6847895020133528,0.6352396514686585,0.30043203711119354,0.23929212352159396,0.6158909473823934,0.27862343814251683,0.672528286324718
2571,0.6259859179417565,0.408177494546134,0.3336386814773331,0.14876904407528,0.34223015462357326,0.40585601988948794,0.29574650001245967,0.5219661141456721,0.34909571489224306,0.08059530956545369
2572,0.7832409397635668,0.22455244604556474,0.4331212856862384,0.5196203095557049,0.38489869791361453,0.12189704802249506,0.8010133866309024,0.7691983136098304,0.3580123487723073,0.9211198581847996
2573,0.5397580758852311,0.2470922226204403,0.35316781583784007,0.13881700246070247,0.2780444529270377,0.11829977883538922,0.5503067213697004,0.906114277705775,0.5533068703301411,0.2217108893191665
2574,0.49143255149709925,0.5840222094400861,0.555963582177047,0.6294679663276651,0.8176275009307548,0.48476911358861413,0.7723177299248278,0.6409288908613775,0.3859095823337217,0.7166950982610796
2575,0.5771827247314536,0.3175641688002995,1.0,0.83061118839658,0.40500846579064503,0.1976269873236409,0.42204207622054496,0.843870936329264,0.46442713907550787,0.8015242651350926
2576,0.3513220265331677,0.830217604150581,0.6035149845553625,0.01998700633716144,0.5029306001260481,0.3589776087880583,0.3509938181786821,0.009046281658086491,0.34075353450087714,0.9695797757331253
2577,0.32340805515417026,0.11110817502527899,0.4834391555083831,0.4571273782768327,0.5130569567291492,0.41130388472683244,0.188310350185857,0.47993247938404315,0.4118586185800423,0.8238027379073726
2578,0.7441650458872603,0.5775253835485883,0.3767660199305012,0.49291121814705563,0.7107348464174092,0.03794855568041793,0.6775111586370492,0.6038744347119018,0.4908040390994218,0.8180368241741667
2579,0.7641715679526239,0.15978421856674957,0.2502427209185155,0.7205666169876411,0.31264491304377995,0.6254588946663037,0.5746731854907807,0.20078979084616344,0.49909834135951575,0.7053697763601572
2580,0.3182513950176931,0.5281043892889726,0.6376111295697314,0.07473508980893245,0.7228511975633123,0.872455932135916,0.42370785525003724,0.1598278497592595,0.8784447501050285,0.5766239479411777
2581,0.6878826501102312,0.5524178526623656,0.6274777802179772,0.40618849286287984,0.24953849816065074,0.153210181398553,0.35264880882648914,0.1357586284007437,0.49678607859977414,0.041824118270780475
2582,0.4888398657428034,0.6421999446461554,0.41385526591715716,0.7858236725256311,0.7223597810681941,0.35375881156605227,0.706829107641932,0.2844340703795943,0.46229440789102966,0.9727074266396352
2583,0.5693597894489921,0.42725468302833325,0.7270627407850816,0.5323703491900966,0.16509228595687003,0.4152794872071027,0.4661948393245498,0.8233842117669863,0.027769880363435084,0.44893945905232896
2584,0.5920779800012431,0.5093321137463226,0.5047174720090221,0.7501722206349727,0.47665391548125335,0.47774655039942465,0.46817853535300463,0.027091248776688406,0.547721774668581,0.7967806348152833
2585,0.6928545111804637,0.18069916419541573,0.6452706969877354,0.36415814710233063,0.8112815292399971,0.03723649276203563,0.3880550203307804,0.6022535572120145,0.12691599468505405,0.37724896845261063
2586,0.5208536444088699,0.4628570977189435,0.5560205978130507,0.9204921053318544,0.6317460895991338,0.1964651009050092,0.423723673461973,0.06762336627928352,0.606951506476691,0.45602918049258434
2587,0.7713071348260642,0.3728417659736101,0.46774603016795424,0.0773616249346678,0.5783575194901667,0.7078628015599228,0.6004111669336807,0.5930159305664754,0.5291972841945642,0.4623197837272784
2588,0.5636249192460667,0.6660414068657449,0.32269920239136174,0.09118713580652316,0.29408585199052456,0.41897501651773866,0.2375524458856934,0.2518000761848833,0.653724748289449,0.9900139198534001
2589,0.6230139528122399,0.43465395576082144,0.4736391627811313,0.5287100078904532,0.3547472984915132,0.008462220119518702,0.5138028826207934,0.15687143217838695,0.38161271588570994,0.21130050803650274
2590,0.34803232572390996,0.7792901632343442,0.6578199831530593,0.47102140042992235,0.7569204883878029,0.004466882392198583,0.6752246864507796,0.46556746598199783,0.5072665566716681,0.5017378896980037
2591,0.9125286999131124,0.425821350723921,0.40601608235693787,0.6387422735701189,0.5882411064356754,0.2550461736854153,0.4832665332300871,0.2306845052182469,0.6305223738547237,0.15463886035904478
2592,0.5938904313547408,0.23553622306932281,0.5827910161899342,0.22914235960452786,0.6690762049307997,0.22456234346671378,0.6934253843991185,0.37794338750981604,0.32554627018986976,0.49409365777015746
2593,0.6397706428073918,0.2734665667225542,0.2988554846259286,0.22611312161410466,0.5111515464148498,0.05663829875789665,0.7462652351467727,0.6328968777143485,0.6180347297105602,0.5459402751139286
2594,0.20182483571035043,0.044985983683643004,0.6462586769746116,0.7494352611006085,0.44238329689532346,0.1621607518858206,0.6656294497109241,0.9362783573672672,0.6093378378566712,0.1365977568186021
2595,0.3500248253266846,0.5397865145092359,0.5591433449138346,0.29188030114862906,0.6451710028691459,0.1294594354102043,0.39977442325821694,0.6176574551800421,0.476518992882816,0.6982407976501959
2596,0.7388027805019419,0.8308467913208776,0.2765925782422155,0.7276073820561259,0.5470437403129258,0.17482661503389302,0.49236683860175073,0.5068304080294618,0.8020294021569201,0.8279819908097115
2597,0.5593756668260585,0.7690567663314957,0.4590033626761961,0.6409827623855254,0.4640029377557006,0.08023725051407989,0.5627052107055721,0.5567955730849982,0.6000852681696514,0.8160213226746147
2598,0.1441673550708199,0.43762270025490246,0.6744908824855238,0.08334627452137117,0.2233704450271899,0.2711911638657952,0.41223024180821904,0.47183185062211297,0.18408687791748407,0.7292100296336791
2599,0.7011447238385858,0.19587202256931216,0.26597690823176345,0.7114378444888597,0.6813895944411434,0.5443955190775999,0.4060755246599181,0.5626100078589799,0.6899710384748166,0.14083147227057585
2600,0.4026494955535837,0.8634613548465112,0.3010534569520271,0.8799011157636196,0.5819908597707428,0.03567073125973829,0.39496643091824973,0.5699816780334731,0.37711402388198784,0.6214477447154307
2601,0.7715250509610309,0.05648567262322681,0.48782023151194065,0.8170030492280174,0.37961027033451017,0.12348889745281116,0.9682286509958842,0.4919473228072855,0.6536837327279426,0.698342981865107
2602,0.4886746437775334,0.3990429423384496,0.8986382180511373,0.008846698128202463,0.724977329578674,0.8315942857829048,0.44888564241729617,0.788321784936243,0.5582849634776759,0.7593439376606492
2603,0.5438696408668161,0.8565897354539425,0.37534816803553306,0.5399431792661259,0.544037778639144,0.18261478160000247,0.6960914936581815,0.3904299365070153,0.0002652050872041789,0.7093877100190792
2604,0.7276844181342886,0.39299486392317357,0.5931476104475688,0.913738526837441,0.5478263088268203,0.12469241653974905,0.3384886903128627,0.10804378815770062,0.6170526535692251,0.6287831495342706
2605,0.33591375409746504,0.11760072950803223,0.5492952639545665,0.5989821204143783,0.6678472324210981,0.6010585569642539,0.8129072994540625,0.6429050378833399,0.4600309017859698,0.727730345560752
2606,0.31792301022252745,0.26572473602207647,0.3908381657564538,0.2904405084223334,0.6262238431382016,0.03372156567543918,0.4290546614604481,0.7960512899813087,0.4148556364126225,0.8523195629019403
2607,0.4681728620107806,0.5999174337769174,0.5308318019658327,0.19461497539379521,0.5536824399906877,0.22539595660486392,0.5086807065017969,0.7799619762041733,0.42193215929843747,0.5692956790369802
2608,0.6613125123377525,0.15177269604071564,0.4172618595651637,0.6852436780585022,0.46040034669592533,0.7255559094860357,0.16074242460717808,0.25172382241006347,0.6520114568585371,0.14524456599997737
2609,0.25414561702458205,0.6548418503319805,0.43405204745990755,0.7715898248374852,0.8805723485540315,0.15052393244532059,0.7049344029524698,0.6468764847079796,0.327118768808693,0.8159506349778052
2610,0.19053295420423794,0.43799529082744776,0.19096097940458104,0.9129857335029952,0.35494080753319496,0.11078466676589127,0.7449036465819654,0.9986776017795139,0.7136410526744645,0.6609998357502805
2611,0.6606612353949803,0.3341878358937354,0.4962238639675469,0.9061143895343327,0.6411690351972908,0.12460443753744034,0.27983730231951837,0.10405885461744364,0.2134392245740639,0.6865959977084528
2612,0.3914808707706993,0.24069227026486306,0.668458229575612,0.339417145726575,0.4806571779573287,0.12176102041957007,0.7156737250070664,0.5225279570569474,0.5583166775348889,0.2941650453122143
2613,0.4312442485655778,0.8232933447502357,0.5114907803053476,0.6041357497151119,0.5848317856044372,0.09716689713586027,0.2521572246754717,0.3050151441558072,0.6488885153569472,0.14960798548787835
2614,0.15491595952341775,0.39649330435347346,0.7041561731927903,0.10154668391756558,0.7354553920133906,0.9999999999999999,0.6155310584782909,0.7911749199801184,0.6442260119197023,0.7807128780074839
2615,0.37714149439458783,0.7384139862698659,0.6090097161474839,0.09448679886064051,0.43661008739156904,0.09992647863940857,0.4457712177141517,0.3243682945987498,0.5371118742928573,0.04936119517675125
2616,0.5038191617861547,0.4401892925200602,0.4896769175709287,0.07148222748168939,0.6132893149341817,0.21556973298733592,0.7454634714658379,0.7334966688715805,0.4628540926266233,0.4023128522187381
2617,0.6807845737033549,0.09158366750125763,0.3836756750011554,0.9275519188627197,0.5482438100264332,0.46900111484631873,0.5448850702425536,0.159985348899971,0.39765531189705156,0.5088342742807288
2618,0.359736201634042,0.44034012594101574,0.41009500471152904,0.15248336825311784,0.3728326898655023,0.09523323941124136,0.6707747917195928,0.06643617257719169,0.26990662067586807,0.017369606237102597
2619,0.8179498934688981,0.5075446052488479,0.22653717387027325,0.4825290463578359,0.7402283388614279,0.46128164319802545,0.7272893426159435,0.1035958033365479,0.37187796799321954,0.5969850557004531
2620,0.37608931693266845,0.4576821954679746,0.450972041621288,0.4332525328018344,0.634440856375901,0.7568654406816044,0.4452062829049231,0.25988944141238995,0.31949908536273003,0.11957248282541155
2621,0.37636557696068956,0.8162026782564091,0.5280092647534362,0.3249014082673015,0.4128240581228094,0.19506257233465604,0.4935726557858528,0.8495048329709993,0.2883543828429928,0.2414025793600844
2622,0.7953055679593181,0.9108442475434279,0.820699850476751,0.5379590122521215,0.7103428321825621,0.3617648546020425,0.29387695593944335,0.14995815049869998,0.8448082592621986,0.9935743996948749
2623,0.5451438411203234,0.7867296975582835,0.599310609148436,0.0027729272162548835,0.3360586743318551,0.370388685671376,0.4435469827532971,0.03283679626345755,0.17548571148634834,0.5602486743950242
2624,0.40109446263334386,0.5826640729743412,0.33948953187200803,0.38030513691584555,0.4912811462236898,0.22773706900638452,0.8544779545833603,0.8534540130460831,0.7159642822516705,0.9682764318288026
2625,0.4759773966493473,0.5413181812463886,0.23234506131261148,0.47954553515685683,0.41385426994744284,0.07757389904880481,0.6383582825281051,0.37455629885805947,0.2672314115134095,0.49260603475769577
2626,0.7605360622118957,0.6445190707154269,0.46226003271715,0.8036550345681112,0.6422019652674568,0.9999999999999999,0.30616231628460827,0.5885506255225044,0.3079583055862533,0.8034175809359028
2627,0.7818805543012343,0.2876129171710417,0.6521717316565976,0.7012669528300434,0.40409402795228666,0.09987985682676144,0.799929976035862,0.08327847233827494,0.30485228843515605,0.03793050070206305
2628,0.35113966767524196,0.8118063293320956,0.4596371100544465,0.8501338445798238,0.6435890562014904,0.2796233668508832,0.57068230983674,0.9073736583413484,0.2911737704663567,0.2912182676132059
2629,0.49724077403453654,0.8568228493260923,0.6018588593326911,0.3764522605479351,0.611862557581631,0.3948471683103364,0.6521307882363985,0.5042035421455561,0.677464127022763,0.2831812922453063
2630,0.522257116108255,0.2669928267109283,0.4670019924619597,0.1409511620440332,0.42429444056198184,0.18099853658015927,0.5894152268635267,0.08905337078323099,0.613918370186636,0.06974207231722096
2631,0.31916951904756163,0.9028083953501629,0.6344986467786833,0.4012218896117752,0.8507949016432225,0.30510603018173116,0.5763570892069672,0.6336579575590383,0.45795198467185355,0.9521046591243422
2632,0.4947406154811969,0.8487046566421675,0.20289929554993577,0.9634838446212486,0.35272919445327156,0.27909762152001216,0.13029923667253768,0.3652335445519581,1.0,0.5046515405345926
2633,0.5062511930701783,0.4243155115637715,0.7999542546542607,0.21440703688670756,0.22433622114359336,0.13591708503921937,0.7031553914861393,0.3530667740328749,0.4989632251372818,0.5929500428468809
2634,0.7203742438782496,0.9089924758067929,0.2933076901558441,0.1748165840192474,0.6624706459689498,0.11154800786090192,0.08294891769394758,0.40791486293931034,0.5135161915194038,0.5204346377335577
2635,0.7330560380411003,0.12016511778520134,0.6488088185749544,0.9447528657906303,0.08112393822894703,0.03288726623591431,0.6863699247879618,0.5078862198074949,0.37188410139867406,0.24851895200056673
2636,0.44313381492549203,0.027681479274506034,0.4500199613497122,0.9503412465332908,0.7854357152276987,0.5344866886252767,0.5172771629315958,0.6191630150566758,0.349258391588911,0.9243041634117946
2637,0.46487961792985694,0.34766970944097303,0.47917970737765714,0.14928632499390457,0.516559782283947,0.9999999999999999,0.6530607018939363,0.14593457089547818,0.40086057480773335,0.6689774045344827
2638,0.6305812758531452,0.5653120150197964,0.45581663858523047,0.7697879223375184,0.22086014377145075,0.35417888380434026,0.5281329207396641,0.7542933977361361,0.6639517152519487,0.12354735239031411
2639,0.39483734692788547,0.35124670525540547,0.5484502848353239,0.4299211388957326,0.31341902057307286,0.48546155349508935,0.6914927221397853,0.026585615517464453,0.610642265583133,0.46175851273407165
2640,0.616307718510514,0.9420711681106003,0.5861074975344854,0.49242311769001534,0.18080068181349274,0.31776039362353664,0.5018852615511293,0.6990631530933399,0.7473283479995616,0.0014116808671878478
2641,0.48866128403864045,0.2544816713300961,0.698161034591019,0.498898528496586,0.570937781960434,0.207898771271991,0.5507406660566847,0.18284376341091163,0.3659113134506175,0.6747272182660309
2642,0.3223470702848107,0.2809937810329337,0.7633575911554403,0.968798217792197,0.24021657480720204,0.22121043713105415,0.5735896843683448,0.44654606689239384,0.6141353642071044,0.5235572075895061
2643,0.32471716152003277,0.634727349417432,0.5626644237651136,0.18472689658630168,0.5939954754535861,0.02753989769410204,0.8455418090323539,0.5613496035494019,0.5601811279230398,0.9041968350750897
2644,0.7782685651541685,0.003550660687790486,0.8203740687779181,0.7734004587344104,0.4379165477434322,0.36640056587069303,0.6096649655033817,0.6472355814093226,0.5846302850782841,0.9473393396085396
2645,0.4757343195068526,0.7274880866281508,0.5181201012337642,0.0056574727346279385,0.40492948151875485,0.10848255331067916,0.25592772835341376,0.7909869488557294,0.33804163820094996,0.09812179901065482
2646,0.8147382878774279,0.377282358224867,0.7017191589834395,0.6288803139777908,0.5953991640290753,0.6072072717832645,0.39484346635910167,0.5159647888637653,0.304803398530979,0.08944054248918176
2647,0.40833734999640386,0.9777633445952709,0.5807355118229922,0.6529592662751156,0.6174818462759666,0.2719819426278644,0.6092459218600701,0.8801381166371366,0.6045659668975993,0.8990902523357029
2648,0.5601896200120912,0.6913364297622407,0.3983567917855543,0.7540340193924259,0.7185072176491645,0.09808484762374625,0.7313466749358626,0.955112023742979,0.6679625141857259,0.5120747250906466
2649,0.9566816449628677,0.051918052549022,0.5345805160869133,0.9263694913603626,0.3742878729843985,0.09959977315434955,0.365654005449834,0.9761217888165888,0.38467572707986525,0.46964786116313617
2650,0.3057460332912936,0.09234454607629444,0.5946205310615092,0.7541629749500792,0.4911118588138909,0.027474618512254335,0.9121948418332533,0.3191986234447584,0.6178449186738526,0.570766007128896
2651,0.1471795721101401,0.08788333905068013,0.4947763033035153,0.7324618670464765,0.3739882937096801,0.3240347491172373,0.5313071048497549,0.031619687629963325,0.7299970534170954,0.4663713356996868
2652,0.7479923965201449,0.9526292566220804,0.5777771009570694,0.253885129219943,0.5284040236303116,0.14849182036703598,0.5765063559598962,0.7156981511680882,0.4334069419917516,0.6142480155396924
2653,0.3492499276579098,0.6839678918110754,0.6621676260854479,0.9932776326681205,0.3463354527005328,0.014534148511814799,0.26751140681718216,0.25148972798761937,0.22879662629556424,0.9490720217938056
2654,1.0000000000000002,0.42743580415450316,0.4964221262626253,0.46860525026809796,0.41484599113995624,0.01927143304589265,1.0,0.7676224975407618,0.25254819954512625,0.6059621001880413
2655,0.3946996602537641,0.20023582964996414,0.0,0.41762307671961263,0.415831738658306,0.2990983007526397,0.4166522272265681,0.004427931957091305,0.37361578187646177,0.32069498448086886
2656,0.55584212553488,0.8736200855327364,0.8137713571307611,0.5020894239475968,0.5536217937850522,0.19426093249200987,0.36127977727000776,0.7771255190693858,0.4174076492951568,0.21333642246237927
2657,0.32590590009429965,0.20130942967309085,0.4452815827709524,0.3942186581458904,0.49744938953993856,0.11374624699248477,0.44037913395736367,0.06961489426602378,0.4952753393043527,0.9661198286512758
2658,0.47129698085808597,0.7066032042061965,0.34724286101592106,0.5938916745276611,0.5948103018993572,0.06158120321949476,0.7540477406910437,0.8793574766769305,0.49913582309971977,0.5793769931250998
2659,0.5901151503618953,0.7632674677544103,0.29113933260219826,0.3497663326819369,0.47618177326223354,0.21289763850874618,0.5848418421413992,0.6511706500114371,0.45039806902744234,0.5666444075979636
2660,0.3150057254880444,0.29444101338145456,0.438035389113253,0.2400360877248565,0.3847379049563808,0.15512484131976714,0.3348569065884421,0.161244041739933,0.6311814114852832,0.03327049781894298
2661,0.3731595935143048,0.5047706267455252,0.39583104265496827,0.9284029662710997,0.5338771267811918,0.11581776543899754,0.401043289758717,0.5075846345769365,0.3576098684729943,0.9183878445898527
2662,0.4397049689652282,0.22275001835817998,0.36333198995880045,0.9282364678140869,0.3194695303780987,0.044751117234190486,0.7589907020626303,0.504962315371094,0.7424026664843275,0.4695729381693169
2663,0.23566727575598995,0.37874302541518795,0.3735674720265515,0.49645467001608246,0.6069684002864102,0.7157888945513593,0.45529007409809813,0.8790488198729433,0.6807338298630923,0.999756289976433
2664,0.42552084308105603,0.9651456180207987,0.5995758994889379,0.962571134559322,0.4416610971320696,0.8688113605533629,0.6023097667788104,0.5321157678069193,0.6668161990143657,0.16781465975374465
2665,0.5276606713693788,0.6930574520585138,0.8794352568724196,0.4158893363185391,0.536437427832509,0.18890524035982648,0.6474671108275232,0.5502680595645113,0.3768487464463662,0.32616527882629215
2666,0.4298626058519061,0.8465854238134984,0.6538142278636909,0.3875379960371246,0.5394364377062684,0.24151010973271195,0.0,0.3186366500362619,0.4800229674779439,0.2100276359310459
2667,0.4540453526469564,0.5404675051407791,0.7101409006571551,0.9173090941569038,0.8066602182686089,0.2177900514865985,0.7322037440105973,0.7284141424191135,0.6394661078284305,0.3788955382580283
2668,0.5014919919996342,0.2388058954316459,0.4303957534052505,0.6331891932841512,0.5706864714980913,0.30386404832983965,0.3416348031960504,0.04975579534522452,0.464161443280072,0.9766391051781422
2669,0.3815254843193307,0.7128059371948844,0.5203007628998358,0.7628492372045897,0.5110403529897912,0.01358832034046004,0.4323720996433043,0.9680226170067568,0.36931708298785343,0.41474414294750894
2670,0.6356321157034306,0.5004223832714649,0.580318270738303,0.41291463891280966,0.36295449509551797,0.7353718257063554,0.782931918618726,0.6060792291534496,0.36169650697665384,0.8270949828877803
2671,0.7761779547992006,0.1765940311524682,0.37777637812161147,0.4071698277350728,0.6520809028612642,0.37695467960326473,0.7658838042225555,0.8456532738289688,0.3709493006136028,0.7552577724360432
2672,0.4176306279907001,0.41225456434521035,0.4213842717960735,0.08332281527301405,0.4446127313369228,0.18549280147550617,0.5898305845201544,0.7810117869879091,0.2815872439211831,0.2979074683034305
2673,0.5967909675094154,0.6347399601437321,0.6601514204191784,0.9671697917931124,0.20180852158282542,0.1874383648699847,0.6333130138810827,0.21772197070248966,1.0,0.5798815702268615
2674,0.4600374985809664,0.735265515054124,0.7041160755407903,0.22804468649565082,0.4591424572198113,0.09511429646751468,0.6793534976776077,0.28869288451668285,0.1312411063125058,0.8517043869138458
2675,0.5742046934254739,0.24298836033106297,0.5133528460726352,0.4944754099009424,0.5339171463023809,0.15960940448290345,0.7627808754835663,0.2776206753192943,0.31581124952763523,0.6113086124935949
2676,0.8006680427825837,0.8759784741647643,0.2778893909507658,0.11464379794344601,0.33855658351323503,0.47460787000365023,0.7862714947658551,0.22509249915894353,0.6153729310844556,0.26488580125668204
2677,0.6012174956939607,0.3793646847817572,0.4456544711259248,0.6472322670387626,0.4740185374561832,0.2413702467113909,0.5187783034667519,0.015341951784211813,0.3726890488020534,0.8631673267614595
2678,0.1706505504044955,0.2709137043229192,0.2319789964668055,0.39103618788566374,0.4830510963055733,0.06996704632851238,0.36285696243169513,0.8269269554409894,0.43532299271202307,0.5561411995967838
2679,0.5909038631917641,0.19487138526427214,0.5148060470734922,0.7679961101846069,0.48606371322464975,0.4059295929205211,0.45182642989315475,0.5376351990799957,0.5772186251867375,0.9800136908665924
2680,0.7378556498924049,0.8041282270005974,0.5484127108329516,0.5286027080838815,0.7356910929432094,0.7954444568269092,0.5223759298452628,0.591002338119801,0.6982666414552223,0.655608478848173
2681,0.4634375813005878,0.35396958438591397,0.4502947765593813,0.1295196880152968,0.2431869022493216,0.006148445885055706,0.4891140360620095,0.4914553374124674,0.45019700872703033,0.44882185073309033
2682,0.6930968317479642,0.4832476556290132,0.545859231837423,0.010726205890033785,0.8902704586445322,0.013806688473652308,0.31213644449749683,0.1238705731633188,0.6773070231037401,0.43587341823139886
2683,0.37504038330731293,0.22258050240911173,0.578531424222538,0.2125272599491931,0.49052657577579334,0.6316875945278381,0.5795004249788736,0.43581775578896775,0.17966660088202852,0.8801037066900292
2684,0.22496501095195942,0.6860081101305019,0.5486847953727911,0.7246607855248111,0.6091064316064525,0.09843562069042511,0.209626700377546,0.2932530730415399,0.3870180420914457,0.9805987439177
2685,0.5318817656747903,0.7809824907965566,0.2767008327809797,0.8288763842671804,0.5216048249913505,0.23542903125825382,0.5146609151112478,0.8920774679186411,0.5961462122305909,0.4103189986564169
2686,0.17384626812526793,0.3392252836575336,0.4535483991121926,0.34147296147412365,0.1630179756397659,0.28088165291215916,0.5264906151882758,0.7010997734798871,0.8770059437869948,0.16296799915605287
2687,0.46000846975292126,0.9450838362825533,0.5772150886248878,0.5361525997194724,0.2925070001870125,0.17423103920211996,0.5201692640815703,0.1621899103612911,0.3187366851980003,0.03971718331902663
2688,0.7480399670305006,0.030306415277218408,0.7952041430149556,0.24010456075400968,0.3954686225182058,0.2919675647502227,0.6559668962702294,0.7018094571741305,0.2852907878042213,0.3223322579887335
2689,0.14492522434493182,0.13267344754851915,0.45006812283668873,0.8808294093312954,0.6890902239686154,0.12412765773170847,0.6314987068034887,0.5481574896965412,0.5670002186851921,0.34194007972561435
2690,0.26383974854506387,0.5886712291337134,0.6035104703803672,0.9656323454680416,0.22911250847063536,0.7135306312215114,0.909021331808811,0.08115583711887693,0.5122442188190897,0.4258301226707874
2691,0.3105297559086799,0.7013290702900554,0.6645527113061716,0.7532674808639315,0.33135495571945484,0.040170445583558485,0.4033805651919535,0.0690215362296704,0.3656537053573415,0.14497359787837688
2692,0.4933001295739727,0.25045307253789406,0.4641108889892759,0.08890840179220708,0.5287644489841826,0.2557231570545302,0.5504466399250221,0.14695970201347602,0.27099563840309254,0.4926332391422318
2693,0.4362458377340768,0.5041605632076909,0.7149542742435149,0.4373006117831555,0.5883410998699491,0.39332372407900307,0.5386199484315881,0.8104619584234088,0.40451208873499594,0.9433675021228436
2694,0.769226893519257,0.31817918080818486,0.7249814200334481,0.9909425304994288,0.5825120618717055,0.24322455039987895,0.5299384821412696,0.8299265467961131,0.6011651673575755,0.23244796112198735
2695,0.6853071668828038,0.5539617322374115,0.7582169947854706,0.22947120553222458,0.30654450096401664,0.1614488184191027,0.26552220759991335,0.6080103273005346,0.43883973666680615,0.6847414240345218
2696,0.5986917993538351,0.6592356837298666,0.5862767658649192,0.6707611531951377,0.18778288311292574,0.1951525577656653,0.28053766047829726,0.015060790315293796,0.7246373293966302,0.037922903811056285
2697,0.5327234939936062,0.9728218632690556,0.9409366684416717,0.9389764124059321,0.6011465961517046,0.06385455118395787,0.5000988725010482,0.3167571603794181,0.476299575286319,0.6437916489166002
2698,0.5794389556578646,0.45553613791762415,0.3860334362914313,0.7735401760508566,0.7740829170270573,0.170452793250892,0.20813098337071861,0.4006001017888713,0.6164143353878688,0.9375203124438822
2699,0.3426136668569644,0.6481202959137444,0.8969125460356698,0.6091212684936729,0.4300871067265436,0.22482055367333534,0.43724009874461217,0.2839989812397009,0.5550451697539391,0.2823015108275787
2700,0.666979803309994,0.577919817975347,0.6440657019748632,0.5069192325194148,0.27546435925105006,0.7742734212350967,0.37942549536746545,0.5809391907665125,0.4254526043256512,0.8162289863452594
2701,0.29543360865341606,0.3173475470603619,0.7507576497490697,0.92922280414854,0.41372728735363273,0.29149996881451745,0.4439246619208153,0.06167680222748449,0.6604159219855446,0.08239245221419145
2702,0.66286042653487,0.25283501839324435,0.4410954388320538,0.39489588119657226,0.5731002242735933,0.28614029147032066,0.7078360680970623,0.019407311009127723,0.2708822069263845,0.358198001677152
2703,0.7290405889530706,0.5041605632076909,0.6582720551885511,0.9016647579115451,0.451781599193665,0.046927413866108374,0.29993753334154055,0.5876828865243641,0.3969741441920625,0.006640230510333023
2704,0.5450314765546538,0.20660765131915032,0.7669057250897137,0.431232167127493,0.7690672926542961,0.906590975919481,0.6593959721159275,0.2641308151421542,0.42351024178652413,0.3550716069949905
2705,0.472000172516254,0.7902274695670563,0.29799335924656545,0.7568741408864499,0.6757922808373233,0.07871998262726451,0.39349505202146645,0.6864110933086084,0.5746253369555934,0.3097989766872989
2706,0.5807747889426218,0.14632234042113612,0.47032146142338327,0.9161163087223243,0.5325338078121951,0.2125925631018565,0.41647351524822024,0.7775354271502378,0.6219850403390901,0.692740884836491
2707,0.0,0.5041605632076909,0.10144660604595665,0.550877214222177,0.11885868430799296,0.06657031689933599,0.5848054803593552,0.6108887024717062,0.3472738694269267,0.29446834553770496
2708,0.5622750316804616,0.18547660300782998,0.46752277667843645,0.31000329001124327,0.3629752287503002,0.21695014887288422,0.4483214385520636,0.9897795024715875,0.32050274603440315,0.8230888895197591
2709,0.48386001271454354,0.5041605632076909,0.3485990631660739,0.05099094908488039,0.3908754146972374,0.23594403415774162,0.33423278162889053,0.6427796214995378,0.5170684232774112,0.29141439673612524
2710,0.495694726064377,0.685904660632307,0.46016837091634,0.8096133542260955,0.35246200733777805,0.6117250339715026,0.43058431351019116,0.7726896928567856,0.21001985340004375,0.22327266380639182
2711,0.638550885032589,0.08983413399905689,1.0,0.6222770885814924,0.5337878358910854,0.2938204686122549,0.17109165744834914,0.6408688480716671,0.6936086990850001,0.4944983345198988
2712,0.49113999479655185,0.6930965500547279,0.8211441596136956,0.2631475238066874,0.537776460510209,0.01291492830837126,0.5692396566424629,0.805402869267658,0.4596176660532077,0.6564407530324541
2713,0.2901200714037673,0.6035099669334287,0.23233027943959114,0.8777964256208493,0.17306626600698727,0.010691036934083282,0.0,0.3902864265548225,0.27995272924449727,0.8887259456877201
2714,0.47856797090793063,0.33734564721026733,0.6044239453953865,0.9207072862603356,0.652508939209801,0.9999999999999999,0.6627578998029653,0.434071352753164,0.2761939113090824,0.8135024343840431
2715,0.517992841102866,0.2605094738075584,0.6497783646874017,0.887555343582733,0.49999658138437025,0.08564435427098625,0.6124302559684369,0.33483506000391144,0.5616299618858311,0.5244776700973117
2716,0.5269318956952725,0.718688847165116,0.4377647494053133,0.6017756303039606,0.5660553826410872,0.08914762569934005,0.7943931043010266,0.576286409588266,0.5564891301781218,0.9782961004102203
2717,0.5357968069164392,0.7412970663624969,0.5340347267415626,0.9770120443145471,0.6409474635839383,0.6804184931481384,0.9015298309645878,0.37431683761403206,0.3561544666127167,0.2964745042638738
2718,0.7013483244382911,0.3270017594491169,0.5522506246649009,0.8751892036687956,0.3485250415970209,0.07956051324731808,0.671568704693059,0.9879447669737177,0.48050744376185445,0.9994694400058675
2719,0.30034095050379545,0.8762083232058254,0.2496438288207725,0.10428916525054441,0.5010879514399724,0.014429852508814402,0.38314060799614363,0.6028299001093271,0.2876154385123236,0.3851490067662895
2720,0.5383969334368621,0.2686034258324867,0.30844258326469665,0.9815384964360081,0.4694510931140664,0.4815795320241146,0.8997852997613016,0.33534876943824177,0.4530475268805116,0.2623640283483426
2721,0.748622484436988,0.06957348036917808,0.5329137223282093,0.5490398325959979,0.7894455377358207,0.6841829454435255,0.27860813128523404,0.5079289534496663,0.7824631468906313,0.3827617599390835
2722,0.17797165682256316,0.5997557823204713,0.5193192660955195,0.9204403031616579,0.32396700363009434,0.05283473271313327,0.14782996517326247,0.7805575003928953,0.9069029827477149,0.585795580293183
2723,0.5391414815177173,0.10679218478806149,0.3686371874589913,0.7606723000897784,0.7750737796613008,0.1480504090611439,0.840711535241381,0.8060788644346365,0.46191096453181574,0.4739057018770585
2724,0.3948014889510894,0.2764429162484824,0.3526333490826965,0.6478456113358396,0.32202275326823193,0.3374495347324154,0.609901716833523,0.6369504139209408,0.5841819706956075,0.05012885093692848
2725,0.4353036778760692,0.5070430493369452,0.48403766985137897,0.32680355577377274,0.9898813523010644,0.11946564229161659,0.15279082679660078,0.0017561257524788682,0.576676517589185,0.35596899577538355
2726,0.33453369554483464,0.2861417467171918,0.6660444984143225,0.02702322169551513,0.3127673139940617,0.4146584718336452,0.24882276006335363,0.8686163837198461,0.17518022381325898,0.4917915151289699
2727,0.47325718025733915,0.2147543807378829,0.48651684704725273,0.27684443252180124,0.7012503905423009,0.17949027728909098,0.60062560866598,0.9098327676223227,0.28369236287798777,0.6632767426587021
2728,0.8526430845213316,0.7031082234322241,0.8034135102044552,0.6861168734714631,0.4267809319894403,0.0961637217518204,0.33838489063032245,0.871654419373892,0.062217530830826984,0.9530531310081136
2729,0.2666823857901185,0.5468694350825435,0.3710135475057892,0.8634930961228853,0.6351825698530683,0.2900215598539462,0.36492096768878507,0.6709875933377415,0.5874555488605857,0.9559071319048835
2730,0.28457247644103906,0.8397301529101643,0.536795273715452,0.0023284292748434743,0.48903916984112306,0.9999999999999999,0.8617384900373659,0.02654157496152025,0.8717232700800253,0.5140063299168062
2731,0.2596063347419458,0.5811212448698503,0.43470652835047874,0.20805029087922297,0.28580422279000817,0.28846275913314456,0.8952779381457723,0.9508383373129711,0.7046276320103082,0.5690678085305331
2732,0.8311649954090845,0.48329585577754974,0.6104333314913397,0.6733583938200022,0.0,0.3998919643724322,0.5259854581221288,0.06727678989552228,0.5105949173326219,0.6980188275762291
2733,0.41801565152459136,0.2610300032878759,0.3550183046947938,0.28374646110730195,0.9819125418891466,0.023091838814849126,0.47113753860858415,0.14900797971360819,0.48381115124146873,0.8353218867085865
2734,0.500409498549813,0.792018681937785,0.860232594538164,0.1417488554442555,0.5110026874106349,0.0930548626385179,0.6654214715309208,0.6277438687009798,0.43519822403665737,0.745216077832096
2735,0.4292524357857634,0.1966229293445322,0.18548910099150298,0.08195457887801724,0.0,0.7226518810719114,0.39528134630436146,0.4615413787916032,0.7034557258197172,0.7204987783244805
2736,0.32705932334223736,0.2419956404709587,0.8207108801858113,0.6381534719296792,0.5554105428958995,0.17214548298314616,0.08734225189998107,0.7546854322911263,0.5431113450408327,0.44724326546208
2737,0.4608802105131253,0.8415581181670173,0.5175635841884455,0.59511448313631,0.6302626093110283,0.06688814478004335,0.0,0.6329905437234364,0.5140070776063079,0.8689470458248909
2738,0.9690523793877412,0.7411281621536929,0.6038059507483743,0.858989688676038,0.3585617712513749,0.1514547314511121,0.4853257822672375,0.003616822542603107,0.49909834135951575,0.6625302933483005
2739,0.7678938281887813,0.6127658160477282,0.7496643315207825,0.31496339184398825,0.35986280985826524,0.014547675476248304,0.6616247998309057,0.642667659972536,0.616332939173261,0.1591470698656961
2740,0.344320131569494,0.038619141210854975,0.6607313358021979,0.1367623246403347,0.4930398664265564,0.1361094660226616,0.501857935353726,0.8582162894147305,0.4736470758010309,0.5983554474192684
2741,0.6274269944348132,0.12698604363352417,0.3646342106772291,0.7995038264302664,0.7294922090556697,0.5600634949080523,0.6483549436348168,0.852138707795672,0.5775567274326676,0.31051811455352074
2742,0.3483605834709098,0.49981167661655534,0.6126952654140445,0.9886217054257296,0.5162128210134862,0.9403901189558579,0.6667828918775189,0.15693706911900218,0.6919446445479169,0.20301853415424054
2743,0.17009337863168045,0.7462762968840481,0.8490570643916321,0.36053624044088806,0.7799053382401465,0.3407647969756048,0.754649839172955,0.3470172687000449,0.19154805302481542,0.6488315066747793
2744,0.6976016217089724,0.46394297854978944,0.3353049903602119,0.8657288325046225,0.7156863340240909,0.9999999999999999,0.5332741633579565,0.11903316523433723,0.44598138653008385,0.6422318403165026
2745,0.7241257088126103,0.016984335272277794,0.8958590175973341,0.7628773509080996,0.4526246287589857,0.40894546389880415,0.5498086173829835,0.7514075129152924,0.4184330420551649,0.9547205977978944
2746,0.7026092684500418,0.18401766644103457,0.5727129895699529,0.9119858031193544,0.19309586325181066,0.11314770453110433,0.49211568396858446,0.6274030389180576,0.4016891893689786,0.9762258422002524
2747,0.41659578072038933,0.5886508903311444,0.4199859824057447,0.42454863855984293,0.4530335212994239,0.01623906686424262,0.45122672950795223,0.4841807342745532,0.28995525636961733,0.40875384089348277
2748,0.4737807458166931,0.6941368412771621,0.3341864499789968,0.10132890264703534,0.5987138157535008,0.29687718018787346,0.2088439381249006,0.29938291279622603,0.36392713089255074,0.17846892697002975
2749,0.6467078149254285,0.0331250694406209,0.45913902883930835,0.11839145734889175,0.5084628438363173,0.6670732471779159,0.7151533706952382,0.7870470929650056,0.2934583104718363,0.14040568397874859
2750,0.5791118449013585,0.04303185273023481,0.13613003202128085,0.76353060126835,0.6195928140197946,0.37530302162214235,0.42809652144641924,0.7913852392985999,0.6588571842233888,0.9742628983689192
2751,0.43097794374816417,0.261083785279453,0.4233397918400674,0.8637101286404151,0.6638866951814484,0.14740245351518302,0.41752605840602514,0.49093170306524603,0.5738420230854813,0.39585233444534795
2752,0.1997709341132714,0.08321535253804833,0.45174630597328413,0.45720793458655706,0.5995602826177211,0.3507550559593232,0.3989695402099705,0.12392773865112362,0.5606694476486429,0.34274422898396417
2753,0.5267321437515188,0.5418146203830434,0.30040754563877514,0.05957907140702565,0.4436217974733892,0.16060668580671608,0.25158518992770956,0.46509340282806666,0.13605561833609053,0.6211268845223679
2754,0.7088274548226564,0.12342920723162777,0.6402510632573118,0.06671750804531565,0.5974374043331332,0.1890795025371349,0.4831217849244906,0.8960884074500951,0.8723805043159127,0.05725560836382232
2755,0.2792937146898372,0.6481235916557672,0.45998213630014484,0.5988567385697603,0.9292811917226348,0.6242958654052037,0.5941934398627375,0.5838989410747515,0.42452912322105324,0.6467394747342324
2756,0.625763889941035,0.777173117272041,0.3822081415621924,0.9190280998421507,0.20869464179432184,0.14815624099990363,0.36877018805014355,0.7539276398488071,0.8335844115073521,0.875748432853734
2757,0.5678000482381125,0.9705297000780176,0.440107723707997,0.3997482611367734,0.5911324509570921,0.1377736271727914,0.6903578081842354,0.29428851876663836,0.6444603951873755,0.7242567980098851
2758,0.6467800220871561,0.9484125356494569,0.5670071499436986,0.650900157055718,0.8512370168719299,0.41707046378369134,0.43092860709743147,0.3428163883222912,0.4581296834170219,0.4174194792542366
2759,0.6697655953798127,0.2731428887905639,0.5144365618247609,0.5422380983369094,0.2696802078347521,0.7763684770764238,0.21610932681576783,0.11662295786715128,0.8903071061302665,0.11608766502433637
2760,0.37421970996027193,0.02910500298457703,0.3700522476578031,0.8901483019492356,0.6905177693790814,0.12131438971966244,0.752372511606707,0.34245772783447787,0.6099313533679978,0.24119706552597203
2761,0.20016949181727778,0.32920887128617465,0.5242149557933291,0.8327516519277361,0.7163629561744906,0.25220083352310413,0.535524889987923,0.16915066056029543,0.458760430902082,0.2653808424102414
2762,0.40458590444614256,0.7084047142711345,0.49133026737836827,0.19942110561862483,0.21121565649673185,0.43166631909874276,0.6581936892778955,0.5387633047908705,0.42783999188280925,0.38488695503590753
2763,0.6730016891852499,0.05950686719941048,0.28827589048110136,0.6778358377526805,0.6346679241483486,0.15211047302628256,0.6625438764855089,0.3934921523730601,0.6981906086030825,0.13329391334579527
2764,0.40298512703068917,0.35951953964189004,0.44697622048852015,0.847874186347818,0.4443979535387326,0.2171376186678996,0.3243350657563823,0.8357330606699632,0.40021525910625305,0.575631168970259
2765,0.3742993147264026,0.2978206123470297,0.608825239122847,0.9306584844059771,0.48518595966898875,0.17508268426044074,0.402605239130914,0.3824073947037905,0.43022147297516194,0.3662742946543541
2766,0.16160633379401906,0.21910514208032636,0.6074824678082615,0.5901795352887473,0.43402274796780194,0.2502595343254134,0.689746137953541,0.2119040116900524,0.3887330778825236,0.4963426486212252
2767,0.8359250901439258,0.7060545573476686,0.45789374864623467,0.17597298844896916,0.7507875456300221,0.9125056514341453,0.8375293254150509,0.0837150924753937,0.35858444889922686,0.28509381414639307
2768,0.6610372078276531,0.6590049331349159,0.6269963631683921,0.5584698842581638,0.4751905677082557,0.11980794561588548,0.5105829720565078,0.252163840990031,0.37020683257081605,0.4538322700256023
2769,0.650505893522126,0.5353603045428507,0.318023588931559,0.6661063522731618,0.40726039596642893,0.5683649394225893,0.3831803073088383,0.6972524020941137,0.8388706975806455,0.7126364905825656
2770,0.6878310634168611,0.9107675122915817,0.323798925476419,0.2725952859001809,0.4105366693770428,0.3600001960921726,0.8093205492293256,0.626072521136214,0.6935593983082542,0.08816756408486809
2771,0.614056505678917,0.10285913767966608,0.45392313661280714,0.9734302707344731,0.43092109878939056,0.26278737189579005,0.38328419003654074,0.6197834031058925,0.5468484511485487,0.5100669889029691
2772,0.4591485256144752,0.1494252207879413,0.7800708274584333,0.22941260055368048,0.2880663254993939,0.9324263289637555,0.5596054354305808,0.8581670460264029,0.39812787141145084,0.6183085073080333
2773,0.4743489606209394,0.3832645727456744,0.5312268511904904,0.9117529229068895,0.4055542672409708,0.5436887482027738,0.4199737234317618,0.252402039797785,0.3973916536878435,0.6676596364578031
2774,0.42457683743634606,0.6557888948846248,0.4494265663968052,0.4253572916918451,0.5196383203028228,0.26883625798092287,0.5485534524272688,0.4705305947547138,0.4324902862332513,0.9227932785843456
2775,1.0000000000000002,0.58396190089493,0.78875628206124,0.0005351716328314549,0.5750961694977087,0.060134939613009704,0.3244564198311953,0.16772063421225392,0.8420048490641461,0.7811128816208711
2776,0.6101327888908973,0.07375315208030095,0.4472683209950886,0.5435199927310231,0.7297716778590804,0.1233551400654601,0.4297754636796735,0.21836480153751825,0.5574088258502379,0.7389831440895338
2777,0.4177400493566907,0.958433758911186,0.9175493539403566,0.6285559236834183,0.5434896835216207,0.4163878329467997,0.383160497959602,0.3705898648350653,0.6441577151047306,0.8679971165497249
2778,0.593073824249308,0.30485325406939096,0.4054289915710213,0.869744419675215,0.40510248482672545,0.26743511466842057,0.6210980373920127,0.7069754682078049,0.5401054385539661,0.9144239169957901
2779,0.3145227153233404,0.3587792459790461,0.31209801636261625,0.5407929026889446,0.30131522080258316,0.6025847129692002,0.5290210936423807,0.8336894077454684,0.333888641817141,0.8393444544146045
2780,0.7891074856707018,0.6235257565072182,0.46975531759408773,0.09415347743604571,0.5538395805421461,0.9999999999999999,0.6613152146547041,0.3068429146616062,0.5216256768746854,0.6139747674435627
2781,0.38052067833507713,0.9451699974415942,0.4543279633809677,0.9272210798100857,0.4741751214550499,0.22302280028254956,0.3465413175978191,0.3974535985216954,0.2977552323751748,0.8430928266780411
2782,0.599788461640114,0.6625973793023717,0.3501447803768696,0.5655958708846324,0.4805685732985758,0.6315004084995043,0.46044355972247947,0.8876766507424927,0.7292296515426595,0.32637227335552815
2783,0.7063686597453812,0.9547810522920352,0.986038207532734,0.27163697528309383,0.5476581583487751,0.02554416284919956,0.6142328848581693,0.7801844527190024,0.3599183298967778,0.9519798833117594
2784,0.5778425451029195,0.18733990751626053,0.5602036163538698,0.8992532646087403,0.5973417751531304,0.14297729568414178,0.6573480494702941,0.6902194398769875,0.39349360457952126,0.17341184209382943
2785,0.5230708959624125,0.6187042596674258,0.5873616870759808,0.12094990089262433,0.5490519378098353,0.5480115133316845,0.23213807619807453,0.40683895319186814,0.6566278372919618,0.22916835448687783
2786,0.5072849776142943,0.8288441235983004,0.41464260050836355,0.09750847845948263,0.46389498563880516,0.04082078933214579,0.5575435788526921,0.34071052133336366,0.3694753110524908,0.15847424964416867
2787,0.4945979699552389,0.508881744917821,0.3930482364570427,0.5352362005080201,0.3418688096757019,0.16045167085807813,0.3488495456821758,0.723336153098576,0.46052505769586044,0.7770045393422877
2788,0.3964391775484281,0.36198138842567695,0.6920433856102273,0.6251527192235039,0.37834859916163804,0.27581938706126197,0.6666846153575567,0.09281276000912635,0.0010347641610141678,0.4344625232233655
2789,0.4204412902986509,0.9847763731742694,0.1882437607031959,0.5111751998542109,0.6609543101762957,0.9999999999999999,0.842195221623854,0.5432527632394831,0.4408539346257118,0.7380187414768185
2790,0.7844064312162091,0.14072039970657224,0.2876417583967591,0.9294005707422637,0.4149447341793907,0.6950942641350072,0.016969848985697422,0.06026983217647976,0.6150439514632198,0.5100376890512709
2791,0.48476892194562365,0.4107536958637922,0.4546591341724233,0.2629226071878342,0.23651657982659263,0.19410070589978135,0.37787399849224074,0.623177323056129,0.38313779855795943,0.40324092260327826
2792,0.35698796370995134,0.8733540018811752,0.7527456892641894,0.9906718000199073,0.7211710596854009,0.2130896786486772,0.5475751533684765,0.5682145282249732,0.6083924000138328,0.8963759186272935
2793,0.407835226343121,0.9004701447920767,0.43093529649640805,0.01933899583819712,0.31459622026980416,0.017733557193868904,0.4981963981715693,0.059256635153753304,0.4990713109414689,0.4321118963972031
2794,0.7128577176626537,0.9803984676002122,0.5783916117562027,0.11856932751010785,0.5036955659083436,0.03488135483165108,0.6722846119567643,0.419569146768328,0.7088068057354793,0.6183799100703695
2795,0.632715990506942,0.8848317141561387,0.5059523984261376,0.18574255582793112,0.5918821008136907,0.9999999999999999,0.5134942216444207,0.19200230766874216,0.3625100149680173,0.8585944933144416
2796,0.6109661875421073,0.05065969828633669,0.7425277939954246,0.0795931208313535,0.49750033986076964,0.07368502077697012,0.40116100395529847,0.7980784941939788,0.4562515194937438,0.21254849610618443
2797,0.4566594797126006,0.9297657822390554,0.20523702053020623,0.43840040378024925,0.01753863561426089,0.44049508839352614,0.31064015986695553,0.9133158490091623,0.22293717875309554,0.4026894362647147
2798,0.6134252245833033,0.4279971776793457,0.638035122479897,0.8657514043656698,0.5724088040280567,0.044297382397182214,0.2796043392108361,0.31431174515914667,0.4846485563647583,0.144853050707706
2799,0.3838239687891097,0.6515245917057125,0.4636873140066914,0.8211180127013923,0.753451842069993,0.06528814817737863,0.36185786587609153,0.028762549272079566,0.4220544401405772,0.5426633824279992
2800,0.45626461765437926,0.39409441667434386,0.6732680829735209,0.7450805450898641,0.6490145161778647,0.07378673577051205,0.39463714015129453,0.8976772130001626,0.6845432014508364,0.7895597994738739
2801,0.6882233346435946,0.8136281744861049,0.34798849239470153,0.007393565359312598,0.08603968818182006,0.06370371377392837,0.5697134640339925,0.8445095232031284,0.3834543191894249,0.05497379940194452
2802,0.6701999556284878,0.575799130859989,0.505330321448333,0.8660854091378226,0.9083446532796553,0.07143924588018753,0.4699873813493339,0.7968041672779232,0.42164133482375904,0.06027282405646017
2803,0.31998652529693633,0.8455154991852457,0.48166405250669764,0.3966624191055832,0.24042211419706216,0.1744568087210131,0.3788065604218693,0.3560405333245438,0.3738708350676582,0.7411802843422821
2804,0.343831724675357,0.19352234616656663,0.3138311694082109,0.7319554026270372,0.288282201874388,0.753353803625357,0.31267257300753887,0.07918377442232123,0.5073016546355082,0.7095781564701382
2805,0.5257561278454407,0.18473100320838862,0.26198954115901885,0.7272341595815845,0.6481141834383937,0.11507984620350936,0.3692608374676119,0.9749451461167756,0.8799172148380834,0.4021600412236018
2806,0.8309223778760559,0.4402109087607657,0.3925368693962793,0.17758352176627004,0.5844696558014705,0.12459101606517328,0.39483367949881737,0.4931636750238674,0.0,0.36065562234863835
2807,0.1438304917795381,0.004438622906328421,0.5250127202337035,0.5156129225401272,0.5124168101163967,0.07195342835806491,0.36086593597211586,0.3562730849950656,0.49305571107179486,0.2819903888531138
2808,0.5577609651391332,0.6927722760821877,0.35962020986038423,0.9265881881570495,0.3867391845177496,0.3253486756039597,0.6231045534457031,0.7771529128702637,0.7252504692386865,0.06170308719748052
2809,0.2456239740142961,0.2958391240555171,0.43922380326871824,0.2631505074363082,0.7543016600759733,0.3886546075133452,0.7513292700711776,0.6705724101468381,0.4043874540815973,0.5135222883995021
2810,0.3855654501564208,0.5571729162812834,0.14908793839577947,0.7153378477582426,0.48927113097257596,0.6611889947560985,0.28190551540850267,0.04131754899117722,0.49909834135951575,0.616055257588904
2811,0.43648891857820676,0.06971266181492608,0.43165648532415646,0.9584729436877302,0.19400627646840135,0.6228850316504297,0.7054239077580204,0.9584608385109373,0.7258177040456633,0.8653609905676085
2812,0.4259081217705835,0.17038742832511095,0.6916756702573937,0.36077798671748507,0.5010879514399724,0.7430810226088708,0.6268177078688189,0.5558585894202912,0.4496735776232645,0.5418362607789138
2813,0.40453375244881223,0.6227548673883351,0.6322942468121805,0.38779291759159573,0.5392934927158326,0.014990444957964007,0.5320940243620025,0.18778814760718132,0.3781662373948255,0.1519046254740184
2814,0.5066066916985269,0.3054512664879699,0.4845705464968031,0.4527516518226097,0.7125504028650396,0.570047913011317,0.7805968794790852,0.015404360971557882,0.6798499083460434,0.30813706777144056
2815,0.40425835949319794,0.2144798882899326,0.5462213138137224,0.8093925307552092,0.6076242745959675,0.012049959718260464,0.46748881925276714,0.5520298787344866,0.5962511323207256,0.7850152362540035
2816,0.22931993057961364,0.2286092137355416,0.3463140796218932,0.43946775034115393,0.9594826216708783,0.0389339576414396,0.5730614160740282,0.5938604355647937,0.4902920811658457,0.618170268328231
2817,0.6523876536166363,0.21457734331104308,0.8037320174549537,0.48645060880326674,0.43692114828523426,0.3157678706619935,0.5217345118164756,0.09911513906438228,0.6182652594268021,0.7711020684990213
2818,0.6472939506217067,0.6227466440223932,0.8864100233939648,0.22240061169871853,0.49999068862485674,0.07009590410088096,0.5080118057934677,0.5447154950919076,0.6845839181386348,0.4134523760321097
2819,0.6643315735980471,0.16743328668677068,0.531520023276245,0.9887809192048482,0.6361126180011498,0.10907767070342077,0.5835974646786863,0.4314354976205007,0.4920682721085969,0.06745971524787064
2820,0.21455111259327458,0.36251425156383743,0.9839329984321988,0.8927458069870267,0.4381161385882303,0.5302302000217165,0.5074711984426272,0.43734281726963775,0.5601715552679054,0.8921263023775463
2821,0.5616448496966056,0.6878045106591713,0.37393000078665106,0.6005114631344077,0.6521297536456357,0.9999999999999999,0.5849110001536231,0.9753360396861038,0.6013989081842621,0.3491785359698893
2822,0.6327862190623607,0.5135299022953278,0.26746016493599667,0.9609831311852206,0.0,0.02413901102212383,0.37531442794484765,0.29550707901093837,0.41439573802436974,0.08332758534506429
2823,0.3106863882713561,0.5971679351307367,0.36843930826227134,0.6872948595216085,0.4827995599133772,0.002623728318548186,0.3810786958819003,0.8841742214778597,0.7278308276573282,0.5868659052963289
2824,0.5069776592688315,0.25067713809212827,0.4598471176181266,0.9595280225204723,0.4769562775733903,0.05024772190293138,0.37447696118815105,0.3441729874827446,0.3062902245137436,0.7439505647979197
2825,0.4833104732696632,0.9327151508914745,0.9319716878019445,0.16159100061707657,0.46994981480198544,0.0898591930203693,0.431595405543226,0.17904545622852946,0.47720617923714753,0.4779742529857446
2826,0.8528119556482214,0.41370441222088733,0.4483461372986166,0.22554197466591178,0.3272563266940778,0.7113389500682432,0.6858710599726234,0.15179157924980918,0.6479508542856947,0.6138416879097582
2827,0.8683483478879834,0.2867462649362081,0.34045896795280506,0.8855708143147043,0.6721465887120726,0.43019388584755197,0.4136223867563091,0.9406893711351288,0.3014414873498205,0.41722455627555805
2828,0.19122693437552973,0.9043168802301892,0.33322236490209556,0.42004848237701475,0.39930448739608176,0.0740279605103305,0.6192939831387378,0.022731532768792265,0.6676752762260403,0.8136746352837239
2829,0.9757848919972998,0.6551962583309966,0.7133903889282462,0.37130936233032263,0.5356163276628202,0.15011448316819836,0.5478843100386293,0.21873083786943637,0.538292836353214,0.7837075713643938
2830,0.33256805371531084,0.6138385521469881,0.6867736486081231,0.7546634560283855,0.4896893612093389,0.9999999999999999,0.417457177830814,0.34012507317888824,0.7538972203583123,0.719958249930809
2831,0.6902739906842996,0.8867194109653684,0.4102415025277294,0.6305966571973776,0.5936618478643382,0.6042019799539946,0.7404684260248104,0.6566619510537915,0.618557296481151,0.019817941838299602
2832,0.6883541784966442,0.058245518620220774,0.15095536473532647,0.34421078568459185,0.773664506483575,0.09801910836989565,0.6347286489810693,0.3754753626374169,0.4712170187266062,0.5163282827386244
2833,0.31738653235524683,0.8376477140542051,0.29030322573696754,0.3980245416295628,0.5346162038390146,0.13501916544573825,0.4992345379630558,0.019851238173815774,0.5461410487673382,0.7853378374168487
2834,0.5983134802286276,0.6777786266453097,0.8217857666452623,0.40855255797052326,0.6596268584841684,0.025113585290196624,0.48393449904978764,0.5167284814028716,0.5529647121606363,0.24482741358340576
2835,0.4849581404317865,0.3597997713005356,0.6292408561796403,0.12637025134903715,0.5248996449707793,0.4564712389167541,0.516199594354809,0.8844795471697978,0.8865216365925388,0.25915681021006576
2836,0.6098343023541002,0.2561233386961059,0.5129893856455006,0.2296403835545123,0.3990020891421745,0.10897804027348564,0.21668437209680796,0.8865862955595981,0.5182304009815726,0.9042476297949638
2837,0.5487686650517672,0.10452674748120822,0.8493105495022536,0.5377585492386777,0.46949674589508783,0.5132419955497765,0.34668870257562995,0.9916805428215928,0.47592498387314225,0.841711130769806
2838,0.7309644896558093,0.9410772693452562,0.8660006316445666,0.7821679110416516,0.4420330201467297,0.07973101296328093,0.5842463743697031,0.34204490611996363,0.4650059265905037,0.9881393691746425
2839,0.5194728073218787,0.14164547475905498,0.49407853497059884,0.4192219947828896,0.6067758079820376,0.002516703890451229,0.20683359263139983,0.12196851665370596,0.5380196454036894,0.4973935023273243
2840,0.4735735190082732,0.25921157387129357,0.49750405921102214,0.38351007327669817,0.5175072205880891,0.26151308228255177,0.36095840634001003,0.06900895662445815,0.49909834135951575,0.12418232212989283
2841,0.7120452050364479,0.6910259115333517,0.392231889130904,0.6507964476540982,0.34324547363617675,0.18330829457826234,0.4264757361426756,0.8670939640816507,0.429423763185837,0.008191824434732153
2842,0.6147522587692785,0.7100775978741074,0.44770381610457144,0.15730702602823884,0.45394428754274097,0.5245493161713479,1.0,0.7481367882061649,0.3098564379843855,0.7061193306376878
2843,0.6433207178680919,0.16050844038212148,0.22358783659025225,0.38090639974879703,0.20172408034553863,0.1320607178655035,0.6232197761616642,0.6274162400883125,0.3346811298781938,0.8166662703155056
2844,0.379857004811248,0.8140914149351529,0.22283040270676915,0.20821282809829242,0.46117054752642495,0.26748923975116334,0.7013808164115334,0.49651566631860977,0.6549031874450917,0.4282534999030085
2845,0.3080335040922186,0.5101449720511939,0.17951257152609104,0.65192704881863,0.497130408934764,0.32635023702091404,0.3503446585377063,0.4570696913932919,0.5071319294486796,0.42576393951319164
2846,0.3981327762654187,0.8484285175965087,0.7030053538568687,0.1123965066818512,0.8466808236671173,0.071751637712717,0.5657101606148511,0.4937053367731806,0.3612037053597114,0.8402659827112906
2847,0.3881143553949408,0.08700032404548645,0.20958624958433206,0.4480097797365158,0.7577050753478415,0.9999999999999999,0.17412860604266162,0.36351131987602947,0.47359068493867923,0.18599889690605265
2848,0.6535818921062578,0.04252992901475085,0.8644407860767597,0.5964373320508862,0.2968597027297962,0.826946552389375,0.4379026280194616,0.4744177520252293,0.4553960862233885,0.06338372609532722
2849,0.6893892545158973,0.6368908483297859,0.3645687500360587,0.8340400761700563,0.535905504997057,0.07995494310356258,0.5921528841671226,0.2098937934461087,0.512151385406836,0.9656986422320342
2850,0.4759779327931087,0.14975990634227443,0.8247894800079999,0.7248656614260344,0.5392983905149932,0.08699051953489026,0.2373425336700467,0.11727053738839598,0.21582262870871022,0.5423705232042894
2851,0.7752234354766505,0.5248116971498332,0.43270003673132296,0.9432780318427247,0.4523049751876441,0.660740124659634,0.571445047328131,0.21086011888105544,0.2948241396883909,0.7723664909115688
2852,0.7634408450207413,0.013798995410798364,0.20869395174719277,0.6801722217830822,0.4646357301176132,0.14410987738939998,0.5867476353999084,0.9710355220071,0.22829356011806096,0.9547461796548703
2853,0.5511698400907666,0.7798779711282529,0.7402004175933431,0.349331177513865,0.42841432387732364,0.03692951347641138,0.3877353424555113,0.9907711842584527,0.33123687922838924,0.8104132851162756
2854,0.35017769833443485,0.8995192476326915,0.762223089999155,0.23181133579478644,0.8591105085858075,0.46722102090728035,0.34487241937779084,0.7514366659394576,0.3648388803125889,0.4675786401132758
2855,0.8024787648418552,0.8388513701235395,0.3318064629808778,0.05658920972386142,0.4163764791322234,0.41742916072812325,0.36693348346335003,0.8371735408563379,0.30559878955286707,0.6481013108618906
2856,0.4937345519872692,0.9583617440173675,0.4389293817730331,0.2776961888165067,0.5628243231004736,0.19230999848113942,0.4348887245989011,0.10305947627710098,0.6473640551190452,0.6322268607039108
2857,0.529050941719252,0.9030860355444617,0.3318540312763255,0.13689245504491623,0.007694694389503209,0.9999999999999999,0.4404564269447336,0.12253269983198674,0.8516927800817438,0.9255307909931783
2858,0.44117243536117695,0.4438533544246931,0.4783034022810283,0.3693755459168373,0.6561783146498883,0.10344561066603485,0.5929357449440391,0.09214047986267086,0.6589842164974056,0.14102607066915984
2859,0.3373670391438041,0.3981681304187372,0.5208907947551344,0.7028824063048219,0.7259448663928602,0.40374029415362034,0.40030088621399534,0.06266186177335796,0.3947269393885518,0.6956989395632442
2860,0.22815354231420226,0.8961716159373887,0.4352496729562929,0.6923334360276326,0.29338663456094416,0.6255914156999562,0.7945206682172694,0.7472640138183635,0.5420721543183911,0.8628194405194113
2861,0.6246524032812089,0.5041605632076909,0.16156561496865926,0.31829368675431013,0.39786501670051017,0.13769021005919307,0.7931825955086307,0.055864736260868006,0.48952388195749746,0.3590447427989093
2862,0.35743987744202294,0.9728497674328784,0.3924495981113979,0.5087672948236077,0.5842108636489597,0.05993229777198602,0.54248819798504,0.9490974834950571,0.3864778465810191,0.7082837149987737
2863,1.0000000000000002,0.7682620262120068,0.6319843724943446,0.21685213800621753,0.5006420455232444,0.6763629172968284,0.43531584675497376,0.6538972416520716,0.7538095113581655,0.2498011787375256
2864,0.3003335866559467,0.20174247805331919,0.4618222422790538,0.5031890753267995,0.5870863654718419,0.649403308580579,0.4005077693276203,0.17041426748543126,0.8834695026501247,0.08797656077299837
2865,0.26801213527294926,0.9449585447486071,0.4397148345255587,0.5102975047274996,0.44131759435735396,0.10282047697011427,0.5573521650835735,0.8174917960780993,0.22286990792747347,0.025345194866790266
2866,0.6014965763912106,0.947146613706878,0.32719525413141126,0.30141632838593246,0.8572839565742534,0.44007540882217167,0.5896340623002578,0.823667094231392,0.7757616403823822,0.5299028389599675
2867,0.7937878644207019,0.6660416662118098,0.3870091341967161,0.2595680247321682,0.3673318848210114,0.0017246769656546227,0.4618175663599347,0.5636888637333952,0.38986688234204186,0.05160938970131085
2868,0.5174332680631198,0.8572550839075297,0.7635439421751785,0.9800062792446116,1.0,0.14271440601061125,0.42636775798379906,0.09046871187850707,0.4523059974386971,0.592405787644003
2869,0.6132139008122031,0.5610512997943827,0.288217511037249,0.5373515914297352,0.7370996387587228,0.17760956749353018,0.5639918492208995,0.4004694419513597,0.5558437918207344,0.3754880620928015
2870,0.15741833346433232,0.9441310748619078,0.6352115569641331,0.5623162020458359,0.6578315180410927,0.514397098429862,0.5116448505765001,0.5483271566669479,0.796163563862966,0.006806736186669604
2871,0.3774184234712786,0.09365357559195789,0.5095567161516743,0.007778430929000879,0.2956211815034281,0.0340468952499406,0.39334102149293865,0.7437157862607287,0.555572448365238,0.22642999435506528
2872,0.30268405369742873,0.8639407697880596,0.5464372643417392,0.18190526529602566,0.6728351014321906,0.4427978842478828,0.5197631092043671,0.2981268439354113,0.5804992501255057,0.7383959158208866
2873,0.14770194303659517,0.05520783647436967,0.36419978875691317,0.3567669267895859,0.6136959159584527,0.026060991133112332,0.3872249730481199,0.8731634653367124,0.6642628366762777,0.37875976466127603
2874,0.5273179825494732,0.33890697952664506,0.4351761363918262,0.9664062982948578,0.08688759149450626,0.25018277300734965,0.36021405526886746,0.2503292275037099,0.6942366258199817,0.7255425972267266
2875,0.08208473269074622,0.1350567910279869,0.49971432849960706,0.1753031792911364,0.22518996586240586,0.07175881362774085,0.4979873512390495,0.9982881915144731,0.5992458324937,0.8149667082722165
2876,0.25578354589396685,0.4789822810699142,0.4036789451707752,0.30341011845029175,0.5660527738709276,0.03377376072912741,0.3928710871944319,0.11455607967344379,0.6954146414913118,0.7969360154273137
2877,0.4038926673142495,0.23201001834908944,0.5625917943518122,0.9905936819744454,0.4710940316036588,0.24541144469527582,0.36365709613701286,0.8329291040811829,0.3885542156921404,0.6705881586261662
2878,0.348405287154522,0.9520791904722404,0.5860915470836139,0.48131092955828303,0.39697690372209926,0.09520854904189938,0.6918547558112065,0.13172910181659586,0.17262582385092756,0.7465779131685569
2879,0.5800386969282088,0.5591955861674979,0.9059816545196863,0.3185351439929862,0.7055759004485577,0.36867391952798645,0.42653829329716325,0.7592434521328384,0.848852467321416,0.5697723771627914
2880,0.5629018000916576,0.8977192064254039,0.5526623740600728,0.6346317747060383,0.3259308980243585,0.18578974229513806,0.8390320363888022,0.8623003061354766,0.30500245934309994,0.4647296236183536
2881,0.673883064017023,0.27783779166303385,0.14415600232214484,0.4965115679395068,0.408821854465359,0.15222843802179264,0.6145294755505775,0.31255125203807904,0.4007214406873861,0.0616524228697965
2882,0.64720179597833,0.02567180194859142,0.7176792257176265,0.9578707188571054,0.37172468225809924,0.09036829094209393,0.3474743251850357,0.10082555354189031,0.4391576971056597,0.9751096690343133
2883,0.720488072578496,0.7756022716462768,0.4627601109015711,0.08321410835383508,0.5955584108751382,0.22663612120443427,0.7128977812209574,0.9999999999999999,0.40641261422536906,0.8402390976851957
2884,0.5048849589845016,0.7023001958706673,0.8759966337982431,0.7908926949239309,0.16428789690977968,0.038579738937923554,0.36667927612214374,0.9711238408286343,0.36418816043869245,0.6719092735649734
2885,0.5625030780280004,0.5453612304873778,0.7751022668758046,0.279195640702797,0.4006145641407789,5.053882891445579e-05,0.8630162644759412,0.7567498301997745,0.5902123693197991,0.6440766281668153
2886,0.6017559998946788,0.8153033928191383,0.4065509014569446,0.8070215288056817,0.16364822924998373,0.0026159311660176984,0.5406415402372375,0.38617214486591855,0.592234480203351,0.5767865198630779
2887,0.53197377770404,0.8400533863667345,0.6354129140284186,0.8480914411141797,0.4363592030236685,0.4108344674912552,0.5990170829436894,0.13391432094390338,0.6199160272678568,0.09436440534828211
2888,0.43030686249286715,0.5877872073231214,0.3900110109804692,0.8495946504173612,0.6367351373672981,0.6246470949877128,0.5046169482338463,0.4177531205663352,0.607997289668027,0.31936373445190236
2889,0.4425238077859222,0.9659392793754539,0.5012829454249718,0.867075536983318,0.6401873258544379,0.4428883797759444,0.5479648175559717,0.7202469899721979,0.4229801647547408,0.33957919134250814
2890,0.35099529110322797,0.7196403340652352,0.6268494081720082,0.7184389338364666,0.3561405372100169,0.06774902569133864,0.45663173901349946,0.15188962507929077,0.4226677707242393,0.793695201193382
2891,0.584794840798061,0.6767893047063808,0.7083509184837198,0.14245047102900546,0.6000367709946546,0.015822673892075256,0.3280809705387287,0.016235630486015798,0.7147642996117307,0.6049385367050952
2892,0.4875087366257597,0.36122925138452594,0.6677331942264282,0.051907244656461404,0.46106218313155023,0.05620155891455357,0.5615805781402496,0.9040621667471315,0.4030886709696397,0.39811192741242085
2893,0.3801235857042567,0.0019448151350427456,0.5147663648967874,0.34090290722389094,0.7601486237232395,0.1454562404084698,0.6879957057887724,0.6998806951319836,0.3993145399142292,0.3280489842438753
2894,0.38029885044287787,0.24070946943886518,0.9639291039526635,0.49527857454026036,0.4717394710043103,0.38199048636355115,0.27921535246291,0.6937268679959571,0.6787260784375251,0.8538730020286984
2895,0.27687672414437764,0.763863814230534,0.43270636571397547,0.3027409998964583,0.0,0.7635755174339399,0.7831449423739518,0.9472414400198411,0.49861041826193014,0.7856267200654712
2896,0.6899283496500084,0.7097963195221906,0.20104504129522457,0.7425294488078448,0.6699334280260835,0.7252692208284744,0.6098240378344693,0.5204766233030376,0.4061888710497657,0.8130919859510866
2897,0.5200799825483496,0.3308193433765383,0.23694572113213333,0.7227568921919894,0.40807556290953473,0.25693435446925184,0.41828997386223915,0.3177131157061882,0.40798416558610223,0.39537515311775295
2898,0.3424593952645307,0.6254795912245555,0.7756772850268253,0.9723527938061969,0.44384009973776134,0.05904461511761693,0.4149928062447403,0.9094561478432949,0.7156591441392399,0.47921228008286604
2899,0.6577984586282387,0.19503886579148486,0.4864856744889159,0.4007382935996673,0.5618545428727136,0.15068412714379956,0.8428700733040007,0.9858930115517187,0.613473220008244,0.5732546433728959
2900,0.3995050616763796,0.26340217131378857,0.5304446640813069,0.7860702156360385,0.221300608704955,0.41896520607266424,0.6721137119053271,0.019897615740278998,0.5470777973483378,0.1917654543514944
2901,0.2398774889359142,0.94741333078329,0.3996027235026095,0.741522021947261,0.5113178478164374,0.04338012237280986,0.7092612979239825,0.330317439069528,0.2805608740107019,0.3622428328649666
2902,0.6979245122007166,0.41300550102805045,0.41635403237736157,0.9891855573324939,0.6002640560293829,0.4148433014758539,0.45258127619762206,0.3620713273802445,0.5478856570655211,0.49109723711397574
2903,0.40391093174987774,0.2447557550571791,0.35399109010850627,0.7739522286469381,0.567297721973336,0.49087771326597657,0.6014062604713935,0.11072603166780044,0.46171438325364805,0.6703589638540863
2904,0.42809848041814863,0.48695812649006803,0.5886487388958558,0.28368585959668646,0.381028245817216,0.4906694868561923,0.5633710165654096,0.22114506091657243,0.32879535991513414,0.4494684147418438
2905,0.513016489572493,0.3868319769530473,0.48262017764807486,0.015260183217760848,0.688744404326088,0.15924365507502497,0.46668027474943746,0.023897958158238294,0.38785058792591315,0.15455283013806254
2906,0.7208232385229371,0.7294607371934317,0.5819077690300343,0.9685927165692485,0.303935006920786,0.4143298765939061,0.5190652008631418,0.6963046140878704,0.6343962274132184,0.4250739444532225
2907,0.5090274164214462,0.9621263075186434,0.5640849317304506,0.7163795230398262,0.3758849437872969,0.17541714118116483,0.7037258712407402,0.10640049175525011,0.7381753176034487,0.5313435211468244
2908,0.279005263613686,0.5916226178271764,0.42135654676376133,0.8129615596922726,0.47057144675588936,0.9999999999999999,0.7940529984295195,0.8876435456307723,0.3012554434608156,0.6507566466744578
2909,0.6078620979725969,0.5910321810935023,0.2287340654974153,0.7935901703670578,0.5010879514399724,0.45471559545256635,0.4525010135661503,0.5837889312544257,0.32521937793978667,0.8538022941077491
2910,0.41374219280671826,0.36464246916640286,0.21249607308810245,0.7360806367643395,0.4341023252303384,0.13309914495523711,0.25662825265934114,0.3558206029094052,0.6340121023088705,0.23245104604718236
2911,0.8614481676338106,0.5645069765483892,1.0,0.7518012508785085,0.7345198971352314,0.5803471511504263,0.8021718773493165,0.8088505038769471,0.42440284968313396,0.5597042855256442
2912,0.5050356483745941,0.3191221182988902,0.7764541730118021,0.9298669230456258,0.5539941932169876,0.4955067865867561,0.8044902961343905,0.6505283679615483,0.6071522925317061,0.4173409865557178
2913,0.08355490008391257,0.0007779171368951542,0.7507194617364241,0.9145129534277754,0.5115121238967989,0.207135458883081,0.5727828748934642,0.7529490099693045,0.4218476170525553,0.686934603118196
2914,0.5726722167593958,0.8660739659204988,0.3749698198414877,0.37938211961102764,0.5471952178956747,0.3809577549532575,0.8296715036418922,0.8777857659145695,0.6117578603150604,0.874266591556273
2915,0.8721410167679557,0.42927450276276063,0.5025546426194801,0.03095653207778362,0.6386417336729548,0.11135995269232968,0.5593553819853501,0.8076276762607951,0.2411607174756531,0.47706286543421383
2916,0.8025813351452172,0.4919400456007272,0.34871942771964637,0.03868015679357531,0.5434502231422665,0.6292748408536679,0.3311714833546245,0.7790862064809387,0.6065021067916196,0.844169274197059
2917,0.8506994971673411,0.08321457231416467,0.25608339213064746,0.44682477925273845,0.14686811095034935,0.3504685824468551,0.2567991711345599,0.7297541944676593,0.10332973903944981,0.001959425491915634
2918,0.31284516860014755,0.837078523407533,0.3909773624288019,0.8353447636838234,0.7076184273776639,0.07650505915502755,0.25503552667389556,0.3771641883070432,0.6779334648567641,0.912224444602237
2919,0.6773459117379325,0.17008003560594173,0.7481089682742846,0.8479822769032395,0.5200262546050076,0.3488699950868638,0.49974651596310865,0.6516898665028994,0.4956780176336701,0.7884812622517956
2920,0.36902566049492463,0.41044522304095965,0.6575765498917564,0.40455654170571553,0.6293469542687121,0.19756935981677579,0.41287679511152636,0.5655001715782162,0.5859659043102483,0.13378474624930048
2921,0.5475643802947366,0.8402346219312227,0.3198712946435496,0.301731259764879,0.4183573139816785,0.6334146689324428,0.39209866199520743,0.9635124124398736,0.5471889472500577,0.6752866110511464
2922,0.2650744973227092,0.45762292218935896,0.442069264472538,0.5068154702981064,0.14354121927024666,0.19167253693020578,0.47917993166237854,0.5006936342430185,0.1780656948551394,0.5142038448609827
2923,0.3836551739258089,0.9311520858157851,0.6404894005338692,0.8329073188022118,0.05607479582344016,0.18647289935648215,0.6572135748555572,0.2213897912631092,0.761809628870584,0.970705707232983
2924,0.377657066855051,0.20907042397591383,0.3942973829983073,0.6367699580102836,0.3142114361699283,0.6969808199407581,0.39797494759545443,0.4574576426503085,0.5656863083043329,0.3043064117640629
2925,0.6747804960592384,0.7151597046417779,0.515623613639994,0.13985094152194963,0.5969365753461331,0.057104591026005555,0.3669054986396159,0.41435067266950676,0.6458275876426862,0.6089865006072374
2926,0.6563214038553519,0.9780140851133594,0.5757239560903122,0.3623814927715846,0.7479251840730468,0.4733908583808658,0.4101524423178931,0.4682528436179193,0.3503064907740396,0.5228322685763755
2927,0.5574754624397821,0.5494846132596526,0.5736880016014916,0.555662423211573,0.5552872560606851,0.8368112081022485,0.6688295034636915,0.5808419422102207,0.5478832656948274,0.2210809625193057
2928,0.2504581505748476,0.6921029940146707,0.548178158198639,0.5384910360555529,0.2933484558545765,0.20613353488725808,0.48598642583173873,0.9480787459429841,0.2532877198598203,0.8136645126101096
2929,1.0000000000000002,0.39304485298625674,0.3788693774282835,0.8309972528997221,0.34520690996898135,0.39331852082932817,1.0,0.2806918188520477,0.5304909126008821,0.7430110483296231
2930,0.364474488609943,0.7512764001576024,0.3980267025082799,0.9325817516313564,0.7600902330091606,0.03618236396540398,0.785460543008639,0.9691991309836766,0.32364321425455483,0.5441089023108975
2931,0.6693316947729473,0.908866287661994,0.28936024603978194,0.10049010593638397,0.24333719334520193,0.4915077546219691,1.0,0.7795265397799382,1.0,0.9440513881314141
2932,0.7275391912645476,0.7029783317517463,0.20959848918998733,0.22449167470077666,0.9034177846118996,0.18255709828813135,0.6170662598103756,0.18246695944983093,0.6171085326576315,0.926665662023228
2933,0.7045588951136567,0.9359300738197569,0.4793809658772128,0.3923182383500574,0.8597544351441555,0.9493621440548515,0.5987936837873045,0.2800516702446455,0.754976545143546,0.8179841263494365
2934,0.362757005561469,0.5885368042106671,0.653010061309199,0.29651531519278196,0.9097910526427304,0.43737739398007597,0.28034371150380794,0.9093556853301906,0.45472466962672914,0.1523294647192749
2935,0.0,0.5770177061345408,0.24336432667689048,0.4084592516839377,0.5705158273316513,0.3393781299876822,0.5669020513886129,0.8013015092414206,0.5779434019093495,0.8941528340748468
2936,0.17186799282172505,0.3044156780793542,0.551689465819401,0.040720731101411084,0.4308176420062769,0.9185626118001955,0.5103447261221317,0.14288045135143468,0.6741372103994618,0.3057696269938518
2937,0.7734702734606981,0.7095524739755035,0.6471114991169831,0.06602441884916602,0.5658048659619814,0.2806885032615211,0.6635381493542001,0.5843824579960629,0.29833949002640897,0.5700548412898746
2938,0.42954072925827275,0.8819356665236818,0.15823808827332095,0.8387282690025998,0.6726228281493303,0.2705998378567223,0.4266044250075622,0.27660202244327126,0.37436471618739625,0.9747505183326182
2939,0.36360505550738076,0.6462198405591287,0.45031889435704275,0.1026097714639756,0.37100008132447093,0.32815259699827787,0.5359408565917319,0.6295943440594036,0.6868963070848932,0.2309130730528543
2940,0.8151734066573915,0.23280334862422344,0.8077923127319998,0.8244353246321484,0.28387520029548247,0.14697217299769805,0.6105796482517627,0.17312181248732184,0.4607156495290288,0.19970428529106943
2941,0.7439490879746876,0.5439782329125589,0.6037157681227069,0.3066338926912169,0.44195678806304184,0.08429514425101842,0.849213695246654,0.3515716405921892,0.3601007921258809,0.851929330681404
2942,0.5098597366375929,0.7558780299698874,0.15194882140835317,0.3093465092778914,0.34749251614431526,0.2404138014443975,0.787443747413832,0.3882116147278474,0.38226925899073466,0.012997425050308709
2943,0.4498895168884059,0.9393658365352129,0.6235586251455506,0.1007741706307079,0.736898969934304,0.17482272859347847,0.7325139876899724,0.537491381540046,0.269896542847536,0.17418133284892018
2944,0.4803229097133643,0.15633437697431674,0.36133138851262947,0.013250240483252074,0.37764360650435913,0.003419981402671635,0.6330695146519485,0.23890061610791485,0.12990636141069806,0.32728767444931606
2945,0.5481065145870436,0.12722559714052623,0.6297069175358022,0.35543295944710096,0.515377476171528,0.35625353091922674,0.41931986663572646,0.7276557020839292,0.17991156213785436,0.7382718353498969
2946,0.8071334597499961,0.4127683783203438,0.3720838057456016,0.8357223138475164,0.6870245577472738,0.05862064952262256,0.6329623915972831,0.8092304247397262,0.5108236698812139,0.4804355573917902
2947,0.5849553254221774,0.1253390391133576,0.49089079261247737,0.9203598271020759,0.7444340859462778,0.21198229735135005,0.3564113533446613,0.6398405199726389,0.6297340282903094,0.3932933371514831
2948,0.642229362075848,0.980445294344864,0.40053167956846236,0.06159466599178662,0.5372188488428684,0.5637696610638144,0.46085541711674455,0.9031077773113169,0.9806859434864428,0.9187449758067467
2949,0.7258572151999861,0.42413304980136285,0.5013700196019298,0.03090304763395324,0.5712111494577772,0.5675180394570385,0.8270399383459213,0.790446386518283,0.4942786465000804,0.7559001655977983
2950,0.2845600242632613,0.5334760938451805,0.3949857800539581,0.15885449451160757,0.3001642066094259,0.12161266508529356,0.5981709602978114,0.04346782782258378,0.25897526669028054,0.6328119788471207
2951,0.6476693590986016,0.2268499006296641,0.4590921872356821,0.7666234129843387,0.694764763539782,0.08964190905776194,0.5407928422077508,0.08420177975768732,0.49673369125826333,0.33999380022426406
2952,0.44966958703666854,0.44896318372370964,0.2815357878885243,0.20495785980273276,0.7412775349088228,0.172974994453069,0.5645394063043012,0.6598327763026341,0.6356831549516644,0.8588805400259779
2953,0.03052637812606855,0.9847117562018957,0.5922870437116702,0.2308974070326927,0.1351007297732421,0.44579178462952923,0.4815931470845393,0.7217809150063748,0.6978537154513649,0.2530451191714064
2954,0.10371767593735166,0.4885375639190127,0.5334710630299809,0.8893327800387711,0.8378794274173018,0.08191506666038618,0.10112670796774409,0.9679744403359704,0.6794140542679226,0.9459211201461861
2955,0.3131550787893656,0.008512378230228894,0.19930474835820058,0.8753326772602912,0.3613512456182685,0.11326821684604077,0.2656083915704846,0.0027588168517638234,0.6109562099775863,0.260424393118906
2956,0.6054746656296954,0.2422948607051045,0.685955848342107,0.6705786184269173,0.611895584408256,0.0900794267791792,0.6127949294774278,0.23654257836182568,0.5202448026473172,0.8200793586569859
2957,0.5267178745994392,0.9784705460396991,0.4679041636802369,0.1640700553612998,0.5118803630087354,0.5558654636588879,0.32905210713421823,0.8317296585920751,0.6421197484020928,0.9142118827828428
2958,0.5400320255026944,0.9890868108914758,0.5309491160783034,0.38130544864832716,0.4851994899762802,0.03181165217891908,0.4790546252938576,0.8915521444421045,0.27704974490839634,0.2264647090691786
2959,0.8733382805046731,0.210249608182769,0.6433686150842344,0.23626691014888893,0.4569316319385327,0.05729370164830517,0.2724250874105249,0.46416595584623943,0.12063066380850035,0.229384607312836
2960,0.26580330800670193,0.615157221770502,0.5619968987273841,0.67213569750647,0.3048891090768868,0.30547897956249787,0.3663050614746925,0.4835021091154855,0.8998152204000194,0.07854175373840205
2961,0.5000709628194914,0.07661976230985727,0.7180865468972294,0.780270939849453,0.5982003846749062,0.5615225372324484,0.4981194042541795,0.8536126298268552,0.4932081346338599,0.34129316748549254
2962,0.5626858313477863,0.5773220108003659,0.4460827513293866,0.14217992180952058,0.4415490098066124,0.7574845838435882,0.6693710815005791,0.45969946212335555,0.6035704531102914,0.5002299357141543
2963,0.3663316711781394,0.125648675608298,0.693697795038994,0.8983500653234446,0.2435999736662406,0.06001338964633926,0.7063600312578775,0.7873774617795118,0.0,0.08590203902565408
2964,0.5105914169105592,0.8186233068690157,0.523706035721746,0.4630197757741068,0.29667979790439203,0.10924763487958135,0.36335474919433647,0.9487868475194509,0.7956395021492335,0.14627839950534177
2965,0.2033788408256283,0.9395775807070241,0.595452590585134,0.7953526816414586,0.24688360433521458,0.9999999999999999,0.555496806013309,0.26144489903405,0.7217312459092402,0.42212318247707054
2966,0.7712588762859077,0.1727306675990179,0.5760562403552801,0.05164213768229825,0.39540775666430583,0.04961167860203706,0.23589394362714028,0.2740069465773342,0.20470865884661477,0.1800877824321464
2967,0.37664429473676725,0.46255381424983005,0.7321720420187792,0.36072797508932686,0.5907092016738835,0.9999999999999999,0.5093142712991912,0.9386526654753625,0.4418593018189593,0.7734833970400495
2968,0.8885183257592297,0.10176291355885746,0.6353214545927771,0.01476850548922104,0.3593282714373624,0.09241220555485503,0.674806367380635,0.4240062881882193,0.5527186881230959,0.3224120135748043
2969,0.49911986532584157,0.33893994550429485,0.4181736711563563,0.7187963229798913,0.6855547117229855,0.6233783136510517,0.4865345242117484,0.015161675814172923,0.26204846651800756,0.0462805437435464
2970,0.6992133931098398,0.06480520034090079,0.38118754372154384,0.07946830656136689,0.47381850005368337,0.4561242823298127,0.7416686361207323,0.5022488702210087,0.5949946167060356,0.15447158704835362
2971,0.49519007045256397,0.2643212901721634,0.49150218101417986,0.33842231275843615,0.440899045584871,0.748756838156801,0.6533291747559697,0.6165954868751793,0.7007879873067278,0.30719921389152405
2972,0.49944636327457353,0.9902433547870606,0.3590254345073991,0.7820894032682041,0.5001207082313449,0.15319577480469773,0.5434335122632754,0.24432502135676193,0.5637327842106263,0.14573916391801323
2973,0.39505604136568423,0.044303795743725095,0.304551751061068,0.7492921058756201,0.766738679178044,0.0406386958186273,0.45283165078369675,0.7273195108961084,0.20459094603217381,0.21550381703953703
2974,0.5277224410911806,0.8589437169201877,0.1039083906877514,0.6405652054952939,0.23162366574671261,0.8524988486389595,0.4003143078582994,0.23252203512222203,0.30518485968219594,0.20654691034861622
2975,0.5652448426484499,0.07716419324912539,0.2118502081485337,0.6943209654302555,0.8172641829837318,0.008500624158392093,0.22989019354501034,0.11915316395151469,0.47862206590716855,0.41865091658995923
2976,0.35727809838716923,0.5288609487482503,0.871050952840983,0.6515119485414671,0.6825988646242926,0.037143171289980736,0.25993086129102366,0.2489560168947233,0.4547276591569312,0.5240526279852752
2977,0.48165434042014105,0.4519578630166028,0.3783466157145927,0.6415519983076106,0.49268886421234853,0.09536050283501174,0.6824852440288101,0.533689937300707,0.4585867826157813,0.6225538167736483
2978,0.39013741089381765,0.9315545461597751,0.8557683612292887,0.34979639677552055,0.7257071207179732,0.46321542923263753,0.7782030965587496,0.8557829100375373,0.45186261791649746,0.90938379033797
2979,0.9391326204294068,0.19880251845693497,0.575967734764091,0.028159425133656518,0.4345028096495465,0.15948821396761673,0.2994391528669827,0.5291092316843004,0.15941631261255235,0.6880552631452688
2980,0.48831709023359166,0.179428134649372,0.491501458521973,0.44201004853138737,0.552135776315864,0.2061068086453743,0.5114871700313224,0.8489757193731112,0.6551985203376298,0.19853875950921462
2981,0.7967912964059651,0.7486522636183276,0.22092465107594508,0.04546133597324273,0.39215354634291644,0.11458242177302838,0.20839308590081912,0.06365324367558155,0.621306392631449,0.4491590201682356
2982,0.46833815691586306,0.7256498871668291,0.5016518469035377,0.4690640456316054,0.683820367790302,0.1799797558719255,0.31867532337664145,0.37225892598198596,0.6013810487760123,0.7294978517871931
2983,0.5541676217579463,0.699103227736919,0.8536653358529219,0.4642734223196625,0.3600753732866882,0.10073150526662915,0.5468479074854835,0.4348927458094949,0.5837779044265872,0.555105927009948
2984,0.2559405023449535,0.025821408651597193,0.7912737401353614,0.1787845846091701,0.486941892908097,0.49643058957091785,0.4031987723500871,0.8016844106948545,0.4481659392815521,0.16930338201960232
2985,0.4208961515668494,0.2597329007606071,0.5519254591318737,0.7846035101339428,0.6282417136063331,0.9999999999999999,0.14534088905762593,0.6104780755664154,0.38681014705184297,0.7874953831611019
2986,0.5449692272558128,0.8398641277171794,0.2865593570362498,0.7045143600808458,0.6996261673791491,0.22412467386079624,0.8160605965277572,0.7849841859634332,0.30881570836628863,0.1965978746867746
2987,0.8044838325661691,0.6007463931810033,0.32227385521961804,0.5597779429178564,0.3380441283967011,0.5844203703259451,0.48983746688367685,0.3382065635946427,0.7952646277741673,0.34427285904667426
2988,0.5471291818562986,0.6020836436436839,0.34177636817893486,0.9263156839106674,0.6425552108698176,0.061557049571109926,0.2951272613182682,0.9340796843434226,0.498244747980037,0.7336488866670874
2989,0.7663182986978224,0.29570195537171,0.7391515709967753,0.2873001055869605,0.30693523013877516,0.2966437465389189,0.522529840831105,0.8136231625960191,0.1866655524782624,0.9693595029553443
2990,0.6261355255516617,0.25994637461856085,0.8050900333592287,0.2621336307947987,0.08094542723604053,0.01841561685750668,0.4839845756211731,0.9155200918461494,0.496590928415018,0.8903744235861795
2991,0.8122944461310181,0.9465598369308831,0.5373142976190715,0.18350103367658002,0.3521819894909468,0.011380193822990008,0.576738507870957,0.26239536589174384,0.10617525583368287,0.9698187622406189
2992,0.49410720741531783,0.7276863800308044,0.44425790664696807,0.5446712370310268,0.6583237299558178,0.6580003219448024,0.4361976963125775,0.005997660276115299,0.5492575638635069,0.39671033868009237
2993,0.9562186378165469,0.12659441101409238,0.789609032999779,0.20543249493199342,0.4945147423677228,0.48901242681626655,0.556890855934103,0.6153156558692037,0.5293040457199141,0.4358154898606438
2994,0.41366550104939,0.9377089047587243,0.3182813178653183,0.8692764294727549,0.3933946786569939,0.42142703304859647,0.6730199110585553,0.4923314496016903,0.3991874300140225,0.1628197122271388
2995,0.36063585961431205,0.5822521836102836,0.5104459477542842,0.30443064731281133,0.5076088333383457,0.3949451960985768,0.25568208525843766,0.7788976579182649,0.32365755822104664,0.47258964838186507
2996,0.2769419821811155,0.33316035535916416,0.5871223059653605,0.49113782035401954,0.5012105238171566,0.23335119401432433,0.3709905316942294,0.0969829646519924,0.6089901666716939,0.7804234079317909
2997,0.9450495355237323,0.39695896040166073,0.33987247718877067,0.5297353398278015,0.6171698906680911,0.22394281755115192,0.6537614285651179,0.595267745295948,0.48636954032468444,0.06886690318264521
2998,0.6598549665819087,0.7253348181150392,0.38218582235273135,0.3077689607467323,0.18512934015095606,0.03960317590759682,0.39716735651239715,0.1984550658016414,0.13325913582225274,0.31897313364073
2999,0.4422071760690878,0.3760851228715114,0.36767209739361373,0.7387403920119096,0.47707997653282624,0.043513121661205516,0.48383598592293114,0.5143660823682914,0.7308547758266262,0.9255698602203553
3000,0.7409044165081506,0.5786256073067965,0.7649946458276976,0.6923723659660211,0.5209164186856394,0.18478625021112624,0.4121116429520543,0.1578509649523841,0.32359293548072204,0.18250873093558345
3001,0.6349962141105961,0.7104247737733994,0.8578024660561735,0.7611421097115222,0.23277814120280738,0.7803875591640638,0.42361932472393377,0.9123749978114911,0.25171439922368904,0.2970834513715278
3002,0.8762030970674434,0.1951264131627275,0.5221894360055733,0.6061802289862792,0.2301258181577011,0.6771576873221287,0.40795222680626136,0.1828234038295542,0.7602606942060961,0.9350610048815498
3003,0.21321184447863611,0.9442456543517657,0.4507594929924824,0.4603749435475223,0.42633330375960354,0.13726053964865761,0.2666599584480804,0.57488421739588,0.7034395317207021,0.3447581228251865
3004,0.4551804850982026,0.3559784586478832,0.3889133106037669,0.4491045605571581,0.4985266465412327,0.6785641840866115,0.5836340548251671,0.005037453472242007,0.4222530822915162,0.8309078850388696
3005,0.41798137361766013,0.4192017757876807,0.5011067977776166,0.7168452551700317,0.49920784706403704,0.02040476837760894,0.694915692255609,0.1559668877558063,0.2641948148030428,0.28705625202964213
3006,0.1328652563461561,0.69843559985481,0.398167103232988,0.37718960570662274,0.3892649101563289,0.8686277163403047,0.4663406947952799,0.49909122829225716,0.32931295249840015,0.2569671009278408
3007,0.7053025741894964,0.608676036567539,0.48268539058103677,0.4374418772948674,0.38133708285745815,0.4521246944360372,0.6740950670166477,0.04041302096739828,0.4190253166539805,0.18704118515774776
3008,0.4542302408323559,0.43995385738622295,0.577847280238943,0.16372723631697997,0.4204399838133081,0.032104470054480035,0.40829399420052886,0.5425686632083269,0.7331934982672541,0.06260936085701224
3009,0.6447957317092179,0.6496468109881605,0.4251919792137011,0.6799241566778084,0.5546200360389548,0.43996603834944265,0.39740155938757477,0.18388100292120985,0.7481626091299935,0.4153262045044975
3010,0.9504733827228831,0.9028184981908203,0.4654237510926835,0.07694092231860955,0.7376213291186013,0.34664251062116314,0.5746851090667402,0.7264477761088561,0.533673525382856,0.7134026207167147
3011,0.43859918022481775,0.8002391970873582,0.4661946457088705,0.9909490126133724,0.06739274785744964,0.08372493880879905,0.5777623891351134,0.8682945612879434,0.6256498795309187,0.5053163583203489
3012,0.425786495421074,0.8242226824061061,0.4415568889452459,0.1437845154871011,0.617383351553978,0.17609270023342088,0.4781001356585561,0.7584758808605265,0.46236600938304867,0.40729716452399
3013,0.5276356966220501,0.2581810990263067,0.41845296779578667,0.3831354974079886,0.4753780681095098,0.34207587320421057,0.6237458003988618,0.06285667194175866,0.33632265572084724,0.2043883655557157
3014,0.6915143414582735,0.41923037765865306,0.6429275397658711,0.23787087512422092,0.5985667880344043,0.028414391373920392,0.2614402680318308,0.4961012388320596,0.21705860215784784,0.683491846123301
3015,0.39832317009768786,0.5536915371062522,0.1705463858224909,0.29077271665424764,0.726194103097014,0.07421657134771716,0.44281856970736105,0.1106750649364769,0.5634885928415627,0.25281136958896905
3016,0.386201166027406,0.043891208377147876,0.794377610235398,0.32258248064197004,0.3508159239648354,0.3617714602070669,0.6769282626945767,0.4087543984114368,0.6731931141681644,0.03201950493757677
3017,0.7047105290409865,0.7697374695599928,0.5260567857331231,0.7186481624066752,0.6795319935805644,0.9455465192757364,0.6764316289520895,0.8395309304570241,0.4051280187527962,0.9645440736975632
3018,0.5766861235338646,0.3232580717943506,0.6145467990185501,0.17681141233338835,0.2543118649283873,0.1497055031121964,0.653164290486409,0.040611820346161356,0.7277454094498825,0.9424927613839402
3019,0.1194608355867161,0.2823769321553878,0.6360050378787226,0.2639587915522148,0.521558976221539,0.06330188634514257,0.687246539995646,0.25124387041954876,0.42901114033335114,0.21441169094585844
3020,0.2740479285641245,0.2590649980419843,0.3687310983951314,0.10123344415821461,0.44996848790809096,0.02240145898451685,0.43016671218481345,0.8265452769540426,0.5180513164671303,0.2385426967649737
3021,0.7884903619959792,0.2831603838704405,0.3302571391659349,0.33159337738055283,0.5058295248181659,0.5706290055387034,0.18427253466306165,0.40562230352569617,0.46014212726316733,0.5800806350963639
3022,0.5810801334037112,0.337814390827875,0.30826729021481736,0.9416559075952955,0.30557172266029353,0.1251677662834059,0.4511559650249161,0.23493659388226268,0.737043078390671,0.4273836919297196
3023,0.36144072257091325,0.6047141685247214,0.4547039818815697,0.38026476269706744,0.5813829461300204,0.24410896518403516,0.6162559318281189,0.949467606461965,0.5957379744977669,0.8877875570731821
3024,0.4730951207362863,0.583447757077855,0.6311798164294489,0.7776769958343893,0.8037088642781203,0.20068030620619998,0.6464131112685989,0.15525821587682753,0.49105226686347886,0.42687631441906915
3025,0.5077443198868113,0.2554835339044839,0.3919119849428061,0.4618972899583764,0.30889430112651833,0.922244489287979,0.4018011779167829,0.7885578530045144,0.5166939802545545,0.13577702898176602
3026,0.6440603116359559,0.20617942170650244,0.6141577808695006,0.44978746263715663,0.5335604138650283,0.13020521991848155,0.3202931058948257,0.17762040775534782,0.27627552962205554,0.5466305903577007
3027,0.24897857722350042,0.8263225710234843,0.05917388994107667,0.8243311086746865,0.6624269284146171,0.3663886389961561,0.3386534467409054,0.9631183567538993,0.0778335070869553,0.11319691000408721
3028,0.34658207783523515,0.0924401072529544,0.4288744758242278,0.026812554724000792,0.43948010137838067,0.12722352136790196,0.39859114081349717,0.7860194407117352,0.4011695730722981,0.4471784806641516
3029,0.5567464327836605,0.5126813998645409,0.7184472686704998,0.8652655042240739,0.7600147621606519,0.07106353056204427,0.14885662240229708,0.27603688697105194,0.46528276308276145,0.5772564444694572
3030,0.48641076874582495,0.520422044540415,0.46889570011974047,0.48541262665749796,0.4137644217027588,0.30554777702204333,0.40163985434307364,0.9836941890260952,0.6030707102333295,0.9453438286377943
3031,0.6131415940353194,0.5740160597420287,0.3461493590148945,0.35126961997951645,0.4743832640845965,0.6347208368751939,0.5077396498811175,0.11396002044846064,0.4711532787126049,0.293314469678858
3032,0.27327142423157086,0.8856345086611379,0.37828265280181184,0.9072332719336185,0.3047748198516208,0.01843497534081489,0.4808446745014981,0.8595941569330491,0.4130005493906092,0.6494071267647848
3033,0.5726276339836128,0.6238099934598902,0.0,0.33999659808141425,0.5213638322574338,0.14245206027706142,0.4379661177201854,0.6993198534949524,0.0,0.00011650742656399427
3034,0.7111998318908271,0.9736478546368699,0.3120843571979256,0.9781283059987373,0.49746253838277393,0.07057064030755887,0.37172748770187686,0.1734243670739225,0.6022954957292559,0.8714423668921107
3035,0.5970966781673956,0.8713326506669065,0.6979521333776989,0.9367684140144481,0.6198783924276882,0.18305515378563925,0.3932146871870201,0.5461597956726909,0.5422304884276501,0.31705603263663396
3036,0.531493611595007,0.21449821137370473,0.3921281816857396,0.2680273341649563,0.37381828904969966,0.47232502369169077,0.3964773582979752,0.011356815476509075,0.6567536698169465,0.24077681472097895
3037,0.4871562136512066,0.24095018698790321,0.414145571660653,0.34074030842947645,0.3649613396911607,0.04488097098767458,0.629076793399254,0.5729339237022507,0.5073202399174686,0.10244545560124374
3038,0.34773260628733027,0.34457597593879896,0.06590807067145363,0.8125222755898794,0.5863363569430129,0.37421789267867805,0.49873431554782094,0.5820158518329839,0.7200208744257257,0.7852405286350352
3039,0.4916626825384925,0.3913320305604182,0.19663681130771407,0.19568090626089948,0.7671324114489139,0.056315604397745155,1.0,0.40822269288845514,0.39755121961575207,0.056512686933100464
3040,0.7429200451350102,0.5528672376418869,0.7227202238913257,0.732269356674238,0.6185454863855149,0.182991530930219,0.4375848638655497,0.8243895991703565,0.49443577426487123,0.6178542453390969
3041,0.48278938318397563,0.23227658319172995,0.6159038361666233,0.12919136872762224,0.854217528979127,0.33536962113825697,0.5796995111149466,0.9307917457216955,0.5478324297950286,0.31549148184623776
3042,0.3373644612878656,0.22210569976095554,0.25881426118465245,0.20568095333410516,0.6042893674303889,0.44580968027659207,0.4417000957195811,0.5335418581372184,0.6275055962478353,0.7111272031484362
3043,0.41237292031461253,0.38120415571122745,0.3831820508752921,0.5007170286045663,0.5973231625488523,0.35569634533405325,0.4372161645216747,0.6738270382710406,0.5812504507101564,0.9658085146235534
3044,0.5431420424357077,0.6719354040541791,0.4953405999609859,0.7462059338267476,0.628271513448617,0.4873607754655227,0.7871853861291322,0.14537719064040483,0.5928728421944476,0.27482273600783946
3045,0.43477471040347065,0.6880433387423179,0.2777083872500995,0.7397498791169405,0.7847304661443786,0.10809293153566535,0.6829675122733989,0.9981876601589169,0.5532080037083298,0.6196948296120678
3046,0.5968107879616076,0.9761316664653257,0.1270168144961392,0.6091834136788977,0.7362574856662649,0.30084068096042577,0.17514061037936296,0.8579122863523282,0.46553130403879966,0.3704994190292441
3047,0.6038936819529257,0.20216922601818613,0.4710890582044187,0.2722187249611998,0.2870328996459456,0.07524304355096093,0.31023519904431035,0.9490846648473145,0.6733621135627579,0.5094053731162463
3048,0.6729744943273043,0.39267722120355,0.6075701771809412,0.4155498843824612,0.6517321019791195,0.23523611361211677,0.4737672123757904,0.7780071354746418,0.1840568037389167,0.08323559716241519
3049,0.7738348839366306,0.9646885634699983,0.6111599885292787,0.24630839223666698,0.5482049747436063,0.012106851887038538,0.40349109414659606,0.32255379793679195,0.3826146017568794,0.20431410065866595
3050,0.693139079192784,0.689927103892586,0.6640091645422231,0.2771257345917698,0.45934617594060884,0.11874269122951311,0.22059801483429103,0.22125333006780873,0.8045576452899863,0.7942279918553982
3051,0.3289807394041188,0.5921639008199667,0.21104930144202214,0.32335360695277715,0.15394516165152505,0.20723670010209025,0.5202733760289147,0.5108124486524421,0.3743637329075387,0.34489873140730326
3052,0.33477388761933113,0.5395136632498688,0.5115795774649012,0.5991042134429091,0.19896886298524802,0.490689838025667,0.15236504540624624,0.08207845948567304,0.4872935962561917,0.0009472680463377681
3053,0.49095083923753485,0.07522134011413235,0.45071608103809135,0.20767123117867467,0.4263799581726391,0.008614695632749199,0.5222933958590086,0.5516105188646585,0.7657944497014826,0.3208106778811162
3054,0.4201220683907884,0.8933608084174732,0.48451483117881855,0.04256987275072033,0.21358603799930237,0.2294090979633664,0.6335967441080346,0.3695907369953968,0.4781850313372619,0.6696656029918248
3055,0.29047480208666243,0.6254018058565014,0.4612847445685929,0.6927542572995983,0.4303859123546956,0.04013875946373421,0.6599378413654713,0.7278434624875207,0.3437207420066913,0.9715927394048621
3056,0.4219113655974323,0.5715458274039613,0.37761034339236177,0.021797193400739406,0.6350508206344774,0.18106515065738688,0.472277728752256,0.6255335098289642,0.7298044196408981,0.8541144315096905
3057,0.415718885754322,0.5393679059919785,0.0,0.9712125857627532,0.384505085065837,0.9392015011501876,0.7776726084768999,0.24610855997423514,0.4471722874983289,0.7568553079717306
3058,0.37848703366130404,0.3917319577365184,0.7174572845433607,0.35042755747694143,0.513021753087708,0.4783285736294818,0.5600954168325003,0.7333550218211178,0.4601470570900629,0.9293176402636716
3059,0.4456657969718865,0.2544361182662753,0.5623228789479847,0.0065651544610979,0.2899200466422569,0.21258612107268413,0.6549724564258492,0.31074443928553214,0.1259131186103068,0.6594121368994658
3060,0.7275893779488604,0.7552623906367218,0.22396739053825107,0.884973387120765,0.5546675269766552,0.5320263298335954,0.36305463760312734,0.24818207468312875,0.4779488515296893,0.5191499334841575
3061,0.5428378524192816,0.5094249777109601,0.5890181570611229,0.6000614763331894,0.5951650058652482,0.47801267285845206,0.7796688752649477,0.4182567315460495,0.6318910629406129,0.5395683014881586
3062,0.9716118243957448,0.03363646156124271,0.4173606752846699,0.8177494302485134,0.22164368196511275,0.1264964716196154,0.4983599837112331,0.15738273194267066,0.4202880303545518,0.9442381425431721
3063,0.5374172895623099,0.398914673630356,0.42264456417591423,0.43520578264036225,0.3514425852682331,0.08898620673196687,0.7898422993519747,0.324800950254038,0.2587111982333877,0.002074178349521061
3064,0.4505191802512902,0.9286025283534384,0.35747506547751895,0.3543257244029362,0.2517726685915548,0.938459239990308,0.7495042227530528,0.2594459423214379,0.41086339227607277,0.515635720061626
3065,0.5060266757729418,0.37370623008970644,0.600916365355838,0.6554718890762944,0.5953737921796276,0.039500755111249855,0.5464435765687259,0.021168458555205202,0.3852644220079792,0.7690689569093293
3066,0.5536401541674354,0.4130579537155258,0.35161742626569403,0.40616857731764267,0.5286011423511114,0.06945261431994929,0.5737606983469983,0.3005009794383444,0.45395551066754564,0.0380496950088271
3067,0.5873678055734597,0.6238571923450256,0.29622611768174334,0.5564454664421081,0.4872622072778628,0.11393497380453962,0.46570492984184425,0.46656876837847583,0.4038075765622959,0.8231743179726376
3068,0.8970673419236539,0.8016308538017208,0.7118467074440971,0.2779315585518596,0.47206468460683415,0.43606951539620725,0.347754883028952,0.8297157411974468,0.8183766789013642,0.8439694230886494
3069,0.3457573243226723,0.6683722063259822,0.46742049627381876,0.3327793312408528,0.5593229610421033,0.20350043140776547,0.6087282076931158,0.18002092445041767,0.5595815935615787,0.5235655818004087
3070,0.6673261521588172,0.8500271099681759,0.47327553382290644,0.08220936114154331,0.5631946100830633,0.9999999999999999,0.5992891890900613,0.32703141527664836,0.17153668657808369,0.8287753598805772
3071,0.5444439463755729,0.5041605632076909,0.629922728579301,0.7817125358919035,0.40101966987441406,0.2798825552130712,0.20023771904640025,0.028817465780062793,0.5157233222138735,0.14258235825701482
3072,0.2088223720955928,0.9245900896555422,0.37627903975431776,0.34899221357704746,0.3739361319476007,0.9999999999999999,0.483631801879623,0.0745823498894287,0.4945505890537371,0.9430664779692015
3073,0.6506573607770653,0.903912492142875,0.41347254383682475,0.975428853901861,0.4854665453967309,0.46562306882658994,0.6590666532547045,0.35577642944327975,0.7290662237014525,0.04878548280942818
3074,0.7444139069432055,0.5190092802711552,0.55779571422089,0.259859186619676,0.46017793554501274,0.26263008586144015,0.7693549579551291,0.499685801751231,0.4725018529337132,0.03719182343150712
3075,0.3435204226404507,0.6246385707136481,0.2133207560594356,0.47525217890933324,0.8954697355009826,0.8077061877011786,0.6327368791483179,0.7481850158103365,0.46704419870493447,0.5239952544935116
3076,0.5035613259788173,0.21257035162950866,0.5420151488248646,0.3056536402584995,0.42262216119566,0.3425593004285395,0.21894852934804226,0.7631130594411041,0.8560715628894104,0.735231172345095
3077,0.17971825190339674,0.44778410034634986,0.3598441474445626,0.6942256576384592,0.5529069581882042,0.05957077993506954,0.3043457860500444,0.9140122618666097,0.2990879847083722,0.7000412362372245
3078,0.2677434670695034,0.20245725019531893,0.660323114764091,0.8087188986622796,0.5870006574633444,0.35100338369290196,0.4350643558343084,0.907825527131778,0.6536842975989579,0.5501870507381288
3079,0.7029823376100598,0.021669570593286995,0.6027315012339577,0.4872157354686959,0.7677772590297138,0.36004800364366346,0.7570063186394154,0.1009914187330609,0.5142788088212338,0.7836119706416519
3080,0.4172464672348029,0.9809196100005333,0.5780926217247344,0.3670772677826992,0.339972684259666,0.058334823705065715,0.3868915445514907,0.11155127392674367,0.4069884896141162,0.6076963181901965
3081,0.2960451522445345,0.2589194552900311,0.20109017012167155,0.7450750055564842,0.7560020977860858,0.1783775891043759,0.6942323862241051,0.49654663896961204,0.37901273143779773,0.8501966122906968
3082,0.5485400044604238,0.5929939649587812,0.481498316674849,0.19152395479406206,0.46836751081278905,0.3194081789776763,0.38392893286921587,0.5892908267652182,0.760199455592766,0.11573616940290476
3083,0.40668151899307853,0.300037196211667,0.28122591549391474,0.5997231254801348,0.9807059303736831,0.30691501532577153,0.5971812447864842,0.5977130075199716,0.5905394134594386,0.9814295492934946
3084,0.4164153317535179,0.3704321840986939,0.4939061567656282,0.733943023192416,0.5670149372178377,0.5879537858418014,0.3254571561122546,0.4860245357549201,0.6163402501810678,0.880724223020136
3085,0.6447381524548751,0.39758128255535036,0.06899131344004042,0.2693743533023145,0.25916954344043613,0.9999999999999999,0.46314440309869526,0.9812776632417414,0.6711792880875447,0.8952703094135765
3086,0.28605859048838184,0.33484528822187815,0.2134224585456271,0.6559820209341574,0.45874197587611926,0.3046259153541315,0.29010737417535076,0.5087191435075669,0.5670955844668899,0.363570962408714
3087,0.33442847053761254,0.637300364345759,0.7225308244541322,0.7355454455325697,0.7553486095675237,0.31833639281248166,0.7651780058506601,0.93535873068043,0.3005752053393554,0.9468682852907906
3088,0.5343177244307961,0.9609460733062579,0.5696079641329868,0.11745144782204253,0.5126500927862117,0.607288473372272,0.3706956276530488,0.9882743950291816,0.20354765859870544,0.14144980292182646
3089,0.6881488658393264,0.4284647940521959,0.43479596828198774,0.3240373853071754,0.48534464516903963,0.0183834156928762,0.21343529511252007,0.4437420505263293,0.794640994872192,0.0778315129554622
3090,0.7388549701575234,0.9733407088123484,0.33130435631007604,0.40647389088341757,0.6359514003114135,0.1541630978594255,0.19882721636883888,0.13327748084818924,0.5416594206774186,0.39868197413386486
3091,0.37976737581444436,0.6677081018977328,0.2985723774552187,0.7762954529829448,0.43014589402064063,0.19207473001390002,0.4831421548645704,0.3255594403225546,0.5171993668425006,0.933085267997695
3092,0.6821051202770391,0.6070265856773295,0.5381093140756983,0.5677472030374464,0.4561162982429277,0.9999999999999999,0.4143856602065859,0.35820298590320665,0.844973257012279,0.9678700273234793
3093,0.3573000251639768,0.23686935169085277,0.4366951547498117,0.4497492338669755,0.31415210807947047,0.9999999999999999,0.6186044235961048,0.8883443987951026,0.29993502676446854,0.49349870945814606
3094,0.8498042522959769,0.0626274166972385,0.7892242338440628,0.3188999851143467,0.8312787178219474,0.025556669902808003,0.4555234086497059,0.9617626066734338,0.022731323142758497,0.7519099903108148
3095,0.2913343423232703,0.8519077836749119,0.4663234704525526,0.004043988982663588,0.260391587262964,0.09302214009239566,0.7140429868595137,0.16919130513069996,0.15798309350037548,0.538212491676673
3096,0.7558956810454288,0.5738602643094177,0.5117322396013312,0.020210153312148343,0.5296572738527013,0.2851111272875784,0.42779097517268766,0.01951107055115285,0.4012820415310088,0.1134010915141887
3097,0.38138536699034514,0.4142392067687003,0.24183113138883608,0.24053769538497108,0.5897005253729316,0.006759117731186117,0.6883061678017637,0.8306410426411462,0.5244015096568728,0.6531191177703742
3098,0.8850932014323369,0.8119268459341024,0.43351224764181273,0.11672508986170504,0.4942373212113441,0.1409002986530128,0.3231454661373154,0.5584427048233216,0.7665241069125908,0.1468140348362174
3099,0.6168134724250097,0.3103706817611531,0.5337892614003195,0.11962241456845255,0.254346695132909,0.9999999999999999,0.22151945440058501,0.7510972175683656,0.6623345430037444,0.6561851249667222
3100,0.31355149734269316,0.7835672112913169,0.43125816944451123,0.6029979185809956,0.30368972610064643,0.3323883481560564,0.34698812975847243,0.3313163375029769,0.015458633641983632,0.24039684143720846
3101,0.40671433910784266,0.32776000173273717,0.4102134634110648,0.6057148682299202,0.5979467838123954,0.20528875804224558,0.29063670045749096,0.1580495341027059,1.0,0.26328584410337613
3102,0.652635116425673,0.9208774701060931,0.561748371377041,0.04477347722841804,0.34602797637014526,0.3216340218393032,0.26999172094484974,0.26426091881346875,0.4241479829977736,0.674912314434624
3103,0.703853035707415,0.26774279102327914,0.7832892116309923,0.5941894921747857,0.09609340532161315,0.4633232117612116,0.5752303992687713,0.04793571697500311,0.735398075865052,0.46490997310022764
3104,0.4919047507970126,0.13728601812679472,0.5278172882254178,0.14586649059486675,0.5717299377780242,0.330507974507029,0.4501355629087243,0.38552777851473047,0.6058717673360476,0.830232157399388
3105,0.5136727452390119,0.6980177993708412,0.7141669891743287,0.3773801871748067,0.3281135124274072,0.1211101350497645,0.5250652901087909,0.09871709972450458,0.5031566763180242,0.6802595035892521
3106,0.6483280447962105,0.16258769038163962,0.6167073151914118,0.9901203299934715,0.6189727720062136,0.2234660905246274,0.5962460488939987,0.4635048485104897,0.4571061938878022,0.2949577871029382
3107,0.5301137831502947,0.9493689469931756,0.7030084063722741,0.5222264821135374,0.45787878286982664,0.3300096460820734,0.18787081298156033,0.7991814770423656,0.2908144747625034,0.7771076358596897
3108,0.26119679793880324,0.6554618450642338,0.3870709474370615,0.03418450750566435,0.44855732859292546,0.12965321442299976,0.6040659555854013,0.04708612532229063,0.2574735740074375,0.0646196161383647
3109,0.3518602410149745,0.23062405401785227,0.46219002076420634,0.34779903911542454,0.506982102158351,0.014186387105892857,0.2765283658396372,0.8967344934286731,0.47055931891019837,0.7348165858441689
3110,0.5496078170827117,0.20857488764707896,0.4629647099492207,0.6711878382412171,0.2766622835420029,0.39857430302108837,0.39247426109885936,0.12265854909789191,0.23841319539458444,0.38535502335205124
3111,0.734576253815906,0.9238723332868716,0.6026594970390978,0.2246820566145926,0.3372127695850752,0.11424437487850449,0.14978176401906212,0.6558423141081928,0.8152101017786966,0.3020697871335445
3112,0.8101399992094537,0.6077485470954354,0.6485627360395977,0.9648740875238866,0.4466014472324373,0.03903376245172065,0.6196850109791696,0.24012019834999465,0.5205594168866228,0.5226349107090104
3113,0.6523234684421289,0.8937231285205022,0.5241035650696021,0.4254702840636514,0.2755308130317887,0.03431977801434557,0.18724969194634294,0.8449057243415705,0.899713126659788,0.9071191215948039
3114,0.5594510688284553,0.10994788153191068,0.6642831625653178,0.02107776841722339,0.6349495434677672,0.5547413759506968,0.27746865069621923,0.009782976654721234,0.419383278644407,0.25670534652625965
3115,0.6465282604371249,0.9253900018058103,0.39572219522295793,0.5407958301790379,0.4374223744110202,0.40611376196971566,0.2908510250155963,0.4210922467606112,0.3899546127776527,0.9993925259978451
3116,0.37944868174423424,0.5199103096862833,0.6659002625907531,0.6764817403126329,0.21651740862590146,0.26682631002174517,0.47514767413100073,0.96196759334438,0.6143937619137576,0.5888563115379322
3117,0.47633628592905525,0.6683329917216433,0.6902252547346407,0.45618189846090174,0.3887464291396312,0.59090191039127,0.46951828876973095,0.11239402073842385,0.45288302809249065,0.252067175997133
3118,0.34975526779978006,0.3726867961338961,0.6271313023758247,0.9285789852632049,0.5164531436442995,0.5059457335165988,0.648712399774293,0.7605756354772415,0.6870066133062238,0.691089012960297
3119,0.26964224886025456,0.05884575687458523,0.5258032112527452,0.9023282308606875,0.4105918076913426,0.30437376190080123,0.47961116613859184,0.7265265073741595,0.7753721930136419,0.73537985853764
3120,0.5681787757043232,0.9579812438283088,0.6338128828500341,0.13900481157791753,0.5742130712878647,0.06869826684166222,0.6771040263035955,0.3188116760595226,0.7109565620943863,0.5314922736402764
3121,0.5402483584469091,0.994619493311994,0.3340530904853344,0.07996573261847825,0.6079120412266418,0.9999999999999999,0.5688964381862842,0.05991896197070147,0.761352050134676,0.1305322832473751
3122,0.6349887236570741,0.36435536233373955,0.5377748356892007,0.3124335576555437,0.961431889661216,0.6642053481582416,0.324451402348607,0.8330749766882913,0.6574652614434766,0.8151007278272875
3123,0.6082837506032861,0.9438719717809856,0.5568250425006556,0.6083934401089499,0.719443662244364,0.40348941468626875,0.3757988934252143,0.9049061435159024,0.39783289436936503,0.8102352292124899
3124,0.5510274585493302,0.1674683750176535,0.25283210591062477,0.6018530819107633,0.18035934508097407,0.06593171458378437,0.7776297333610949,0.12733998663279367,0.7186937119744239,0.7652204226472406
3125,0.610265734737899,0.1544221319223371,0.5892890607679274,0.27174893456598515,0.42719907097240173,0.12515954362527748,0.7253840523947213,0.8478172266093063,0.634670490167355,0.7556963981118637
3126,0.4971937403399423,0.07282199044832618,0.26788174124688946,0.9515192506847705,0.44530214984083233,0.0114515995768437,0.6509598873003195,0.8332030454404891,0.3847855641598756,0.38128987209821363
3127,0.5831485823397554,0.3910869403711974,0.42097617670798004,0.3074539850569925,0.6081121557300546,0.9530500808612052,0.6752070005674324,0.5768317179777493,0.4088778010173996,0.4927002359671313
3128,0.36824269125311593,0.05200537711151791,0.5081963674076054,0.8045504966066652,0.3162969134231656,0.6030843596305819,0.5847279575478459,0.783478297846958,0.48469883456748514,0.6614439371506851
3129,0.5750006278682391,0.3944758658207685,0.3645018925367246,0.8323440332608456,0.39411921958651636,0.03354064428608341,0.560737641957755,0.0389292593088658,0.7132988494924943,0.16564478080904915
3130,0.6313596264201994,0.13812261146783786,0.5161770945484018,0.09846109682276216,0.2561747596962739,0.44948944199205637,0.508078813985875,0.4959319143294667,0.5243550609401806,0.6042050248101583
3131,0.3788957593086904,0.7304598325112709,0.5131937131565389,0.23264074720364816,0.3803832682691347,0.32244905654543277,0.8123674471417381,0.9670607234261387,0.5010677572442221,0.11014369594092588
3132,0.5150262547239006,0.8333293943853173,0.3478207332710206,0.21527134858521804,0.38759813554313505,0.10748524532289556,0.41316965627534824,0.7751564696147665,0.4719055488992702,0.8478226557340423
3133,0.387589630955612,0.6877330487508145,0.6067059366323099,0.9200555392882082,0.4363339921886481,0.30545086027279966,0.5432444732680275,0.26773725491510497,0.4350122916887908,0.11977309718845863
3134,0.4059090395959674,0.20024729607485187,0.3582691826632083,0.35124734848378003,0.26737402589831977,0.819194969596584,0.18370564369076497,0.6233710533131134,0.28102057766180205,0.7724054110539954
3135,0.29300253136682897,0.7667924884562779,0.9274785994435338,0.8368372541041318,0.6868282714972225,0.2913443166473819,0.23491815387481335,0.21211560714269184,0.6532170567634137,0.22195211990174812
3136,0.7440651183540599,0.24926988085415128,0.4803637832188751,0.4782188662557896,0.5882168064860915,0.054395063581564145,0.8338288423973172,0.22169774478544596,0.30885420011096293,0.9283677662103462
3137,0.7063134812273271,0.7594304085567869,0.2823397455478168,0.45741033099789763,0.21663478582558154,0.6576894471555301,0.6127104062102728,0.1888961763958355,0.514988354959659,0.6579456694136405
3138,0.6066464462170074,0.5672745532477221,0.31720556839130976,0.9038181067141606,0.5019016905517665,0.22239724215612655,0.45965983143316463,0.18953233646596723,0.4244675338496236,0.43111181061025383
3139,0.8773480586449902,0.3665217608056748,0.7147999895248452,0.4410851802328981,0.1941150076567843,0.2356148877040228,0.5133577122363675,0.4990480640695215,0.6477292249150199,0.04357595881529763
3140,0.469541258930607,0.08320603202280646,0.42447607671179777,0.7451756500458979,0.7565065358822627,0.9999999999999999,0.24831296072491543,0.3094290620057264,0.4371671494417751,0.6071503896963463
3141,1.0000000000000002,0.8274742793446497,0.24644497271181495,0.42455366608323364,0.8090902222042367,0.8915351784222313,0.4199115180516311,0.7779022501206785,0.31097590564879135,0.37800066582389535
3142,0.4623181350245645,0.9396555402064798,0.6599949111016498,0.10189739605261008,0.48609671197358795,0.08288610399148838,0.22985884234828607,0.8941320330621582,0.690088975560857,0.79828883090815
3143,0.553395137701769,0.6658280102121069,0.4232783566511521,0.053099994626691516,0.33195308273823926,0.02959671965922656,0.4444176826130111,0.48734015109100626,0.345219934497027,0.7927121009884672
3144,0.43019675186872036,0.9645525863458002,0.6226410751722506,0.20831681674150057,0.368390087023851,0.2511948454839364,0.6244344829921247,0.19086655021024057,0.5315269762207184,0.6870180066269559
3145,0.5754948835102808,0.9341121681217928,0.675260199123175,0.7225813698657838,0.40911177484626365,0.09623740448154577,0.5825461741175817,0.9980886517117172,0.7441364622047966,0.26777839858529895
3146,0.6629053183766789,0.19435955792415235,0.5519673994342984,0.3738025258242743,0.4762145294214089,0.9999999999999999,0.7921207434889257,0.04648765350736077,0.3634302668231166,0.17290636270630116
3147,0.4837539036311646,0.7311446165821427,0.9476076484134409,0.4542974354593472,0.761963874655327,0.10527919176400274,0.5532881987755853,0.5494346250732856,0.4824753050010326,0.49703107763746396
3148,0.8404668942681148,0.34910818862637755,0.1791239845143365,0.10190406106146291,0.681717165854413,0.20591867528811983,0.04159062755246651,0.21921970133337004,0.4202255672932614,0.4523214478852986
3149,0.5503680471151895,0.4873673782979459,0.34823691047417615,0.6233052408904631,0.6846964651480781,0.03696208775637171,0.8588313928404343,0.937706919927573,0.5271136286901896,0.67292875280635
3150,0.55628033962031,0.15670388327374815,0.45304753139377485,0.8037989249913413,0.529872289597396,0.8579107392553685,0.3437858921429617,0.3246039909939459,0.4891338818912581,0.5327884981476588
3151,0.33374311741142415,0.9747939031223715,0.9224803557238156,0.6249516428748532,0.2737379755025523,0.09957397913998924,0.5288160650570637,0.958106040659494,0.6769976260155226,0.494904526968664
3152,0.5842066029262207,0.7260679381929767,0.8361009248879735,0.9850482176758439,0.34792793382235343,0.19612097209245763,0.5176944639339698,0.972874017890753,0.38421724840110844,0.4807656247320452
3153,0.4799595230090729,0.26668386891794554,0.7411164789643688,0.016329667840314144,0.5086229602834825,0.25671511360170135,0.5433549401942404,0.943027713978479,0.7442094868729527,0.5042172071068118
3154,0.390488180759137,0.37128254096604174,0.35268038314279293,0.015657794343864162,0.26455243425069397,0.17487761074373717,0.5077732473912957,0.7926774778785822,0.8069938885114978,0.8721596662793938
3155,0.3587467520630873,0.42231099458756854,0.3744275027555263,0.5002165918013821,0.5556763783738422,0.37180433502364146,0.5110239278745246,0.7411339341389049,0.5508790936658943,0.17081871578853497
3156,1.0000000000000002,0.7474715008058759,0.34625819812198144,0.26651148314418227,0.652610577321053,0.052837716280959145,0.25504495018052625,0.9528306275324795,0.3520299626789502,0.0187016058551977
3157,0.4555357305664152,0.9256951759617427,0.354675337938268,0.6868072737104348,0.6023624306996137,0.5755620045472823,0.976240652438928,0.22324315217117308,0.4943311272735546,0.22180456295693063
3158,0.23035234529145715,0.32123409747646425,0.7791641730291717,0.79355615383509,0.5945951851970902,0.34097225630055417,0.6191049365445809,0.8098664659221662,0.4784165531090237,0.3102434281448194
3159,0.3735110111323175,0.4723450374865712,0.455319586880342,0.10246382896402673,0.1358880600429203,0.12845132043412072,0.5084784461620278,0.1129875962806824,0.8388535982489354,0.6123977596720634
3160,0.4955174245749317,0.5930932623985264,0.47998718465964707,0.9177413601424236,0.7547850477950215,0.0887250886436265,0.8387562328339409,0.3615433362017933,0.4825408130034807,0.842627204967842
3161,0.6083885024657442,0.39316222538692114,0.6452009571895453,0.029917468014497045,0.19370292070111733,0.3159862543808507,0.3011204554656461,0.4015238799919624,0.7648435745693434,0.7130424734337433
3162,0.6099223217752157,0.5040369654037989,0.19054023171782966,0.688701668062246,0.4673319715070857,0.9999999999999999,0.6591358968475043,0.9954142084431751,0.5233144542074148,0.9983004903199668
3163,0.6329061580573057,0.10542878096515225,0.51059933932241,0.3846585685510522,0.6165209415535399,0.21306139890599624,0.3964697445796522,0.32061476043577614,0.5108479857622694,0.0006467456386864412
3164,0.3835788476097997,0.1674164542582313,0.2962192093978193,0.6677272994770395,0.566240320764988,0.07331869975341043,0.5731418233371699,0.5545275500375622,0.4348128581248621,0.19007064828062697
3165,0.5694790063982162,0.4009221083852709,0.44587398830150093,0.09766203173099022,0.249709562933953,0.03166289232300324,0.5772232298380919,0.6333372235497949,0.4525388748668147,0.0870380499567025
3166,0.33995768921733205,0.9149332899106825,0.3914161545402246,0.9374925674669996,0.2844318091864968,0.28365039484548776,0.06779175795195763,0.6777149992291509,0.6711682561090371,0.6635737882018542
3167,0.3883366887716306,0.34916143289789264,0.381800424303935,0.9378207389114437,0.5524052681460411,0.08778653767319074,0.23474339123897453,0.11965445743021248,0.3633417684426791,0.4269330157971407
3168,0.3320995295703306,0.24956259118612945,0.5428511644716112,0.5196207337551997,0.595689120419859,0.7889042026884828,0.7916262061677024,0.5589232325961865,0.684471041482049,0.3112574616529442
3169,0.281029404348202,0.7427984208177387,0.5420364756620195,0.5097999335518986,0.2827145199477178,0.8589543095892352,0.45237764883868853,0.6345689883168675,0.775876793457615,0.3126155848656437
3170,0.7060350583843158,0.9491359841793261,0.45978551356856157,0.6350812489065831,0.5728158990288026,0.02611346297404401,0.8682255917378616,0.9033749716693548,0.38970666300154627,0.8929759696014934
3171,0.6351697024029413,0.45896405153539066,0.5699121698322419,0.5803168059205359,0.2037827680771045,0.21919886103817351,0.7406424056108514,0.9573558014740412,0.7316303791919629,0.07545169845360644
3172,0.6895178014975555,0.00829333408760152,0.33878820330609416,0.5437776047763108,0.6176516613357045,0.43097779337508657,0.45826190023423924,0.23460798332910776,0.7012842481933526,0.31336002258276296
3173,0.512664244732126,0.6880670651270114,0.6278939810288968,0.5894432047481508,0.32591880237631116,0.10039977320908058,0.4419804559070886,0.21008329576555168,0.6672728894193041,0.49986229257071485
3174,0.6518099515951271,0.41488636431041725,0.4623258778455208,0.8590062963488364,0.5124513083690143,0.2017133111132244,0.8030618785411823,0.6836263189108893,0.38130237537012907,0.41155202301668176
3175,0.17293824212368247,0.6735583750467995,0.41057992221966755,0.6113289084920074,0.4799727309263692,0.2788352381613546,0.8869426623350878,0.4892340559238393,0.4794560116102678,0.6875093088142296
3176,0.6680886686097807,0.27749572302739334,0.35256198241174785,0.19590528206345817,0.7213804729070322,0.9999999999999999,0.44602367371435253,0.7434867706729572,0.4791972393296868,0.6074675537060407
3177,0.5386647316926053,0.00209443083221798,0.45576151892971084,0.9143136201339601,0.5437123431691537,0.1759750917453324,0.78271892394347,0.8484618002822433,0.8993260088479424,0.8004642810391205
3178,0.623565884676775,0.34429796496854587,0.8496473764234077,0.21604081336939643,0.38099524644547705,0.05893701298409895,0.6889587217564324,0.010115829015355585,0.5002292219284095,0.8441609673193737
3179,0.5769472430056294,0.704715693498668,0.48897336913558975,0.16521849824975857,0.5664328155239517,0.004421832004064252,0.7207927152322602,0.8787405346758516,0.4673198285223678,0.39990477162663973
3180,0.31901574182495224,0.39293143812835224,0.2873547296327267,0.9974976948737999,0.911278733711415,0.4700759677492191,0.5175685725761179,0.26503587106358595,0.28405722019276175,0.8660688578429512
3181,0.2226064757791908,0.21893358803237253,0.6721369625803272,0.21349571784147006,0.6400376956378355,0.02806401467722596,0.3748350911431059,0.969467421720179,0.31750873199955504,0.6321484211200632
3182,0.37090114574325866,0.46384894676581667,0.41276847333043076,0.10012020016880557,0.48543331099363213,0.32201495717179357,0.3043586813197879,0.4299729797189641,0.37216709657225805,0.8603727027314554
3183,0.6118318410836022,0.7522879250182244,0.5537009641903274,0.5622467493717389,0.33563442642175867,0.6711890581886915,0.258250107180024,0.8524399851127197,0.5707875454536582,0.4653419062145662
3184,0.6354488852859885,0.11915887125919979,0.3878280032071614,0.8275553923454914,0.37763161655831917,0.13322071749040706,0.851491763409338,0.19949286073436562,0.23159939106892796,0.025506818135408837
3185,0.24715242840784168,0.6916709832572303,0.739639889358664,0.06075944530856814,0.6284069203866074,0.40732545215740473,0.5009251829389032,0.524931238356993,0.3756379373624356,0.6579564456037873
3186,0.3201394411234863,0.6672547353913885,0.3906069378191893,0.49031060460436826,0.3255395399589337,0.592821529632189,0.28767841348483064,0.06275430472082542,0.1485922621086802,0.9660106961420201
3187,0.3687914890742751,0.37054848281242636,0.7614756805095878,0.06851463528296012,0.4973978980384852,0.3467081025435576,0.683867766232751,0.734756973800912,0.7684734734273682,0.9302869502850992
3188,0.437832907553615,0.9703491667936147,0.30509848511482984,0.42886926846848616,0.774952366477163,0.050747634757839125,0.41054701783017195,0.9421521287586997,0.5223562494882323,0.15198812290766645
3189,0.24826398835044733,0.8946927484774603,0.44615532362832544,0.34409926335873975,0.525967792548554,0.2423847070625513,0.3787915222234857,0.843109327714715,0.5611127006448777,0.48952257064859545
3190,0.23694340080819293,0.3159536636796844,0.7618743724765092,0.13717331359839566,0.2881444175835671,0.9346195164767694,0.8804828406704586,0.6802308198884651,0.29506627496809207,0.8728041064476527
3191,0.35018835369692486,0.03078706128041505,0.532144894808861,0.9314304813406704,0.9181327504677427,0.8575601837574515,0.2533722021048574,0.11844146313492261,0.7227623943559611,0.4164976467040562
3192,0.521520724982174,0.3080943378922506,0.9243998469735414,0.635160076826347,0.8377831930341838,0.2274340975633417,0.5422752863983458,0.9840399947435184,0.7876911743493549,0.518136525013354
3193,0.28250002288484555,0.2044765131142966,0.4505875696171533,0.8434252534638508,0.5938189785219079,0.6992031617090473,0.3898725991456687,0.34361587386270215,0.5148548587461004,0.9976048381563872
3194,0.4833978546432936,0.5471220929744179,0.5487185156781259,0.9063424401446338,0.7436435686654294,0.1441725807793504,0.3604270518176432,0.6326188742438135,0.4111181074742139,0.48261384850952055
3195,0.7049677940429395,0.9187399836978235,0.8560833473603188,0.9305944040885092,0.4452366962772005,0.34585999935732625,0.22880378194734113,0.2725861761813257,0.60705600785058,0.18997939931776353
3196,0.25963554758158447,0.8703167345864008,0.2184408821316919,0.7484398515560428,0.6370069930375902,0.1029061185913225,0.5098997224303228,0.827297893743704,0.6417370676994039,0.03861394537926044
3197,0.4662960627535259,0.3056178512473225,0.19534770795811182,0.3070704070311727,0.4149537156246302,0.14132601177795354,0.337658613619404,0.3780967180113545,0.6674863796996213,0.4613359452975196
3198,0.6985913682845752,0.4284276650743114,0.3524222289346157,0.8292950682239046,0.23470373451146415,0.1155808433304773,0.6080233121559766,0.39036207813093704,0.6282663375170829,0.5145773382918875
3199,0.42633074159697243,0.03624000678573348,0.6524716620642076,0.5204031911926943,0.998226056261249,0.27809692420603305,0.4902322783583272,0.0039070668261901725,0.6852793751391528,0.9199343650735567
3200,0.3970106315353466,0.5440326441983476,0.200550724698313,0.2717597616509744,0.22481515055844564,0.14350461483642116,0.4412219166769918,0.5751429832946602,0.3705545781030824,0.7919797418940506
3201,0.7247677586931165,0.06307484180947329,0.6121282253488457,0.3859321984848135,0.5544336437654985,0.19537506243588143,0.33864696491178986,0.25032281847978394,0.6753843112571283,0.06280777104227386
3202,0.44747468681341235,0.9386084323439714,0.5990096742478211,0.3013429864845134,0.5521741348278002,0.3540222275120962,0.7628912181562222,0.9218883637815946,0.4159282059537545,0.8168077917377963
3203,0.7136358722503685,0.8669119106161781,0.8764563216104967,0.46639946411861744,0.596687314916304,0.006086214180250009,0.6346491649372368,0.7830961944822717,0.025306807406584253,0.06947536257898412
3204,0.5861813196949691,0.21394539180310074,0.6957596060557076,0.7816756703268148,0.4795304454243275,0.4620182661261092,0.37318837201222604,0.9521309620493333,0.414183691797879,0.013988109702328388
3205,0.4405612034809537,0.699290200190527,0.5686749373970557,0.48507135982938854,0.48154874625703475,0.08975782253646893,0.2481131475765585,0.3894292450525133,0.3969109006907176,0.5469355153707919
3206,0.5957518102084192,0.5678975709903687,0.7542536247514008,0.2679626702771869,0.5236504075433309,0.7055829241429833,0.1505449889970943,0.6615953861714857,0.5479329583799581,0.5297659067872289
3207,0.5657072473725957,0.801313655479553,0.6012844088236704,0.08742407270651009,0.5896974176287707,0.5636620449327915,0.7087635170934317,0.4515273083972833,0.6613417408872049,0.3164035083086062
3208,0.6978604635380401,0.4754981198052067,0.4149800109401699,0.8561308878728005,0.4965264849719747,0.03636613963512174,0.6666609926672682,0.9093678995818789,0.5387712442560872,0.4605255861392674
3209,0.4017886285702536,0.19152217045383926,0.28731701256474207,0.4175415436905844,0.4836549161058483,0.07861320298969858,0.6920127505948794,0.3239014606047803,0.8837401790143828,0.9203728661651003
3210,0.5130214038445324,0.6397448298894384,0.3945968562766299,0.442106788615529,0.24133927017359313,0.5022793230213974,0.4767108328095127,0.32816882740710024,0.402395561461287,0.6763724203222493
3211,0.4936405305816864,0.07999289689338682,0.49330751073165935,0.7640539919371145,0.8863787061557574,0.06203528185003776,0.6476263447685398,0.3656116029348158,0.12451711474532184,0.342372963246795
3212,0.6381010173191844,0.5844707715104921,0.5334213053512888,0.8500985201683674,0.6004965853478705,0.01280904586214822,0.6884375613508182,0.4975452206380827,0.5549540207235601,0.9339534050703614
3213,0.31182274509636754,0.21246207035854747,0.10257622757473903,0.5113610259651821,0.537286060807016,0.16764961369365527,0.48602748002094726,0.8877352959841893,0.39863044639838613,0.16292197298620348
3214,0.6971235476501432,0.6848530863810111,0.4598340498895529,0.632639771194185,0.37608888140310054,0.031287763297442026,0.432822320524665,0.20702989366012614,0.2958835119101117,0.17513475350905366
3215,0.5932308002396934,0.8280081113802484,0.5061114961098899,0.2392475764013642,0.302751572417185,0.07662006639484079,0.31876755960460773,0.6511662801544501,0.4456158533198585,0.2329580633820284
3216,0.25677802371620595,0.1092471695484768,0.6028945205256906,0.9354792669585246,0.663222557581138,0.10549147057309971,0.5775362180143024,0.3055853803386629,0.3533090516754523,0.23244477179884365
3217,0.7332141081803785,0.40008912226484583,0.804172557553393,0.5681635298039693,0.4659560909735694,0.4066059055889418,0.6020885849762245,0.08214041393769746,0.37204544806752876,0.07093463591006588
3218,0.9267611112924294,0.7334546351584065,0.5354047118436812,0.7199169978379165,0.6170085793210534,0.16606342658692658,0.4238943028500964,0.9537169783342064,0.7913848682514444,0.3096198544719107
3219,0.6942664497210783,0.16344378768229426,0.33115151305944235,0.11424639754361851,0.23533525413173018,0.07744432356066497,0.44562879868929955,0.7857271572780167,0.5257600120884669,0.5486280675726509
3220,0.7744811463870939,0.5041605632076909,0.16171705171089654,0.6371949863130965,0.7960815628449054,0.2941573714314684,0.4588117142694578,0.9520777312119658,0.45172786825568295,0.2227351096711967
3221,0.5213542291641124,0.6717512105704111,0.6289057370480818,0.36910042395187004,0.6712286988454319,0.1353650592133217,0.644900893538954,0.39996064155156197,0.8056543139290471,0.10678496939783921
3222,0.19176493192947613,0.35459882896586825,0.33870002464538573,0.45025096683468047,0.4811980919140129,0.5352544694009168,0.2453231768524991,0.7569090897271388,0.44600658481652516,0.650449785322123
3223,0.15731021717857396,0.8319485533568155,0.6624425241371368,0.682456898411019,0.5873292767006228,0.6547474022548188,0.29497080545830817,0.6510030898598591,0.2684422361513881,0.41995480962042886
3224,0.5533741368509134,0.5105160131105115,0.7613940277468875,0.7966749789515878,0.640208189737611,0.0787334235558346,0.2985703447056382,0.618854048405292,0.25014185760088475,0.6533224855088859
3225,0.3935561860442423,0.6268919331496997,0.21281774654480037,0.34950686180864865,0.23826946359263862,0.02772369809771619,0.4714994766096669,0.03972126400784255,0.4869433816192507,0.24799286895478062
3226,0.3326905863780083,0.5041605632076909,0.6040797222123987,0.8736197023276323,0.8214151144241499,0.08768705214002333,0.5570788234688675,0.07120100449196338,0.19014751400461244,0.756077760708461
3227,0.49340827265768544,0.022853465630206123,0.7418496949883324,0.2190718940544397,0.5903536225180599,0.3849363473411206,0.3016830130303508,0.19481705617161804,0.27939864885410065,0.972778323616426
3228,0.6213915521352218,0.05045117336776424,0.6908276141831388,0.563138182053215,0.3606853105843997,0.5554100057436511,0.6666301674942765,0.7495779174572879,0.42971020227244855,0.26119073540901117
3229,0.23115003315618388,0.9039107073275096,0.10981527640576302,0.15131588501799706,0.2847672053570845,0.6631937470519871,0.7687852442655414,0.7982986617463722,0.7171856109693162,0.6393491170743355
3230,0.4205555905062212,0.882625761853408,0.34157864513055125,0.28936371456167453,0.6878093344521808,0.6533116168704486,0.5752572351957419,0.6470765148277937,0.7475583989614625,0.7650487006672912
3231,0.7901195237290554,0.8075494860896363,0.2620329027614626,0.8958045302132556,0.5377217430976905,0.17564710461312597,0.7060763842246118,0.19162083347949838,0.6274601358958105,0.5432504215398225
3232,0.3023684687331084,0.19936493716634363,0.5984065583264443,0.01154284923588339,0.590225942185635,0.18985946638121476,0.3300435194439321,0.7775598695556426,0.5014046430131605,0.2910948856306841
3233,0.6693478132403519,0.525321475364812,0.5778647736294772,0.9160135508052407,0.5020354677544047,0.6089374307223158,0.334437233329638,0.11296820727411193,0.3937758490375684,0.21437939371130965
3234,0.4137910522127524,0.7960712747365362,0.0,0.3285340044824526,0.3029199514732953,0.11125386720781283,0.5938611253755814,0.8940436300327289,0.5759209623799793,0.6465746096748048
3235,0.6082237390207339,0.6745823651798368,0.4446773009218895,0.6960965636975356,0.5010879514399724,0.8315429850353938,0.49181987265459454,0.38445475237545557,0.8406772272878791,0.4798637412625005
3236,0.7122835514136768,0.11524565782764684,0.6501119576953449,0.09174127948641778,0.45866915702754874,0.16016081205763075,0.33409395524392843,0.7269966056011351,0.5290072310454395,0.8372828793050018
3237,0.6451071490480969,0.8955289309368475,0.5283780102280544,0.641547499566845,0.49268216554810973,0.06472951575469567,0.7618471696913098,0.16903213610000295,0.4143705622775166,0.08929789325529891
3238,0.6767812508101233,0.16042209942611801,0.5280592756264678,0.909860810082811,0.9566547087121908,0.3964734413001606,0.5540367449516033,0.31391615841416093,0.4721878585252693,0.03266315723968022
3239,0.2879717070420606,0.17153915094607378,0.43271134884450024,0.5554383302796707,0.6649793964866619,0.18579919111523302,0.6284669386610342,0.49502748890083326,0.4514749877745295,0.3708134711278088
3240,0.7153650049568012,0.9009982056241805,0.3032931398252958,0.36226899561889725,0.6761393259875312,0.33080272544941075,0.37449677855706615,0.4961100339712835,0.6063937742796499,0.47433227476307
3241,0.3443663005750691,0.4844659778965852,0.49760027919842065,0.79392378958509,1.0,0.10384292824578734,0.8088726057106397,0.09668862181129757,0.35705893399705174,0.6395492387102516
3242,0.5542155682339384,0.37270315606891175,0.5104963246623342,0.7130343639336767,0.5712648517178586,0.04067462292802233,0.4701346068140278,0.5481086152982557,0.5793071474162572,0.11399507280025234
3243,0.5539711268665148,0.5535290829383389,0.6155234668471137,0.11772750631776988,0.520032507790527,0.4123939118860912,0.6869361151995235,0.07459206013145551,0.6100797812134322,0.587270430158392
3244,0.5967766900922261,0.9814140415264067,0.6306753888496407,0.6659888233979566,0.36550066784523816,0.21275978303574603,0.3913657372063886,0.9237199898650074,0.5675026428786214,0.8130284586408838
3245,0.568821711739262,0.11935630632237422,0.5167939069411639,0.6649426510980441,0.4093419965074384,0.24562529245708734,0.5300236338374287,0.421472770804861,0.2957774593279974,0.9095495975178098
3246,0.34604231311557854,0.7568898031820367,0.7049768670624734,0.7522481553449535,0.10091234442773922,0.11263526911175521,0.6018343607293133,0.43879586671697113,0.47374418519916933,0.8997597809065241
3247,0.2505626767905007,0.33412417583848764,0.43085926308332556,0.3164332662590128,0.6497671627026074,0.09925550814766582,0.8670865737145144,0.5768023471745197,0.4020606408037039,0.5184437237934512
3248,0.6698360046090518,0.11677425074540089,0.2314766822346991,0.4014435093215475,0.2518208841992604,0.5136406801916783,0.41776984321725635,0.781620031733507,0.48811033880448945,0.89924641717071
3249,0.5403089737642812,0.4217612376241486,0.5897495964296623,0.9604608758894424,0.6714914786498574,0.6234744445400545,0.5362813923142407,0.06900525977950157,0.3754988825331707,0.5375850167362187
3250,0.7221038823212831,0.5486235632470045,0.5243503666876834,0.5737017315162921,0.48855541820944287,0.024410853743360664,0.6081113902633393,0.7028708783067434,0.7383499527088437,0.0733013050211963
3251,0.49680699020068425,0.20571662671476967,0.5934567301436364,0.5087198794824203,0.5216478525207463,0.2754211864847347,0.2378477019443485,0.9105620844446592,0.5376457380981137,0.9736763767383081
3252,0.24012960700633668,0.40509171708447805,0.2649663236750067,0.9872848574818298,0.4886827100753846,0.010423574805971812,0.0977092393713645,0.4389136624034252,0.1947285878338461,0.002543159834307196
3253,0.6875299959945754,0.6355760486953472,0.8347569654152011,0.22964408768524183,0.7649822632675158,0.07937023580483757,0.3151596351331714,0.012698256593930438,0.24952253665348673,0.28575051305574306
3254,0.4353677843851668,0.57632805271527,0.6332867935125529,0.39810089927980086,0.7308168232545491,0.3604825393960869,0.6773640971782515,0.24695753271091325,0.7310196484341118,0.046321205519275044
3255,0.5697739057330418,0.7230901444661187,0.44707092349472943,0.7602142160164702,0.4912894359762067,0.262245557241691,0.8156070866258647,0.941097575525541,0.46793094327666435,0.5436429707586692
3256,0.38308846214819775,0.8363723046618837,0.3263230879640818,0.7134096935962441,0.3229860104735275,0.03422591423647526,0.3286018308411837,0.11752230175612811,0.42808500430714375,0.5674087970155006
3257,0.8154830985390249,0.40896389622749657,0.7016656436903485,0.9671265303438352,0.675583067295734,0.13085353023079405,0.27440282408792677,0.013046710591873956,0.7165401300913816,0.6379121945112506
3258,0.33986234115458885,0.42279550669502186,0.29530574328990367,0.6545823774274586,0.30836854663859203,0.07524391154161625,0.7820880732687836,0.9359081654714317,0.47335589204666756,0.1403075793189093
3259,0.4415828514876989,0.4965452487938783,0.9225160316478335,0.3132198953909102,0.19612541001907247,0.35251676761717654,0.3945764842982293,0.8630252889679736,0.27509155919773726,0.01736244473591958
3260,0.5255196350024359,0.5662300043026288,0.38642100668461854,0.397815825068246,0.5932722199151912,0.9172511994653905,0.4303050624798262,0.46012311232899883,0.28791282120998835,0.26563808440890935
3261,0.2991810283455593,0.10804470879496796,0.8216480166196324,0.08973498565820104,0.7325668674796283,0.3045257201962666,0.7681365922368224,0.004822651492717128,0.621355219230417,0.05143736878111421
3262,0.5676071924799078,0.31242634695845567,0.4663775420842583,0.9241263544567877,0.4185233437808468,0.4137079248183438,0.737796335143472,0.5835838710693989,0.8876962246967004,0.03522497604173208
3263,0.8093717307016001,0.17163528534543457,0.7955836501992762,0.1287080220015627,0.5010879514399724,0.01691749112687855,0.6712540257112438,0.8167305910412775,0.6616408953300068,0.26390547628702893
3264,0.4127096889732213,0.3856684669424352,0.36373126933676003,0.5459357553292109,0.4164752124214679,0.3329883027410088,0.18311507034148405,0.28568560272436844,0.4295900338847836,0.9988413363553323
3265,0.5797998960308799,0.9733680665626033,0.5042940221709843,0.4015607062389247,0.636530943840979,0.1650158090745741,0.26670291321249956,0.17227469950268948,0.4590692360384528,0.8033830499103399
3266,0.0,0.5826131102495774,0.6508634422612084,0.13426617046501213,0.708686304389383,0.0905445665985339,0.7056553197381228,0.9046860453233784,0.5113503863555935,0.361713110502794
3267,0.4979020010558028,0.4292119160448915,0.6242556854894361,0.29310791908854106,0.44603254588951796,0.02097923895068705,0.5575609567945701,0.7678624541731569,0.11838915741778783,0.37605800455148375
3268,0.44618412090362564,0.5658133805765112,0.7060685141281955,0.6338415063967984,0.2981114549955918,0.044174697936671024,0.35540265233111074,0.44780408594649723,0.5065995721675722,0.9298485381080152
3269,0.3508180881652822,0.6689878517667446,0.40986964335972065,0.031246633076825764,0.21504852256332907,0.04071503975385334,0.4353297248424883,0.9050423360120344,0.6131060201562806,0.6619619067233007
3270,0.7092879748795652,0.434785740018643,0.5165975182862008,0.9664150931752875,0.6759311060376746,0.1356433493415678,0.7038982549323234,0.6079855797369521,0.838962165669672,0.8369633248966699
3271,0.4436933671352246,0.4475463864133511,0.7336002731733956,0.9094949799117649,0.2770349864183351,0.01747274130861884,0.7807714242719139,0.9441422115432497,0.709357769352174,0.8644500716993804
3272,0.4717616084124409,0.7013233356885343,0.36925396873594485,0.08462115429107703,0.5688374121995848,0.8413715106046501,0.49780356119407526,0.10265385073825996,0.8687861930638323,0.16924035768555745
3273,0.43408060362294126,0.06056859936018213,0.6075575885215446,0.8687341498370121,0.6472494624516387,0.3094564531090155,0.37215962211359105,0.4361300057487041,0.821416387054823,0.016046890390839175
3274,0.14359451643403398,0.539948326792009,0.4599086659312466,0.32870326702111263,0.3999124183741084,0.35110090783852094,0.44807334921081426,0.6790937412118819,0.7671035620446947,0.2682123953662468
3275,0.29167104631801016,0.5471980167611535,0.5391757622880956,0.06751628385348135,0.464728125379974,0.054112365796547504,0.7467203257823682,0.4075934490493712,0.49909834135951575,0.5943889208784224
3276,0.6865797993886431,0.7566931491674399,0.5165493732098974,0.30623454137582706,0.690119958499007,0.16767244339731244,0.7431163584293194,0.34942322459045255,0.5676564273331668,0.9085424489765539
3277,0.1071550989705198,0.982661882051381,0.35376966560807843,0.8092407134280585,0.34055118707241555,0.12258369980422841,0.5347484645994884,0.6953116737932333,0.18484332515958685,0.3085726849971938
3278,0.3606634973757197,0.795708838689329,0.452162947111854,0.6661187985112021,0.3209148835883421,0.08566999174958437,0.40120740052535536,0.6055154062274036,0.5269045083894561,0.8501245474092208
3279,0.42983032103922864,0.5036441221435697,0.5278103658333145,0.23865020158681136,0.45154018963110326,0.16276629016388536,0.6986911570073955,0.282151616725805,0.6096996008786533,0.6621715763727071
3280,0.8342221819765913,0.16919584651081324,0.4816235292570279,0.7194883866416493,0.7440608395556887,0.6356641515821843,0.798361957545926,0.4437220516056253,0.4483082328875115,0.6544957555078083
3281,0.6502620866252381,0.5881449916542747,0.7940896777402305,0.7081277957901415,0.8084369647946472,0.5892265442058225,0.23071310482911828,0.7067966743908438,0.20926233989870086,0.7162722305792841
3282,0.40012358681408006,0.8342659477539772,0.689133530031402,0.7431841797337042,0.47777049920200737,0.9999999999999999,0.45601878225263554,0.6267479475554221,0.8028403430753304,0.5115060523607726
3283,0.751374098739563,0.9324142398444467,0.5548612463646584,0.5408863749036646,0.35913415229902335,0.01919684022910641,0.7121965156410033,0.4527524632211327,0.5792857473472923,0.6735793231872471
3284,0.3655311852957704,0.8252744067964287,0.358457603152012,0.8193035028010273,0.70270649000623,0.14618485962761846,0.512499302248824,0.259602221264129,0.829020950173661,0.7932687017204665
3285,0.6956373202176821,0.1887178599784399,0.3471043187243479,0.6416382969772632,0.17399070983542014,0.07791889565342802,0.40875461594574264,0.11408911574911736,0.6431384033578456,0.5893633913849353
3286,0.24886275978370243,0.7125018422756318,0.8688884739311852,0.125437703812826,0.5447724836870877,0.3037009609267446,0.5330755446813034,0.8401594681180522,0.7621165777817642,0.039161452726762525
3287,0.7077422410769458,0.8801374855484999,0.3124417826941924,0.8106098371149103,0.4883837369251824,0.15201636210640676,0.5673059081103538,0.8202846511237932,0.7231034947706227,0.510568446950441
3288,0.42862024660558523,0.6809322930117764,0.5220154518726448,0.32389794183263265,0.7471392679537731,0.614169657272329,0.29098827654669984,0.6131357288175261,0.37306496846756193,0.596954921573892
3289,0.3111953968763429,0.685668965462637,0.5680965165319711,0.7053401164278719,0.7667122972375973,0.6152905296192197,0.5156586987753968,0.5711472009171503,0.40544717294228855,0.8753533906717197
3290,0.464277660878989,0.5000165718115046,0.4427205819592128,0.6754233349133759,0.3145671934839882,0.270736006043988,0.5666839504539818,0.13584474476115743,0.4207580843354362,0.0051657259597444605
3291,0.5575744123397504,0.6368766841819689,0.31387438172948656,0.336047949951528,0.5293113053306804,0.060309592743278344,0.4083378193246688,0.44645349327229333,0.31855309295203443,0.04851329421900358
3292,0.4119009833650435,0.2941655508082083,0.3544012356394344,0.1617388604196426,0.3865074394248882,0.01419696966189244,0.3550791130690896,0.4836120056444353,0.8374767943164423,0.36790268274327276
3293,0.6097632670317334,0.08852553558888196,0.3988602611252,0.6952588461954399,0.44014033468167973,0.03975612584827268,0.39965784338731974,0.46114670433879523,0.5101713200618982,0.802960075338764
3294,0.39525140327646263,0.8276797436065074,0.36846371775695175,0.8493950536075378,0.5010879514399724,0.619078586197309,0.3197585972388423,0.24167708270143468,0.5894379048874341,0.4842937730255037
3295,0.6222947522783635,0.9431481051884932,0.7483953193870635,0.8385980480649585,0.4321001986276471,0.31042187165661095,0.6558572491245627,0.12331830716403096,0.2492731436880859,0.3052131748512519
3296,0.588682502432033,0.8567969983772855,0.49907915881652254,0.6267740795261378,0.5343882695242804,0.14504249642801142,0.3174101930984177,0.9314232655516766,0.6576548354563267,0.693240705102848
3297,0.4937523432057846,0.33371172821565426,0.4030944420474075,0.22749273534893397,0.5010879514399724,0.25724205853043053,0.5337868818398239,0.5561396992440781,0.4243533906284976,0.5043347301744057
3298,0.42196975661871544,0.09324719319468855,0.5207283376466667,0.3163363238032608,0.7899512525178186,0.1443713936265941,0.4298607111537291,0.8625686534109731,0.7416991782169284,0.5736946045995068
3299,0.5338386453162819,0.2799184122430635,0.6253520508090725,0.7549559151901366,0.5527164000712107,0.21982188455877158,0.3686047082466038,0.6718572548567063,0.3719271812331108,0.42830024853606424
3300,0.6090652197381039,0.8428053180281158,0.4365110095120859,0.4110238668145658,0.5196568472084917,0.09684327853534909,0.7519350744837838,0.8202798261202087,0.7551718337090092,0.725040723142847
3301,0.894253809759108,0.6557213278578776,0.6689967898483944,0.7328154624199046,0.28269782430746804,0.15262106003272133,0.4747743142791521,0.2155656839857648,0.6808846926460861,0.01552323763855279
3302,0.6824906660977874,0.966705990312131,0.26371765521262625,0.3095732363348832,0.8036143148749304,0.09369566143147304,0.3753920480049529,0.10552895489555926,0.4136696218879851,0.0016181799073384795
3303,0.6893903675994277,0.3424821520061567,0.7192242592661587,0.006301907517390709,0.5927598699179293,0.02519166659815941,0.357730487328285,0.6137036988724159,0.7715010748040312,0.6828146060865606
3304,1.0000000000000002,0.5513437235933725,0.49911154449245876,0.6037487047254747,0.5232274579862403,0.0009614663774954978,0.5614679590093374,0.5491368943096684,0.7203891994285261,0.026597875270561788
3305,0.6025946112019642,0.7899903441251067,0.4918270185246343,0.6011738100611802,0.5133286483859996,0.21180261803461842,0.6514228774731152,0.0959515087324589,0.5951607963672414,0.3371494355078291
3306,0.5966863065042057,0.2337563923136565,0.3715368961869402,0.6278244038589263,0.5666379968710672,0.36347498793779603,0.7333779702728649,0.6111270559151845,0.3133744169701543,0.36629290230951195
3307,0.6380759110401458,0.9641008418937986,0.2717922949889916,0.2682898785545972,0.6461630635939727,0.03845375150226479,0.4679707646574531,0.18144447758983323,0.6541455854559663,0.6137900917688994
3308,0.31488174975820526,0.5922830887036621,0.18995389622846545,0.8114251749361282,0.6701016170875557,0.2506509257230542,0.4568861190446683,0.10766322388002787,0.5146814892891487,0.7724200331268556
3309,0.4214944268867628,0.0075857030859190645,0.35852651589715867,0.48767205380490575,0.8084506596704899,0.9999999999999999,0.5230686492369938,0.9853096106859719,0.5115161458683088,0.821816856085161
3310,0.40974617402731356,0.024847239423284852,0.6103796718523928,0.7627197165797764,0.5438203683349045,0.13584249518663485,0.5297425834463183,0.5555109880730831,0.5161670493369255,0.28011166530681675
3311,0.6274345176324557,0.8821992501020172,0.3215067838568586,0.611355605575008,0.8361879840009571,0.11455204217421491,0.35645033147280486,0.3294112337835482,0.4964185911002395,0.16225475425909497
3312,0.4723847828677094,0.645184792967018,0.2120021223786238,0.41624315412363455,0.7014702319306485,0.007633897102443161,0.768741427277192,0.09754525977619267,0.33769058677632363,0.9808051635499466
3313,0.5313260102133601,0.7630155402727891,0.33124430689041306,0.6799205453348942,0.5010879514399724,0.21965021445317992,0.5030059459357661,0.9167578201363945,0.21425412079665623,0.04368679674417458
3314,0.7104207990805896,0.7839660908653975,0.4290113421541384,0.5752228668637923,0.17436244845115317,0.12559125494965503,0.5975728178800979,0.9426317836870529,0.1750528184407048,0.8138081018198368
3315,0.6681005966738819,0.4202871611697311,0.43634661041763845,0.5109270516486689,0.5134278846640213,0.021249855749175883,0.5772235923412627,0.256550746193019,0.5590097697085854,0.020065441992726862
3316,0.474734439689454,0.7985662621372834,0.476743139022494,0.6488399195370677,0.7983297592015359,0.969085360500687,0.5734370693077055,0.4347392303716693,0.04166720805042767,0.4850879078142932
3317,0.37883657831158085,0.9375343485323627,0.6933578058064429,0.08595930022257559,0.34692087067489774,0.49818418439623946,0.31363565152271294,0.6454021118812012,0.6401081219364042,0.6414745807405854
3318,0.7194431877479636,0.17191469200962428,0.7337617527681116,0.9106609879605447,0.5128283345729675,0.16393082240104587,0.4977247376308687,0.1106549658250384,0.5983019163504153,0.47768662401281997
3319,0.651259681892278,0.764079779824549,0.8747913383760081,0.3352170925892364,0.5288356435351043,0.2835645126683896,0.9197353216517181,0.536739388760157,0.44462926317717194,0.5646824077301573
3320,0.2021887855899837,0.3075813656863135,0.19774281991472561,0.2247771793474385,0.6791106925717701,0.7676907442332792,0.7917608113113288,0.2182118453159685,0.6971596793999038,0.02530524984567739
3321,1.0000000000000002,0.32128698539008765,0.34116240984225255,0.7721324975697303,0.4218645310963668,0.033107069306488,1.0,0.22483812372915168,0.45273271248731245,0.1541716926867429
3322,0.5364752947604258,0.41257963544212295,0.6310456263096612,0.23130910921957074,0.328715386481233,0.07412279755547792,0.4312140332639867,0.602887872450434,0.5816599011807764,0.5532729468787669
3323,0.652191452892867,0.8636965107985803,0.4161062287272612,0.9962088958321793,0.6071317176961414,0.43780278410075796,0.08969399118758276,0.30970570303301503,0.13012920699001768,0.8277034916101607
3324,0.6769589610242693,0.02174898575693143,0.6613141302785599,0.4206669169526982,0.3530865764153379,0.1341431191786587,0.4071401524626826,0.5501440014542522,0.076241611543793,0.5483997690509889
3325,0.5588124542780133,0.43375813682598374,0.5394068908514392,0.2967417466215543,0.14184122544774613,0.2506255694379244,0.48443628193026717,0.26190817062284366,0.4574336249522584,0.4994547447644147
3326,0.6156676208885526,0.6799626487968639,0.7952959807420906,0.06207440328999467,0.8528557390448852,0.22232596564057078,0.44035633889184017,0.48743868946340907,0.5824747533384924,0.9881874006156025
3327,0.5173478263991992,0.11013819918163521,0.695243234482068,0.04180417851428775,0.6761907297164157,0.10385001244097058,0.4532048048177845,0.9322773131092944,0.6826706944940806,0.3897884376832872
3328,0.3781089416631915,0.792206467222514,0.6986562021872671,0.09516512204022307,0.8611761750053657,0.04743639042294449,0.6137531115175738,0.48447264518308397,0.4684649764612519,0.38544398238295186
3329,0.4559532384847152,0.9419059766011061,0.4239688159409367,0.005015897897802518,0.6659356259602035,0.25295650716525275,0.3143259265706991,0.5011096930276183,0.548983619236117,0.07396319237692878
3330,0.5088300442569237,0.09065098700577916,0.48260508484014875,0.32722134581415263,0.6284788753023577,0.019963444987693837,0.549213818136969,0.4925928068641757,0.6515099984768793,0.7831717467863071
3331,0.49870385416147384,0.15268523406664689,0.44385264728560514,0.310578106341048,0.5683560478561837,0.6664283457273248,0.47856139610719955,0.8565576629499658,0.47786929626755464,0.06766185152074583
3332,0.14948923699046224,0.9741114697584329,0.21993864307763053,0.4302705409633091,0.46089489584729637,0.03776465421646166,0.33610823026484377,0.6816177550643955,0.6137077430711513,0.1361027723043941
3333,0.43025233112700406,0.19760789389218303,0.7752598190374173,0.23301092864250386,0.5959331419654162,0.10103508647849407,0.8078017440425382,0.03006976992361156,0.2876906067692729,0.05669939201486979
3334,0.5158514285612881,0.07865179311326836,0.6397926779693663,0.06275079992434704,0.3898676286103718,0.23239526802329122,0.6368872259794784,0.1174568275063234,0.18745365118215157,0.1923353560239952
3335,0.4521598440386941,0.9521993880887263,0.4364350277849818,0.07117604771270039,0.2900598530490677,0.09750118709085816,0.35380382487206824,0.5776971827281715,0.4007179269750603,0.4388596733670509
3336,0.45867779644489765,0.8926094559052755,0.7440820671483396,0.182210999682159,0.43261632132719396,0.07789579721255888,0.5943458637955554,0.7601118605464329,0.6493273668254569,0.04193900599908179
3337,0.5973179589324018,0.6556322629073473,0.38322023491381807,0.3167160581448245,0.7466875087226251,0.04218902130896064,0.2425302684613822,0.11650914397675051,0.3670572817745528,0.4114078111718332
3338,0.30167626204225245,0.5513025166861047,0.15797686375393685,0.14804094758579409,0.25849688934422443,0.019382188461361142,0.3764844178051921,0.5025439364126676,0.6257807887557894,0.48102479411576926
3339,0.19807845835120286,0.5041605632076909,0.6886512886067748,0.36526670066467204,0.5010879514399724,0.024186958622397014,0.7438611353858864,0.6423477428095784,0.30703707792004314,0.1107432849803231
3340,0.43955649097461497,0.6554267959612504,0.26233507671078504,0.9226255587451291,0.6112530724831159,0.4165443270393126,0.5637651872670979,0.400493621113161,0.3914754544908026,0.05507771817979895
3341,0.6494150632816215,0.6583043510497584,0.46426982676919504,0.26170422122064674,0.4165903223384609,0.12664115466698522,0.5489454607876034,0.6933936844487968,0.5481235473233232,0.3143533243961324
3342,0.8236434789861115,0.5041605632076909,0.5392221874569754,0.16845761129593126,0.5907857479063514,0.30145452016149027,0.6810152982000086,0.3422788903392143,0.37534506315219635,0.6505165177166887
3343,0.6528137966377521,0.653151630503183,0.5726687637400313,0.6650631134590448,0.6883431335558046,0.8405112049426591,0.6116951808785573,0.6228582319536962,0.40753954374170637,0.607122313303784
3344,0.2282244213789308,0.503532358821921,0.6590043033545498,0.49108782506797577,0.5861507377299828,0.6378690634123896,0.44981543998270596,0.7656449935807221,0.0065969448233160755,0.12655804927237851
3345,0.4614053657486021,0.3895385082456933,0.6091074362472074,0.0472565264411883,0.3745843499294711,0.04676844024352719,0.6716856285059685,0.9558783270762227,0.661580205291701,0.09185624706206535
3346,0.5536670217741133,0.5029891813078111,0.6033337332345664,0.7881508436163187,0.7450320656695717,0.9426566773637652,0.18726950801871928,0.6387452601307394,0.4796096276494311,0.18683844279354567
3347,0.5387536510535041,0.52234046671249,0.3533092763841361,0.7156531167152376,0.6404245037962443,0.3054571762516486,0.3757471927124508,0.3512379343857733,0.32254849727434104,0.8743559262748971
3348,0.6069993975247321,0.3606391408412917,0.5556562886795207,0.9777291289288297,0.5020670543392126,0.9999999999999999,0.48101689231191563,0.7211456484218304,0.8502976158469469,0.9316633319306805
3349,0.3322240593825025,0.4479551290502594,0.22000245699746654,0.9387194322636543,0.49270311614603474,0.5845554666320083,0.5999694719343136,0.8044400642015911,0.3522220587903678,0.5215819935645938
3350,0.5174999510591995,0.8018280493829963,0.7921131489785259,0.5844980734560199,0.569218134551026,0.40648945129705333,0.43893875593309867,0.414336837195849,0.40419938600662814,0.9022720314167367
3351,0.5845506972405804,0.4163394216305759,0.23920874839389342,0.6863179367192532,0.4365316965288889,0.9999999999999999,0.16972127472474935,0.3622328499340705,0.3194218201501208,0.13134705839028243
3352,0.6610291537095658,0.025253867626743094,0.43617156251150646,0.40967614079408965,0.18135852203716335,0.6082952467157522,0.14381223033201113,0.15199371997128153,0.7118343389767547,0.6572148915531959
3353,0.35322922927490186,0.2828003187385283,0.2548166862126402,0.8888570497183039,0.6419787033651596,0.07213301631795478,0.48634164735901503,0.6767750890709819,0.7745312529154706,0.648739939939815
3354,0.44012494986843137,0.2315055542425183,0.36460821353006534,0.5530441281306652,0.6304862813916854,0.9065935334088611,0.41074936598028716,0.44458991943996995,0.7555528069864113,0.4492975190437035
3355,0.0,0.793535330394472,0.5032854600701235,0.32568198424127204,0.05178915670583195,0.6048787070186934,0.3310020435965741,0.1324213581778363,0.7537418238232152,0.7377808042755027
3356,0.38799349455485016,0.449130175001317,0.40216998313860297,0.009476614071251027,0.5956564561596853,0.031840853413177765,0.3001339164045315,0.5612557128631185,0.3886645297506937,0.4749624676108517
3357,0.40630370752972095,0.2800906257514947,0.7141781741954536,0.5867005585170085,0.8366294466112281,0.04665094533344744,0.523589291642027,0.9899629318575583,0.8198674660097833,0.8564660530780743
3358,0.3128783142381442,0.8106639815977934,0.5430971913824713,0.5256565881383948,0.27876193092699597,0.5556989812056918,0.7391913552830602,0.05078794899840945,0.46498008311091316,0.1357982489388156
3359,0.536493537266264,0.018908764715111975,0.41445042371462437,0.8122317737304081,0.4827012921319803,0.05074663702590388,0.523604873293732,0.5152861991474073,0.20907214244994704,0.017255968012528045
3360,0.49469148878468333,0.5041605632076909,0.47586865642932086,0.18707148775741853,0.461677495849027,0.2865566090502851,0.7416530158569807,0.9358737102094065,0.4211179926425727,0.3780835473096995
3361,0.0789930801310413,0.826919401718142,0.7282500611071098,0.8157574864487106,0.8180465886924264,0.021254314847634636,0.4298989601666415,0.9591910127206457,0.5640651815021007,0.1285571556015464
3362,0.5459075569820891,0.55052305406887,0.6702816687038,0.01527139950796691,0.7136994253736068,0.005743326482129813,0.5807270994037337,0.34137399329176593,0.3796376376078215,0.17908028427248618
3363,0.3300967306895141,0.7735963657507382,0.2884051934131937,0.5875645689065969,0.3269682753488379,0.4376591652501506,0.7483760959953221,0.17114459552329675,0.5300484049015022,0.047694680148304525
3364,0.596883554833357,0.8381443843848877,0.3738424703888019,0.397015891083212,0.5630528340358784,0.2068826839766816,0.469775623723022,0.4204314402038336,0.6040818227224565,0.4305711023723571
3365,0.26339552583827786,0.941966887843699,0.5893273979043124,0.33165392787766,0.9422771567606585,0.17668965711315981,0.5036979750093937,0.3181654503139206,0.5801489173630758,0.737222473067304
3366,0.5109083494498583,0.06313148017182206,0.5666824818747533,0.4334762381361005,0.37604234189890706,0.05741714423091021,0.4298081670209843,0.4823317166747194,0.6266025153122448,0.5566465914146934
3367,0.4518214888416177,0.7991899697319136,0.3048894314301449,0.2236751947633299,0.49472037387931306,0.19267740280934637,0.6082315050271625,0.5957815952327294,0.46793551803507577,0.35664694946035214
3368,0.5624342092003828,0.7086908403170226,0.6404900378588355,0.1834908665446722,0.5962040795674495,0.06158140757276508,0.6653876911337069,0.768176637083923,0.36397235354823937,0.011647342310942776
3369,0.5287739843190037,0.20678094876461822,0.3346368827827272,0.8054583623585532,0.37887669770783916,0.839482284119482,0.5637218733331115,0.6340043301064444,0.2228390282665919,0.5090365082723475
3370,0.4571041877015554,0.9317022022983203,0.743939261090753,0.22784392748344542,0.8379291893514156,0.0416640090541412,0.4565704258605828,0.8920732751358021,0.4854219832551642,0.3276662323211277
3371,0.21539300821052,0.4040237779724373,0.5995211316923882,0.7372920988514786,0.40545093018837375,0.2513562526501863,0.22218549185954634,0.7356249109817993,0.40007842183870174,0.2388279831059837
3372,0.22653688702174224,0.887595581873391,0.2896820259584554,0.7116688555198691,0.2282006941052267,0.3233899872500466,0.48996973510019864,0.5184173458584154,0.4796440050801016,0.4515141653667712
3373,0.3950829073670899,0.60500341270425,0.4021105650451049,0.033396547186045206,0.3953320321322522,0.22376944546745273,0.46348752801086796,0.11880284802000081,0.1087723303004196,0.17001672067751294
3374,0.5036847154336971,0.5266112051100836,0.3988685392563679,0.8814588783164052,0.6231896413442981,0.014524692634230191,0.5424503369909592,0.8037127904941194,0.21366996498670493,0.3215767137879422
3375,0.39048663026623526,0.15926324954908314,0.5305974457299243,0.7896993552566788,0.3424892617873906,0.41082171400324424,0.5204555374151199,0.7140662614313437,0.5990264569469066,0.9261770128919447
3376,0.6232078446831127,0.9143216960761562,0.4627402945396918,0.7964145653093176,0.5553313890968561,0.009636613158118017,0.7890372777204997,0.3358174310693751,0.1914336560418916,0.6108328497431379
3377,0.45256531714425036,0.5565352622851146,0.28715231139788966,0.8095444112088389,0.6056903543611208,0.7877698989172808,0.3704082354621632,0.23153600121627843,0.46603827422408856,0.9897586264070073
3378,0.3231745645919107,0.005779935998665033,0.24075772191078879,0.5828022283812221,0.2630371364477142,0.16708691703325032,0.20824738702305728,0.6579424388737817,0.344307120986102,0.6278614923097169
3379,0.45277750433029257,0.01797618657764104,0.603171632595831,0.9938190395707363,0.38784249781494345,0.3080657864826562,0.2880917635912284,0.08370591802740447,0.33223733969189,0.09692118079206963
3380,0.5478606801493413,0.7775805404467655,0.5541630745723258,0.17921538610222174,0.5643782619838557,0.1607587795264222,0.3819933076370197,0.7871999798438165,0.518347574786121,0.6658000428105346
3381,0.5665440530988217,0.16167648325467873,0.5204634229307423,0.07234999101708517,0.6327434100635745,0.08833845949619912,0.6985513556943403,0.22646004593454566,0.5075668124438768,0.8658690468680893
3382,0.8596473091800189,0.5986259919306344,0.5512714570272342,0.7044724712702171,0.39266235413069056,0.45018342126089245,0.2595460993831746,0.5932950285851285,0.6059225341690335,0.9127068936727212
3383,0.37904143188081146,0.6809973102555492,0.38535533128603383,0.29405333799512734,0.5262347060226099,0.15390097150884455,0.2841677391733793,0.303188461641966,0.29278299186229534,0.5545005130381325
3384,0.4913834326850059,0.2791453567318224,0.5350949092793206,0.6084940480768406,0.4419568353143773,0.20643353074264095,0.5752772719071462,0.47698240896013633,0.33411264888466913,0.12007432330976192
3385,0.5856452144013023,0.5691914335166635,0.9742015999915227,0.3918627309990179,0.6376638123275591,0.7772849510333129,0.6556147127777499,0.8005874142957569,0.7155312845952608,0.6430487098519495
3386,0.5008276181493709,0.24002531069913235,0.7198328860041314,0.33365848764899864,0.5973465137164682,0.04660725662847105,0.2130492411441725,0.28664345417817133,0.4594655340483314,0.14292262330988093
3387,0.41079352349916004,0.9463202954594715,0.44699416931394,0.8936406894879627,0.42463605850651387,0.9999999999999999,0.17193653739742737,0.03253680864514723,0.5716522973017406,0.05597806540118583
3388,0.21294310856000692,0.8601459492829532,0.403174514749429,0.14208961684040003,0.5894218554613952,0.1983977070548322,0.35377858161670434,0.07686822023192809,0.40769847486384897,0.21167605075329127
3389,0.40886595690525945,0.28782548394900276,0.0,0.1890534280463824,0.41707008604538626,0.08566382383466474,0.6201983353990344,0.07394875071939942,0.5886279397727026,0.09697770738932199
3390,0.3026676988013957,0.528678447005283,0.7000880281848147,0.6681291244800202,0.5853440439624333,0.47551949377340247,0.525333073095859,0.45874998108906995,0.029330433043423587,0.44537009581972786
3391,0.1794819535827925,0.5004873015381772,0.6474796678966791,0.7829421278670186,0.5880389855122237,0.7448304695769841,0.36052492317755663,0.08276051521622711,0.7208832994446921,0.9439162236324308
3392,0.3551233840298043,0.9600327526140309,0.39935951638953626,0.832578452554193,0.9555026222655065,0.0675249562899815,0.6353410846204346,0.41236846222765733,0.4156458143583676,0.6603788242073152
3393,0.30768843166750554,0.3938472442953093,0.2337737292315181,0.2312369052369139,0.4318355670548789,0.04914928063902508,0.5218418089699863,0.6977447199702185,0.264872181620806,0.6944613226095687
3394,0.6153919715077909,0.5621027880233124,0.28532865721287626,0.8825003557656317,0.46955265593853085,0.9999999999999999,0.4790528181001226,0.879879447583928,0.30028883700530923,0.8035978797657075
3395,0.6186570218518453,0.9287055197672667,0.5836594274412188,0.6098120872081192,0.37168564626288714,0.11901697102298515,0.20103548979081204,0.22100348560155114,0.4520647439905014,0.23918743738917753
3396,0.334708824876505,0.1625514762748153,0.4841194512203735,0.8235782370708667,0.297101660740524,0.4074353419314943,0.35673414095532024,0.8766765618176016,0.48116813790678165,0.5723930060201449
3397,0.4561486590579002,0.5503568736176497,0.6297600851437313,0.0685342440542655,0.40858596025708793,0.48253033771171794,0.8599865514863452,0.9781603500543047,0.5289647760744023,0.7129223380915168
3398,0.15464572995804665,0.10539406059225293,0.5169023950966877,0.3570394263748342,0.6255263592787557,0.0004612730986358494,0.4368548755332092,0.6255490819295315,0.27556191580801553,0.30401642464178524
3399,0.4119780527883828,0.6173928200342738,0.6810775247499313,0.5250864196901325,0.6395229105322537,0.4630651528096691,0.32236375228814423,0.7371362398306082,0.6676452808841962,0.3875324483353013
3400,0.5805242290754548,0.3654921004948774,0.5697053082690766,0.5772034550136423,0.5540703321613042,0.048703847005861306,0.4283749289728454,0.48278363535251134,0.4025397787176908,0.7013254209438797
3401,0.66089084400436,0.9676481372684488,0.6553479282277895,0.09909792507380524,0.4396688568181639,0.22936120743770236,0.5208785078073301,0.07432194064678267,0.3930333295964829,0.8084552128362513
3402,0.37071380888125,0.4152348614254557,0.11106405674971634,0.5388870316303035,0.4014456947259284,0.17390818873055566,0.6618951686313654,0.9600047534411155,0.45915468364602857,0.3615962714693021
3403,0.703704067193975,0.13591907688901428,0.27058092308104,0.6657736205657283,0.3195378939068735,0.3688972697488909,0.6135046983088459,0.9453210100142576,0.6280650957884926,0.625669578890892
3404,0.21927598327053033,0.8339669210783263,0.4328310822506308,0.3617423407034668,0.3891606297776943,0.2930973540567661,0.37406417686284105,0.3224143147800499,0.49570053566170386,0.664291680209893
3405,0.26985258427989417,0.8208292189222923,0.7021161007471294,0.5009505707859602,0.24636487225100528,0.9999999999999999,0.7335296416257684,0.19529563059664218,0.399106994477693,0.928875980689586
3406,0.639141311023027,0.6947796180043256,0.8514919068326176,0.29268189102539177,0.7595244998004316,0.2417772524970351,0.649227251330059,0.06495239677080684,0.44063643391482293,0.7874544360887702
3407,0.8205432314125568,0.7487500099142479,0.47015184343826777,0.8708818618546621,0.8522328188380615,0.648810030336763,0.41677227170027514,0.49757483565260674,0.7337551226277144,0.1944777885865186
3408,0.5983444593532538,0.2644900367791178,0.38672403914410514,0.5994632743597241,0.1224293780046552,0.13158674622661778,0.47525132463575986,0.9248096687768358,0.7026394982066007,0.6256291258152598
3409,0.49763537027235755,0.6419556761271982,0.13618780594318156,0.5515084922800172,0.5528292634748638,0.24148758926385477,0.6097376652781148,0.04039272424059438,0.5716427673042723,0.9577375726681197
3410,0.09107387021342463,0.03771817764526513,0.6618320838292431,0.9447730247875847,0.5496238499417528,0.071655983123707,0.6972037233660888,0.6113796985709449,0.5303736036271545,0.37823047662122583
3411,0.12366470928875796,0.19664207112862273,0.3981729174694717,0.6652184556142412,0.5372671104163063,0.017030998667745417,0.2186900056934034,0.83554324923275,0.9416778851043768,0.765278265768637
3412,0.5296630628482601,0.9322795783175062,1.0,0.27993304317391143,0.3822249661008228,0.12352428889431782,0.5119047231038647,0.3793797587081176,0.5901990377543063,0.5391833353470801
3413,0.43768996674091404,0.7391702729168265,0.3628854340793156,0.6420293401946889,0.6946597929069437,0.2538899856399479,0.49316278090665894,0.6118089246341735,0.5364531834504582,0.43777684158244473
3414,0.2966050961500639,0.2304358702295195,0.8934059618141755,0.9620470060344017,0.5762752785815695,0.7396118457499049,0.3936156746681457,0.4435332425358943,0.46374932761348425,0.570240879405376
3415,0.5176111728300271,0.11110615700662267,0.6403484492239161,0.02354985539722282,0.6969050558041735,0.1768919749175438,0.39266224824794166,0.06486724560056019,0.5699268729727887,0.4250957279379466
3416,0.5269691503996256,0.9489251918500498,0.30901418428176675,0.6268602843471409,0.3542229686632008,0.023970147728908795,0.6934530890658275,0.5042214193588569,0.0,0.31798797259128436
3417,0.6834331746084559,0.11191100510259228,0.5440749461705816,0.1568879301426476,0.22933269262441458,0.023574680341001727,0.5975613973179932,0.08854130770112682,0.6973854398200401,0.7611084019843755
3418,0.5310201435619969,0.25684228679202986,0.644640302426705,0.8168162169559176,0.581000361424413,0.08410089646691461,0.8876096162869767,0.6848502930928845,0.26053140820734194,0.5326582182593474
3419,0.7370123971928099,0.1823811086003207,0.4587725426770072,0.64096029660717,0.31061834547801426,0.14676001573912648,0.3937708787591823,0.3097283831469876,0.365720993657413,0.9348710625103257
3420,0.5067551719408266,0.007151813784119071,0.657061326238211,0.9374016991750072,0.700866028598259,0.18202261920934618,0.5242089688255356,0.8024621794839166,0.23613553908825474,0.008679432050818281
3421,0.4834862510475895,0.31392627293558995,0.6529536546946709,0.669866933546209,0.0855314907327101,0.0022889290594772867,0.5560497972937222,0.5868515903246281,0.36223759716257325,0.7693410550465808
3422,0.7060544346620177,0.9741931439678078,0.6119957096854509,0.017207573547761257,0.40624947592950794,0.22905524921102802,0.6642459121771425,0.9350783163983082,0.4374862421122981,0.15728636296747472
3423,0.32064102729877925,0.5041605632076909,0.49770890473380225,0.5105695981311216,0.37774180291330195,0.8835661344503496,0.7495520962413467,0.7376583787451282,0.6710991000306255,0.761203034547214
3424,1.0000000000000002,0.5041605632076909,0.28165979245251915,0.9040649263375387,0.43258714769251383,0.39705183146944434,0.5161783828332398,0.7247609426421541,0.7470363157245259,0.8702287610062147
3425,0.5760480588138247,0.7458730212580543,0.4864609720780364,0.23239072411924297,0.5473814713946575,0.1542460639927366,0.29690415415630284,0.30423998402257796,0.8709102875482,0.7840507848644653
3426,0.5770993051423335,0.5509515730696628,0.5336164280829953,0.08291532702546786,0.5735205729535409,0.14717096024905038,0.3677386167637832,0.44163553130486866,0.5215639809744101,0.5938206081986455
3427,0.6043186149450375,0.7435279535245404,0.1509056160706547,0.7202001068674865,0.620620448169805,0.11641832401330936,0.5252409828880502,0.7454899084918358,0.4605234637870948,0.122655112875026
3428,0.8594128527760658,0.6615446532006425,0.5323427838027908,0.5027207081626212,0.6429126892521145,0.2152788492264181,0.7060711640613719,0.7219138843914337,0.6502425636449587,0.9603955246758278
3429,0.654772071641649,0.6084538952284737,0.48272809391850735,0.04759792915963401,0.46370010826963426,0.04896249502445445,0.23202334307195033,0.6921756430405823,0.3398714809246192,0.32630980423513745
3430,0.2024153521636214,0.6495536464654763,0.25896587488619116,0.280024876340768,0.9047585211617033,0.11468375830338229,0.28302363771191713,0.007380427892547128,0.3186496189286631,0.028169782072692995
3431,0.7700446051256394,0.7991195647571085,0.4386768433935311,0.3268798568786243,0.7651787669039867,0.8826626831886166,0.6386112530556269,0.016757088887607866,0.4323781615092093,0.0018169929479034952
3432,0.44092875335482756,0.7101165679376882,0.44262310150120454,0.668149759094668,0.43653082312728525,0.2564876659690703,0.2602131907118485,0.06693589354800226,0.4957117946067325,0.738611593903863
3433,0.525464234824147,0.5041605632076909,0.8607355324354974,0.4717981296000969,0.47040272863336635,0.021040424783055574,0.2913230786529554,0.03102859238225121,0.10948163297836205,0.8330119033663097
3434,0.2638855629540784,0.14533225362938887,0.5418322523392097,0.4873954142103074,0.43245732888407146,0.003279262086258202,0.7086129644834607,0.7727884850548531,0.7048390630373984,0.8030310557877443
3435,0.6045272961860946,0.6775879307100882,0.6939991469995873,0.8069558671888066,0.5671496388563896,0.07265775869699466,0.4580687098384723,0.546683379220514,0.5477500823886696,0.5590147041560278
3436,0.38234983144001317,0.7369561411133434,0.47880906496834097,0.2785260525586245,0.3088786413936706,0.0946810615810677,0.4439551914395395,0.5046562944354636,0.6537818182989952,0.6318643833569966
3437,0.5241462682572215,0.2997531493334415,0.1513036640441822,0.6728631920731389,0.34415982736436457,0.026361603016650893,0.7513752948660586,0.08508054805860572,0.20378140873447786,0.9068106018944331
3438,0.45164495146953293,0.8745579833862257,0.6261700106072029,0.36770730518435546,0.07765031431045466,0.038422499557329265,0.3027714784508177,0.7745638892028619,0.37579189377961036,0.663610011230364
3439,0.868445847706288,0.3044999216966306,0.3780320943812915,0.4185434455932382,0.41976612085157866,0.07844679837783372,0.26568267894743,0.09233031022716011,0.36615830963387813,0.35115127839367877
3440,0.879246934626307,0.24359989014689531,0.43819312205554206,0.5561391406033267,0.702831166976436,0.029301029903411522,0.7995184871945782,0.22138568532352138,0.4636240140650892,0.9504053358662454
3441,0.5140227137194968,0.8670749462525146,0.30440646196456134,0.6959478801901143,0.4674573497749266,0.09470664319257639,0.5419569852149382,0.818879352333986,0.4957647635917137,0.9655862160145066
3442,0.5173178101387972,0.24678868478366828,0.5143520146237559,0.9456112456062735,0.4782774870697695,0.23546558413199314,0.6243208645606095,0.6924630530147555,0.6673441966271232,0.6278727441719352
3443,0.4347881120403026,0.4153281741923849,0.6994323480613892,0.26911578547385406,0.5506813527034695,0.3779123270891612,0.44150630212379877,0.09209906249479784,0.5209031698969198,0.566076700454343
3444,0.713921008179256,0.3677324830480319,0.6747328046063914,0.10377374272011741,0.3030178752088707,0.09569950906239887,0.479236798811631,0.0733673444356061,0.3612963403311659,0.9368572458453878
3445,0.4431884411966391,0.8980504044259007,0.7965987090379153,0.428970119669281,0.501768858988544,0.2577192034127063,0.36905097800243986,0.40619213196104753,0.9177608493022607,0.7780649936628123
3446,0.42575172440326153,0.4550748605497777,0.8230382012737264,0.5469484961915376,0.6690917271701632,0.27673317151039184,0.5576033664237956,0.6032201769280373,0.451688377823188,0.11866262466914396
3447,0.6898814685123179,0.6942287458939329,0.11923428246140746,0.2280893442468118,0.5561754622465495,0.07401343023696014,0.6523057907902616,0.24634937966017761,0.3298639483110593,0.9581723715003916
3448,0.4036841262289505,0.7939923774136433,0.2781759640118012,0.8908865712555645,0.6860814476460633,0.5496313775845687,0.5350671537617708,0.5849881059469265,0.14400153029993884,0.7243539484113168
3449,0.49812353509255575,0.6278009806682955,0.16356108530534932,0.799195611761671,0.7413952670541045,0.3151110063077895,0.6946580309725123,0.3590667579051046,0.5193169258696411,0.7390012344615209
3450,0.2068954421095348,0.9436984818185417,0.6186334493585856,0.49387198197726123,0.6250406765189211,0.08325100786625163,0.6211270931509856,0.5884477670231586,0.6333723269621836,0.4008981977990982
3451,0.638108979998865,0.8024638602975939,0.3715243153082466,0.4502519251328426,0.35889325885761525,0.4360745246596006,0.3054532766722406,0.725419704784392,0.28557041796649957,0.008384873436652451
3452,0.8714371035926277,0.40002717689079537,0.4095510681526696,0.0407407684131052,0.43031269149508344,0.4597713921729587,0.47219839858038976,0.8431484378607547,0.6208760760127481,0.27168830604572536
3453,0.6413230385993514,0.9508182289484838,0.46038661868624864,0.5371177054595959,0.8704802280446682,0.04201996479296911,0.4161705560065098,0.19540139163775677,0.5180310164323325,0.3310727144958092
3454,0.7810497017716856,0.5244373583862583,0.5721289225968329,0.596002170096016,0.5576465428864961,0.017110759760620767,0.6379249773606099,0.0846012800356566,0.1652378986163519,0.45585659899417064
3455,0.3456098436675164,0.022270417322384953,0.22377506485036155,0.8920231018394533,0.5318797384188124,0.2848205921081847,0.5840751381596516,0.11788316263925251,0.6210082059756077,0.7013190238699833
3456,0.5498350439353772,0.2597865117769107,0.26600844056261974,0.5013095574779604,0.3305383230005239,0.9999999999999999,0.5224096223124954,0.16491422862850474,0.4517869611360113,0.450576222214316
3457,0.3272976093228118,0.6216249031546106,0.5010228547531471,0.15743064172114682,0.47918674674396067,0.43878759020294655,0.6859271913512006,0.32399492309701067,0.28820367740329916,0.37209235241822963
3458,0.46227358350561193,0.15655330364388848,0.7243421321558811,0.18012056346235908,0.6354439291167868,0.5879697251755737,0.1546612934878145,0.02807869788693547,0.6839322064449191,0.24807803618729474
3459,0.6509427663129619,0.5839506497465928,0.4960446101551842,0.15992178413225597,0.4997493822765158,0.7467354095752449,0.3876196539342814,0.8325178920625665,0.680315746962648,0.7684897504254119
3460,0.5244577635392752,0.3614055406132599,0.3531399523621749,0.9389477918610298,0.39641596005536933,0.023615713874798494,0.40327442899500904,0.8490453682341743,0.2840846615537234,0.7874955027948215
3461,0.23871895889840455,0.5342513163950382,0.10014934312760446,0.7937353401141095,0.44128952839075836,0.15356042784887936,0.5453542751373432,0.7130548223747967,0.5578910861131576,0.363172810640028
3462,0.25713574268668726,0.001560954894139628,0.6784510591219628,0.8251266571481031,0.7274092088132713,0.13342484177064348,0.6009070237027421,0.356144051897334,0.5407587571466301,0.21751443381005425
3463,0.24465785241371435,0.8483931822279722,0.3635329977740488,0.8408012639864939,0.6260447667925929,0.26702938046412655,0.4986644138141357,0.7066441760885195,0.4892375652049516,0.2200000309512496
3464,0.5979709993230722,0.3617331166051447,0.2867890172479379,0.09565943099895366,0.6001757046864341,0.15635663998341445,0.2562770095814045,0.5744138450154228,0.40417705996481673,0.6627987814993332
3465,0.8946491530270759,0.13989121382118852,0.18088026462543808,0.7024809384554285,0.5821564000193004,0.01239522212223824,0.5739608697251326,0.6622112597035368,0.47394380624114835,0.7725672316157552
3466,0.7623067002475423,0.43774913358001716,0.23239494228037935,0.7046417893426532,0.268047689705629,0.06698422684486213,0.5225349381943782,0.08736637915415783,0.6804369826978607,0.7849758645967786
3467,0.14752471271877043,0.48602685893095665,0.3215187572287471,0.22490598297392864,0.549557529839823,0.03683027758538944,0.22790724885729047,0.8747241387266637,0.5798710866816839,0.8706626171602723
3468,0.7733663068030111,0.637303316498066,0.45623684515740937,0.4908724582224101,0.7034594751259607,0.5005063947752484,0.4443998876441089,0.34833661175981007,0.13588635517999686,0.7544595735245345
3469,0.6819208711709881,0.5244249612844313,0.2753559350532401,0.6627166646057173,0.4464085050945827,0.1394368296419638,0.5679185407223992,0.268828874725607,0.09492837674155502,0.48590456161178625
3470,0.213689733219389,0.04322374608146537,0.5354148762537742,0.8977303841164244,0.6859389558704038,0.15194251799366787,0.8039461455344239,0.3904989600026858,0.14932831912627592,0.267319218525527
3471,0.44804079458374474,0.8714919431411013,0.45481966330949375,0.11045711007483489,0.6023394760333378,0.21708929390942092,0.29795672579118865,0.24688703809555212,0.24410890471171715,0.3737464813586552
3472,0.7119429776563513,0.45634848376826337,0.9151732213536966,0.892584732888277,0.6569722285407541,0.3251965851328394,0.6446941220735893,0.9942563222031723,0.3586741969600152,0.2836881698047689
3473,0.6090991371804202,0.07669923115017699,0.1829097318310027,0.9228204616822173,0.5067303187048465,0.48675153959088435,0.30028107292084966,0.6460696622948283,0.41613693949921343,0.09943539852654032
3474,0.2582553413702823,0.7727745504205862,0.5308963441380637,0.9240158801121614,0.6683675485832042,0.14958209569949996,0.264460466120708,0.8964331845609746,0.4896858971486085,0.14384911273883488
3475,0.6204777813705011,0.6600627037846092,0.5332323075235251,0.004817870047158529,0.2135686092474975,0.6508920468558661,0.2753499824318176,0.9510845129169293,0.4957123752294215,0.012633465738002114
3476,0.10195715313491023,0.6493424407623122,0.3085865486841436,0.22108128745500208,0.5032891012334537,0.1062358086007601,0.6105393527259027,0.5810522507015433,0.49909834135951575,0.19669048951451745
3477,0.4632062664809638,0.42674356504018673,0.5185452844166897,0.6915442846273783,0.6347942604537662,0.14974256118863327,0.5228728368635913,0.800476357638435,0.7194068066490262,0.8352041146674622
3478,0.7199492172449954,0.41032108499355097,0.6443071911630252,0.3218686837961666,0.5541901954072287,0.12107726928024572,0.4408410876409142,0.9053171377300263,0.18360365120653838,0.537101873150423
3479,0.5087174116252484,0.5362051319399603,0.518776368515373,0.061092170100053106,0.7088011942425106,0.00958822675620548,0.5833821988716288,0.14953292855203643,0.5655857078762108,0.38940622262856306
3480,0.4111106074638075,0.05029696341156129,0.7589775525425356,0.7632741433230065,0.466490638522903,0.45050303468599756,0.5064378446722362,0.26876206196334884,0.5646629618330481,0.2373404801798098
3481,0.6730429966568701,0.2987441406157671,0.094651646718486,0.02858610990655408,0.3909850982162509,0.22574780230320676,0.5192980241253218,0.40130635656198477,0.2622573159797352,0.5898455311589028
3482,0.6891567643643359,0.9879130750255438,0.3437081713912956,0.4462074585352135,0.1798361913759709,0.0007726796337674218,0.44290083994679347,0.62268171527252,0.6035488694881805,0.9733964248616769
3483,0.7524167077982736,0.662101462005063,0.7758727917052187,0.9479931717606458,0.44407868281574636,0.9376223284662852,0.3093087400752326,0.7682335012878541,0.5729217867204428,0.3479297724204934
3484,0.6702121721495947,0.4187610354226302,0.6708701466931832,0.4404162915418335,0.5968554732636363,0.16509365698587428,0.810975819815446,0.34465837233706015,0.4939238745909052,0.8475056124021434
3485,0.7092736968806466,0.2221236276364942,0.6015842511131316,0.9122879328207318,0.6440775365379674,0.13116059801057495,0.757305172942474,0.8426748489968404,0.042829575302198775,0.9391768098651654
3486,0.643527346146062,0.7451463540595558,0.7307705416531098,0.4091733313148854,0.22623732086757553,0.08397976748608667,0.7923125059722076,0.6542215119644292,0.6852398747560773,0.7869224087641499
3487,0.5553451346140452,0.2600636353314782,0.1433512315670943,0.34682649891971373,0.7242176235437838,0.338997527541949,0.3993944869828819,0.3716942236383281,0.5452067326781227,0.5914143798424234
3488,0.5221348881386129,0.16211038011905082,0.6491591196826761,0.10741300067112161,0.3083983634910203,0.347721426925122,0.3730804019460103,0.6805917983785715,0.57881239982181,0.30199281246311616
3489,0.4604822843881076,0.15425252527289654,0.6992816223502774,0.35823655040136093,0.47344447732231726,0.17583455886559507,0.422434755468511,0.85202675866308,0.0,0.033325107646986096
3490,0.27650511933470395,0.7291948893121891,0.37793634064313353,0.33712241346601046,0.3868532795684281,0.2832811561217877,0.6970936518849411,0.3355994821150339,0.4011638241537851,0.7365769467592885
3491,0.32500492713562645,0.6427126854074799,0.9911226483925969,0.8469217481488879,0.5775852799539478,0.14460574094200676,0.49887027737499673,0.38666408559862747,0.2297699309542019,0.9559698119885474
3492,0.45203824583752933,0.06951513407960472,0.5373993637535904,0.9203195182275572,0.5150744243463966,0.05459193718283521,0.3986791602507557,0.691719320065089,0.7478640991620342,0.6891821189221715
3493,0.5508025386370328,0.11476711805496267,0.0918390252623689,0.02192093550142077,0.6280153529627699,0.23709396681443798,0.5660433471485926,0.4295328552743105,0.2922100801757041,0.03616267514882632
3494,0.7770900918658515,0.6337462732118012,0.5718867224106738,0.09828240619880449,0.5010879514399724,0.44177461492799014,0.36302046500387203,0.17721047886958025,0.7831706489412456,0.13939334760602273
3495,0.4973608802383667,0.5709943352750686,0.3665302863804525,0.6435054054603382,0.5738332938060028,0.22208731480226782,0.24881697651752016,0.8541596248106844,0.6831624353065193,0.3929198564435356
3496,0.6945763122637194,0.6859160682785341,0.7180477773170267,0.4849468487702592,0.3853323120785124,0.10195671095452347,0.522751396210555,0.20110289451523694,0.5441927837660803,0.9892942878527617
3497,0.7088851921635868,0.17778447306285108,0.6029703475523562,0.29699609006886674,0.586061092614822,0.1439717625458762,0.4036829048628557,0.2459311146238265,0.7178412244824539,0.08483952855168264
3498,0.46157902871996065,0.7265186133911984,0.3892711964419078,0.2600074904751042,0.8731205849872614,0.24869690900261698,0.4963778556911201,0.867818198527776,0.32272140175055136,0.3178431399036149
3499,0.6174492045453668,0.9360978863891585,0.7809820050369535,0.22475879681834074,0.6238318538868088,0.9999999999999999,0.0035111104874890886,0.6418080818450942,0.35675652588835255,0.5518566421339641
3500,0.45929961790620605,0.6009386511273542,0.6759847873650158,0.5256735746998217,0.6798006505951476,0.012693775388450262,0.3343046264112857,0.4313199782163871,0.6773704507926086,0.11190357346862867
3501,0.7546989406349405,0.1958816903294786,0.34637756424848076,0.01746873707962812,0.18863684668636926,0.11593321550566979,0.4905920153377053,0.38148801821336487,0.32359606642458943,0.11755147049716791
3502,0.6252137097723051,0.6794586844745273,0.4724253574367866,0.7392053614166165,0.5717106484801581,0.10282232643810607,0.21911018046616387,0.1827826195246337,0.25026351464446,0.0686391681387592
3503,0.28063415217840715,0.3428829523448419,0.5971838988757266,0.3005070788697798,0.44503590557576306,0.22271511281468473,0.2253840481149622,0.06738554263524667,0.4411014027618469,0.5027533948812174
3504,0.5357223346240351,0.048989855881109844,0.4328475698012575,0.4270087454959961,0.3653231959701886,0.15947101536108216,0.5060592160063244,0.9094524517836989,0.33455271701367945,0.2864768352876767
3505,0.8162020298456049,0.3021262128589031,0.43841705236965556,0.5272756406458574,0.49256104131043743,0.21591242269318056,0.6283575112078346,0.04418434135649897,0.8565252253440003,0.039442411763090934
3506,0.47105341340959,0.9055762230231329,0.5076301791969187,0.21143767888919493,0.517890581431752,0.2776542767224,0.3343714795546198,0.06114420988154305,0.6494429299969413,0.5017964718233388
3507,0.589718880039728,0.4109635593188781,0.3020142186036088,0.8840903166905731,0.37610346433102537,0.39497438568037174,0.450539638675221,0.7520271937755378,0.39271585693940997,0.7304382761163649
3508,0.6082397909653894,0.8646426481475967,0.08437988629743184,0.6823880895771338,0.5333318290993967,0.570041095754454,0.4548026501347176,0.8937639509298837,0.3119021922453307,0.6688245357648184
3509,0.30966362106814077,0.5085164969513841,0.5453787516546458,0.8706778381489982,0.46332070144485993,0.9999999999999999,0.21063663132103855,0.7096099472385405,0.5664801356885298,0.6842912248172861
3510,0.6016039756970838,0.5168379500400271,0.1298597433391747,0.4756502871361522,0.6327485773759615,0.1606262595349714,0.717349456259369,0.24166196774705734,0.7277495804294403,0.5506078376440594
3511,0.24226712865671612,0.004903555876766772,0.3155836266738503,0.4326403442327442,0.5408969744688411,0.014861995292448915,0.46514747802545015,0.27025469810494834,0.5574076960208796,0.7812280494646846
3512,0.3872082091807127,0.6370045784968787,0.17038854888525282,0.2372325169262329,0.5695916074647155,0.20468378784910915,0.4671250739290958,0.9614430422438695,0.3214653809493169,0.06232291498074044
3513,0.7082073469026914,0.10753570785097182,0.19335324516179073,0.5450719949084166,0.6863180549909986,0.3197494225861309,0.5677264346877393,0.69997340887233,0.22919742066460952,0.19066442231973402
3514,0.5725573746139375,0.47859547278023856,0.5802945428641815,0.5934174583582874,0.6042213562381036,0.024433082935700158,0.21106456175574334,0.8277806178591463,0.4303117657201831,0.7032899220652992
3515,0.44780001113137363,0.26009019024299235,0.4593215912658345,0.42009749034849475,0.4957009318089176,0.024209432699234354,0.6686466159571689,0.4460893929043753,0.5621469312761485,0.3357043122125588
3516,0.5894822817784539,0.3922008744568603,0.4525905327384169,0.1454302560938083,0.09320984587726622,0.6135466018733401,0.6927582753777999,0.7764651020180595,0.4127587002932435,0.23880112238738843
3517,0.4939090944763251,0.5369441005468546,0.2553710364924372,0.2732109700486741,0.596246767067537,0.06566233719470138,0.5248358044812094,0.9808495829147083,0.6935853388206554,0.026986145108031212
3518,0.507620140552616,0.01415447066533836,0.378468054430365,0.014238823519412303,0.32048708126881964,0.2061694897374069,0.5841897182172957,0.35638204710550786,0.6022927781237852,0.8684754359749616
3519,0.6291711723680701,0.284365108195054,0.5709884024925168,0.319266472939963,0.4801970808249101,0.038157078602543734,0.4387394344873801,0.32016070787125334,0.5472323988203189,0.8379698273123475
3520,0.36801187977412514,0.9896314155217892,0.4910670644923121,0.5810071497327977,0.5686483843549646,0.25790020166142363,0.6581956887668632,0.04240037565145886,0.5985455267458761,0.06041400490231563
3521,0.5128573218014045,0.05710397301279113,0.6542063282687094,0.9561319247604458,0.7547218410438798,0.16482856988468259,0.3470616929919544,0.7369380664300411,0.23823179150511414,0.30434911331670644
3522,0.4463301714361167,0.31918676187981454,0.6807666699168257,0.17795946396720339,0.8532330916529225,0.8783917780888102,0.4929277675992661,0.24025446083214902,0.4074876499146442,0.21450587574307461
3523,0.2060855434701645,0.3212154331592147,0.45374318780918066,0.055470821846618085,0.31868917876358477,0.2788290854801129,0.5039362163331977,0.25350460131836966,0.3045157357316794,0.20673679063031786
3524,0.3315812845946399,0.3791994428873544,0.15534451037907313,0.2964284816474665,0.24235419537628528,0.4237608194525517,0.4917678851940596,0.6318527057073462,0.5751665024862016,0.25803553374459587
3525,0.8011259375358193,0.6846975152102036,0.35967006487940223,0.15685065026647624,0.5598803666270621,0.6786698508964483,0.6961746075968729,0.7387451668164806,0.30741035779020603,0.29699591368314604
3526,0.5778340114714432,0.2475128896963835,0.48256248270285107,0.6958200134303033,0.5437699313365874,0.0495260129663048,0.9026604826851496,0.4071719688332307,0.517707336202331,0.7065111695288881
3527,0.2555208490920901,0.46011016530579557,0.35596958781837384,0.005732563462720719,0.264402377117183,0.1680475228774013,0.4786392273586166,0.9445956467110451,0.49909834135951575,0.969855664712731
3528,0.21462283124935194,0.6447666909911065,0.304098191546999,0.9812995027510194,0.4936663470479608,0.9305589536274391,0.5856933583817159,0.1612436218412383,0.6161269133297818,0.04537924101725033
3529,0.4840845526398457,0.32211632048184075,0.5137896218464898,0.8560414348341625,0.612458468596571,0.38571705698191233,0.3508464968871798,0.5271257061690535,0.27479857569278404,0.32285137137837144
3530,0.7998014656868376,0.9487782779161552,0.9540223013660286,0.4908772822788571,0.2589330607780496,0.2762256317657543,0.6893098366893808,0.61716534720886,0.5879661494104418,0.667402682987797
3531,0.47001059595979905,0.97968876152884,0.40973612224799383,0.9213470367410974,0.3044979877266557,0.264357972623696,0.4034224734311009,0.6172170678538614,0.2989627089703882,0.3058845119464776
3532,0.7518431139906786,0.11939943331985804,0.5002578382065724,0.6283292861118132,0.37227978971568093,0.6032067771483199,1.0,0.6567135041419145,0.3189403235539719,0.1910762826153068
3533,0.5716469268757769,0.3436214023520488,0.2560920115787714,0.9942032261967391,0.45582092080200837,0.09054461215367966,0.19063057573403736,0.6337300347522522,0.47505067087525693,0.1677742318940303
3534,0.5941593919904345,0.2077277373402673,0.732670121745327,0.2784151044019597,0.6311107582613364,0.3111027836043012,0.8951397466125008,0.7916545799878609,0.7290386870920862,0.5979233109600559
3535,0.2532318227462384,0.1865381137282929,0.6639169718279149,0.9973459385805512,0.43372758810631334,0.5042734223678113,0.6818002412157609,0.8140490130187589,0.34225423984979325,0.15100319765846892
3536,0.6821326580883008,0.4908310247022168,0.6510471050027636,0.18031104203018225,0.5075775953415483,0.1346071673726504,0.2918362143543795,0.9775266767192005,0.16439484366558094,0.09649178645265538
3537,0.44205410450939536,0.5041605632076909,0.7543772483320507,0.35356185745290936,0.9313496241848885,0.6058497401999121,0.9268767754487488,0.9397490748716303,0.32255856817213596,0.749682786236075
3538,0.6680895998202967,0.42548117797380536,0.421083774161639,0.9357355196747068,0.31190143356623,0.9999999999999999,0.32760085543670786,0.5196982796913308,0.4289682412662274,0.34372234441389105
3539,0.3516345955351739,0.2723323381734953,0.44438148165027835,0.3706936601001932,0.37057115823225373,0.22652953391800842,0.44090722617147277,0.7058423819282725,0.8572206162000575,0.8945366867196103
3540,0.538651433512296,0.27840108692090676,0.8196661855270378,0.2099137518332718,0.6280386259103433,0.059953286725625846,0.2596660380769687,0.40212107393123964,0.575915710482916,0.49636478384265753
3541,0.5716605459187719,0.9921484868285668,0.6187822156245573,0.05949524906328585,0.6879922101149503,0.2862400387770268,0.4718832677994467,0.6505056537518176,0.35903897588390415,0.13173148473617874
3542,0.47618490253993734,0.9236746014421289,0.08690569461079897,0.14900755197885593,0.5771115748611333,0.12392224334660651,0.489182323242126,0.0068734431174364286,0.475302531032001,0.1927131745585443
3543,0.5815738750210111,0.07560993207786092,0.5856032936771496,0.3553677613150029,0.8467812836193598,0.3018511818007131,0.6520581283522462,0.3672618721385742,0.8005921466532613,0.8814675476073699
3544,0.45498483690926267,0.6564577206791555,0.3922969055273037,0.4214067683797845,0.5582824195096447,0.4548501233214949,0.9488091084388985,0.9145690789667597,0.456474541569517,0.1255098676213584
3545,0.38278652328323476,0.45671728389902516,0.6682863398122871,0.5426816679564131,0.114645689071392,0.9999999999999999,0.40425721876055504,0.6748776500569986,0.458754428492499,0.3154871270997786
3546,0.8081591081392115,0.6887320552176974,0.5769069027593086,0.8139433781724627,0.5156394192687893,0.0340340238941285,0.0,0.01671534830355735,0.42511624779416807,0.3033791519128989
3547,0.7031565377455293,0.5968476618358445,0.1761773012129831,0.013401778564604783,0.38643407601146385,0.5980873454707802,0.618562804159281,0.5224593676141064,0.6343789455629516,0.9877306567437203
3548,0.3616918821145455,0.8892380086545297,0.5509168002234126,0.8414841907284508,0.7645445994887679,0.2947489745321412,0.3973656001682612,0.36555640506788295,0.40232625107717895,0.9744353981443767
3549,0.6124972971703477,0.06669639795781222,0.5400622923081763,0.5774959000543514,0.6834623148324235,0.6622149010176944,0.8344361095253006,0.8087388231527508,0.6678571855486193,0.6920542520374882
3550,0.36512307802375793,0.3494013801689882,0.568565324331277,0.7568071445766014,0.18938844147623035,0.33372902102614527,0.49252436750101386,0.1143450748205705,0.7040451919571016,0.2354666135046271
3551,0.28172829085679435,0.985512217191179,0.6081147987866963,0.7573085377693655,0.7580660109648135,0.3760968056971823,0.3588427245950904,0.6038898989069716,0.6186912144723753,0.17923068244446616
3552,0.700299374483727,0.18203234691955897,0.7797724013963893,0.9035993277336383,0.6785770612590427,0.15054641304078373,0.31199866956493955,0.7119690824715944,0.4595463375912983,0.06003705139132476
3553,0.18372843891869395,0.5041605632076909,0.5779696525186804,0.09340395914660046,0.43411802943764094,0.47730758102780946,0.6138371336924027,0.5952760116306167,0.23646112668965497,0.061243408220237494
3554,0.680120076130032,0.7289035178395227,0.5050515831594897,0.5717592050334345,0.48170502551343397,0.4836524541748217,0.44812065709366505,0.27404212832421626,0.4595905622377559,0.9408132853657608
3555,0.4575649024800961,0.7773830288059066,0.7148721800669962,0.9094288599043368,0.7661626742433636,0.14751895777567245,0.7697184801334882,0.7931433606991837,0.49909834135951575,0.6034951097636372
3556,0.46533366844501417,0.6721859230409996,0.9190427160506255,0.7195182378488545,0.115533861678067,0.3994833133246177,0.4600489739198175,0.7935476332810529,0.35414355186028484,0.19825712219075659
3557,0.5825561143624236,0.7761432792578301,0.6714379182326687,0.09661013747490535,0.5830298911863345,0.3528232195078601,0.7599231600655265,0.3605943763257309,0.45666603428681946,0.7813134147148063
3558,0.6149037347627546,0.6936411864487874,0.5392376826468415,0.6142277740142157,0.7083729424647888,0.3564714026088676,0.2442514211223385,0.2662732909667514,0.5931856928053525,0.07636011601920228
3559,0.34933783603923424,0.1355019809086231,0.5814462241361785,0.8002299811588451,0.4797183087479126,0.21569833190252607,0.1781057785059032,0.6637618445743775,0.38382003328990283,0.5223630166631272
3560,0.6406627258040197,0.6081126545736331,0.5485321889815666,0.27496910325193635,0.6222011757265371,0.02774333116727065,0.6519025699664189,0.36748876888338394,0.24095534754769504,0.1957325194047197
3561,0.5266369285065985,0.7768243628545158,0.5042347233739712,0.6327652301456763,0.5168307079803323,0.09211797040870497,0.41321262117252994,0.345003658313687,0.3199991513138058,0.4485956824648659
3562,0.2682626337280191,0.8654942037551755,0.9045762613680403,0.8407799567633849,0.3452233268928189,0.9999999999999999,0.4502768527819441,0.4502829992641366,0.8232713200000985,0.22902248527131158
3563,0.4731960938325465,0.2460038245397101,0.36108585193047105,0.5240889320068995,0.3403894374604207,0.21962763129872842,0.3121416028200455,0.45782009441930605,0.6063901406811272,0.13644811320086503
3564,0.765857681428458,0.12715924472525061,0.7161661386440754,0.19425736964886534,0.6345842771443782,0.9625051603775859,0.29861534746567525,0.8295996475546045,0.32019149297143495,0.9268555143886157
3565,0.8215759490604052,0.7810395460771214,0.4773093336729489,0.5499159852983319,0.37391487011124475,0.22522884206155938,0.6161952958486712,0.9528784884755229,0.7470248367239838,0.9199276034955878
3566,0.6405915673713676,0.25632040769884473,0.22468924420692024,0.5882554423411682,0.20198245274454624,0.30749566986331883,0.49542812459522395,0.71336272581473,0.4565536897067293,0.4932628504556061
3567,0.28066061675618637,0.03162572917335757,0.46566066018397523,0.4030190250570046,0.5205530503203509,0.1613015869128712,0.30328359857432957,0.08771730718905775,0.9349182656775687,0.7861875599505411
3568,0.5978114404904179,0.8251775582750162,0.3988097522126416,0.6799103185149136,0.3976339349013074,0.2612037114893629,0.6447722527828592,0.33743429957822774,0.551925402804506,0.20170550619801936
3569,0.6657818302984002,0.505847386683713,0.6084968290700713,0.4335131826617519,0.26493773566715206,0.7626962767600063,0.715693883237523,0.18916416312879847,0.49909834135951575,0.396929241103512
3570,0.6421687884956528,0.32642884962567104,0.5178082206417438,0.8777898570905216,0.5107557210503471,0.36874477631348873,0.47882465119627476,0.6631313981258017,0.6612082663570926,0.22549588594734116
3571,0.6533469973564582,0.011118436939484284,0.3101774581336011,0.7919707380953998,0.6452899817763207,0.39648393765123535,0.6840103019319437,0.5979636876988951,0.784445639384052,0.08370827195731606
3572,0.5737850333737877,0.035024842418597296,0.7751178319941291,0.8051231899407921,0.500775388363934,0.48695898862005443,0.3140585348168164,0.9825333273897509,0.41873898896163037,0.42384163680104914
3573,0.4915846195514007,0.7925762655350567,0.7040864692250948,0.5262996988930316,0.29063787461544044,0.05536827366806677,0.605408929374539,0.44741899884505965,0.7680267238908747,0.7448934031652346
3574,0.3904640745915126,0.48955664135284543,0.7965737231422539,0.19641898429244634,0.5900717148691558,0.009016379395634362,0.5287509207221521,0.10495297864547505,0.3836334084190883,0.7447950207714428
3575,0.14715673910481375,0.14945805668507695,0.5449740189162853,0.7247361444971839,0.6971051809848856,0.30424797455579267,0.352851491696952,0.5982165163293582,0.4334737963248057,0.44335583311786525
3576,0.5693283172388656,0.3583121018308962,0.4941170526228823,0.0689338393470201,0.9249387387125863,0.6971747614026749,0.8777240855429518,0.36661275132394644,0.5038357444227626,0.4462891257558192
3577,0.5403501548034999,0.1650464144259822,0.6319921529223035,0.5177940149719135,0.7757696190515042,0.10429503517207196,0.5418559980549598,0.17752667542348988,0.677003511381387,0.602880666906818
3578,0.6104467060646306,0.11260512641884127,0.39308448448291466,0.052984228328508215,0.30241419727206986,0.9999999999999999,0.3898910225557792,0.37066009051760224,0.43940754504050167,0.9331153047710201
3579,0.2528878362092523,0.2760865524192604,0.5250366710847172,0.5286427593868218,0.6628543283655308,0.12253513329997329,0.5025266321335451,0.2377665535601972,0.8157435216369393,0.1500092221170199
3580,0.6269444781863294,0.5041605632076909,0.4680179373355283,0.6862187666238124,0.546496512856753,0.02723078119868085,0.3384347928897335,0.1967680867426465,0.7541388266728017,0.404878387465892
3581,0.8928851610957695,0.2097629620292545,0.22830443676656662,0.41937202582580935,0.274030546286699,0.07136872329133881,0.28544527831726235,0.483386847860624,0.5096635121985609,0.9056807352545269
3582,0.5200483724222593,0.34347254901300434,0.5245510268665872,0.4170758891477835,0.5010879514399724,0.8632825123291235,0.41598143872258636,0.8099749605564072,0.3186111230438505,0.5486814356381309
3583,0.4936122975515675,0.47777766612731193,0.4185426695017791,0.12283114465541742,0.8680020092380019,0.07841203396726852,0.42847437092241863,0.8856793313477215,0.6923325725521554,0.7928920817319536
3584,0.5635474718471811,0.4198569789589614,0.45554617163254807,0.3019693492976525,0.7281904403709871,0.01060833779811247,0.35052426659557073,0.2599133787060142,0.10401517852069281,0.4626001747983816
3585,0.8886950864184153,0.12835668692407323,0.5686254615967019,0.44445904646913137,0.3008490976221977,0.07434745528347574,0.7297538303363575,0.44813102047074926,0.6429713679739917,0.9210526162764843
3586,0.3121116858997681,0.03856422743230332,0.7381031304623679,0.8639405338178757,0.4995311009586348,0.087665159478319,0.3576091005661251,0.8428776360575507,0.3456324284100441,0.8902638533320738
3587,0.5435866772626641,0.035156168969065066,0.34248910881641437,0.8983741458387289,0.5919810088452571,0.3338721012822178,0.3268962638921202,0.9887607029629858,0.7408048203677617,0.4459185447798717
3588,0.35437273122636515,0.3499826822700292,0.43801444325493344,0.9539999476735839,0.1622674724684121,0.16575039403248407,0.2801235498062426,0.8499229093451004,0.2388652893358752,0.004948751697047449
3589,0.4020416052343772,0.7187301578924942,0.35809645160123227,0.10029061707165615,0.16893410172767054,0.8816439269788909,0.26236169745496846,0.4937894538089447,0.37633784785397445,0.5661370821436327
3590,0.4958905324177227,0.1309850733476002,0.3459559719493541,0.2963279587785349,0.5267870438364753,0.7207689098627015,0.6884850961285234,0.8701402443910387,0.5853791878831696,0.2038717888545058
3591,0.7594511261027489,0.7869312067007039,0.38989654065750645,0.4631068274097454,0.5293107278459628,0.1913622429441845,0.5465412140766355,0.7065225438966787,0.616434690152982,0.24050977994203177
3592,0.8450461427281907,0.7156013330059119,0.4641439762355215,0.642020079128321,0.14120028881311525,0.5655708495538563,0.6262809204742741,0.11301518430757308,0.49909834135951575,0.4297064588893167
3593,0.5897994652409889,0.0036302961006201557,0.6100436878864066,0.7031028581162058,0.5719224370552871,0.6523072025150854,0.686815869749207,0.08362169011337321,0.4390441586701164,0.44995771609276075
3594,0.4341934590208351,0.02644237497461858,0.560542888846806,0.7863589763493399,0.7071259307694011,0.21934959503791318,0.4374071938293123,0.9363125480615081,0.6831219419434453,0.8606561241789707
3595,0.9755607216154503,0.19478451603898958,0.3036817861360026,0.4960828961840279,0.4546523460989729,0.01829225814264498,0.7705547921523872,0.9244828703857718,0.6934110890906262,0.03122876170726291
3596,0.42457870214627075,0.055825326828583176,0.742136509324173,0.5568213080318154,0.5084470427349412,0.1915040089749932,0.383235606051816,0.45809534583906575,0.4353136661782489,0.2950378589517818
3597,0.39748868806110565,0.5312079147657147,0.6769099928404018,0.9609937536659181,0.6074043659444053,0.012056235227765257,0.29672875604159704,0.6616901890450293,0.3867985930672074,0.6322994176780099
3598,0.1703621618438102,0.03932611041355939,0.3327138299816813,0.2401195569872713,0.581798006052362,0.9999999999999999,0.5678432793995674,0.30441927692631243,0.24205585742782304,0.621961331931915
3599,0.7686524180424994,0.8026022157179952,0.729072588435323,0.8041106009246034,0.17412090169274458,0.19274830427340223,0.5255768467462276,0.7012904573009575,0.5503266164626928,0.31772640530699936
3600,0.6879292124359381,0.4928139243385511,0.5617537400264515,0.7121265560945984,0.3218027941371158,0.31667695173776395,0.5252838156819803,0.445905921430067,0.6565234947565683,0.17789449359541848
3601,0.961422786532548,0.7278855350448173,0.47160286973877474,0.14013509537432914,0.42030901143597127,0.6117101563898887,0.6862468761732696,0.3481390802583429,0.49909834135951575,0.27697289703044403
3602,0.24308065109688315,0.7506413971184405,0.5675615218123716,0.9268990650123379,0.3303704842370734,0.460704423653072,0.5185031435753555,0.44032222901640095,0.3264109998855876,0.8923339279643162
3603,0.7803651263131527,0.5066204533751895,0.49597497406676716,0.8557307727138352,0.7806293735659185,0.0021609637441790336,0.5566682071176421,0.45528193962655594,0.8415424032596852,0.2628182831699142
3604,0.5184796252479605,0.9253606725844437,0.6024359665826907,0.7798443422209939,0.6196026994198243,0.27615766308051143,0.7497716375005901,0.942812338491764,0.10253819786642376,0.491723762779795
3605,0.6573366740041576,0.9902604673268247,0.535714665472535,0.1268127106785691,0.2822267815212985,0.1582473930323361,0.5481121319576814,0.8849946230509617,0.6689856316666647,0.9423163315419542
3606,0.19435500021829089,0.35902139991304804,0.437852595321906,0.13971559666184194,0.4554194610245103,0.9999999999999999,0.5901035050739529,0.19398769714877317,0.5433116839745238,0.11836407216624889
3607,0.7822350724149973,0.12559209528093543,0.12297305048510279,0.6834938015091309,0.7155263628974088,0.4662169175817064,0.23731735258919945,0.27807767959596225,0.5911801368757861,0.8707325286303533
3608,0.6536417926801837,0.3630462505278529,0.5990984175279676,0.10730016131609038,0.3718775664357131,0.013881687375181547,1.0,0.2989985093241761,0.35265978476692933,0.7433644740948503
3609,0.4979056171155864,0.22311475611629364,0.43109599886812267,0.11334853584671886,0.6615972677182332,0.2407189274803589,0.20537279504314337,0.011002243213410617,0.47318505111473,0.4853930033280365
3610,0.626962590532,0.530870362667342,0.6458648489741027,0.4004445348498372,0.764422342245846,0.14197218082477964,0.3993918179480728,0.5302080451757669,0.5578714316608873,0.9489469295968027
3611,0.360818218824981,0.37820078626102016,0.590611466525753,0.0053611167507164326,0.7321125153605168,0.28963000076682466,0.3938124916409714,0.4824375568081728,0.4858370172100697,0.07435454631012073
3612,0.3959219108628225,0.48029704649463006,0.43594322227074245,0.7217963751553408,0.5317728805132065,0.035145040432221775,0.8878644184145128,0.12410987711310935,0.1613635209561834,0.8545886786947825
3613,0.41780718462555405,0.7631306361181776,0.6915640608451924,0.5404364933536054,0.7388600348379362,0.15932761860067735,0.3880866317044877,0.990321938090201,0.8274803959626782,0.19763366829510215
3614,0.1556862267546233,0.2737989344464346,0.5389832157377573,0.07819089760838166,0.39586280058728096,0.17524755886087443,0.5804387281351555,0.76121697642115,0.6256649047994043,0.35416185611494283
3615,0.6678379170060451,0.5373416036370143,0.5312998122118224,0.5438138030716618,0.9777147936712434,0.6365824840637822,0.3950674630558904,0.1826329017800002,0.5087128918292738,0.12229926742438851
3616,0.7300690694429911,0.3349598448771357,0.4750240625656672,0.05409353028794403,0.5434646621499145,0.10888124324601964,0.306993087489777,0.7052257802538944,0.5209661073435243,0.4952609309801003
3617,0.37292184221858427,0.784911272932849,0.8147570917109771,0.07070941098514971,0.7186989600741618,0.12820062614219083,0.6041443529846846,0.340284794278962,0.8220159999555159,0.1690378145306889
3618,0.5709435982495953,0.6394379586361795,0.36775990893149857,0.4856704838893696,0.4268554719857555,0.42282288670512286,0.36624624849710735,0.6326936509027167,0.36103801480825953,0.2550601246677061
3619,0.4551464547510315,0.008193075203759304,0.4406036900419359,0.5000341552342745,0.5934781550001238,0.8896902346776999,0.5372089926586012,0.47022869872905004,0.31819698101856114,0.059566779451177054
3620,0.5671835135472757,0.6599595913166922,0.2700233801470885,0.3391316210893408,0.6019984179361946,0.18182592902924885,0.6145393580869278,0.1383745226843321,0.6636378302392483,0.30505726473851424
3621,0.386839704365107,0.1699049142091099,0.6363133702049173,0.6220385163953813,0.3172161559839537,0.385087042961032,0.8507289850694837,0.45981756637771143,0.5900424311243238,0.1638049102458622
3622,0.33856797819972795,0.7244037838352144,0.3922128060946628,0.3875175208014259,0.31148883655405385,0.10113055078574618,0.26601657138933615,0.9617525158829855,0.3102838916497283,0.6853317800292664
3623,0.7037455801783907,0.5672156253145503,0.4131214825563414,0.5872116077670061,0.45732146927031136,0.14261222052624717,0.4707091504783601,0.7480534857442355,0.7089679311574508,0.6381588096486306
3624,0.49319622227276544,0.4013036576227183,0.4043746362942081,0.34992675413164465,0.7106791568748643,0.6172644039507431,0.47833803561503047,0.6264241243021464,0.5581768009296459,0.6654447122959708
3625,0.8867653197417715,0.6939861599566682,0.5124784881105411,0.7152769363807936,0.14262996499569786,0.2334538448809122,0.49907696380999506,0.8435134311229967,0.3315477135616432,0.6759972085364716
3626,0.5139843742379212,0.8565678715619113,0.26751977930925175,0.5795336123622247,0.42669292340389026,0.09287579659041312,0.972885921450652,0.8286978211440745,0.5952922496976443,0.10310617209265427
3627,0.330520508474234,0.778692024304585,0.08242542442376502,0.1600979935526771,0.7502427641048006,0.15938435123181377,0.4669234058376169,0.8882202693350058,0.5668655606324631,0.21378181670007995
3628,0.7367381617629875,0.5452488234590473,0.5861409724222997,0.6865656123107928,0.25855052543687695,0.40634573935439844,0.033821258815527444,0.10835644706674923,0.48541430413425385,0.737462162446822
3629,0.6242621963693595,0.7226237132972825,0.1066116023051343,0.7842776523198655,0.7394162667428903,0.00031343155410336196,0.4622924145454446,0.12896095821410114,0.5751519816896358,0.48215645802945156
3630,0.6423885705745295,0.41373973021356875,0.6600741786648525,0.06588515254413777,0.27873202256251645,0.16324831814814048,0.47706344592798894,0.7988511384219251,0.6211040945466699,0.6300794008217381
3631,0.7298817288440587,0.7889779024529705,0.7914399088718108,0.6102222148483031,0.3195937743136339,0.9576620819248685,0.4544301247760481,0.9954299835344599,0.6758182898773795,0.05654507646553847
3632,0.38208153698460373,0.8290171817345149,0.4701540773685483,0.7907743759622081,0.46840112776607856,0.4659791587846371,0.3663056907047724,0.562342536616884,0.49909834135951575,0.3862755438158127
3633,0.4812375807833487,0.13702564958047622,0.7431310207776741,0.11468644350389792,0.8592556914355872,0.5626687661670501,0.25510686302100366,0.9643331222626553,0.45072970322465494,0.43797234672682095
3634,0.47289886740070525,0.23779717253191002,0.4962573987598874,0.9020483543149644,0.37308304222995975,0.008480359330126138,0.8973623806073545,0.6626805447652453,0.54755755156128,0.6923363757971046
3635,0.2617172203340039,0.26976533632085375,0.7990327864471743,0.41497053984440135,0.16167574265910106,0.25795483203603736,0.5576353681201807,0.08479992592848536,0.7283831457906469,0.9120614453620559
3636,0.4555144293301591,0.16582324797358886,0.4156984303113982,0.7381603250610476,0.22570530606614425,0.709314229979913,0.4634346653162669,0.9262946910024396,0.6218149388852232,0.5745118591435727
3637,0.7573863239252226,0.39235296684081883,0.05974072686196305,0.8994445830051507,0.6771419132331409,0.3911482884146416,0.891482823591653,0.8391961508851974,0.44006955025335576,0.7611023854138986
3638,0.5500263252544975,0.1927838369229642,0.4858779176362863,0.9900735996882208,0.23483424849608314,0.035251353865021255,0.338626078989584,0.5356293955310303,0.5127138152457666,0.643478808632537
3639,0.25128078413351534,0.5954257874825937,0.8193089830542822,0.5841746950248693,0.7266624363371892,0.7612249446532732,0.6100585957343687,0.743826775012869,0.8185815054983845,0.9099053944007865
3640,0.21170121506593736,0.1013352136762297,0.6005504296164135,0.7045789764136902,0.5103772591481823,0.30106507111292885,0.2684362118663947,0.3512123675100224,0.6444908285516993,0.8107788768211406
3641,0.8193460659014403,0.26969572851283113,0.40467552920145566,0.2517963256298513,0.49063568679598635,0.03864318023508395,0.6374312803038935,0.6156149675472963,0.5309820472180928,0.2472611963350011
3642,0.4882061048585687,0.6654307421198792,0.562119785794002,0.2901606811621549,0.5543845354911461,0.9999999999999999,0.2895752775535853,0.41293899797522937,0.7187890207970695,0.22225637985803698
3643,0.38309774918286893,0.3983651115697278,0.6818917663468735,0.8511419314435273,0.34195807015018237,0.9999999999999999,0.5857128102820552,0.526908789513853,0.39896516171996027,0.9118943079308255
3644,0.45355192008481576,0.42129046528639513,0.48481401633771626,0.3984080342343427,0.5235459932598348,0.06002508823604793,0.859305365554343,0.6364015473791925,0.5646261852209851,0.5974274278867808
3645,0.2265180591298227,0.7978800374216828,0.9905916889411713,0.822793411363312,0.2661050934525067,0.28080123389679584,0.5161484901581399,0.05332942967157077,0.8584698853084998,0.44958588402400906
3646,0.7737472785292699,0.9845293130754923,0.40428487134948643,0.05060086442545203,0.7577899644966637,0.1736551288307577,0.09434340218486542,0.09551152054328892,0.6263016792721205,0.7001255507138857
3647,0.43108822977979405,0.5649439752703376,0.6877451000368483,0.21833467234418216,0.2981710165986866,0.18742651292170423,0.5055060617694354,0.08189146828013334,0.810068657433962,0.2816733307753818
3648,0.7632393669807603,0.07877933190516136,0.642879169026055,0.17015316364332497,0.5817692547737707,0.7425725860151298,0.5875559154710386,0.5947502456872559,0.4862283958725993,0.8085884039357496
3649,0.5149922209371074,0.10262317956094281,0.37026628199470146,0.5272909195384738,0.29672900310315664,0.2441322935745651,0.6651500146996938,0.4126071283661318,0.4116723002756371,0.5277162805830753
3650,0.7749617369573056,0.9685130779485804,0.42162481460285073,0.08054838099866399,0.39374156808114863,0.03443545079226794,0.7708042057670907,0.49981786508891035,0.7225580806756249,0.8709789009451017
3651,0.5536783644414134,0.6791496376667384,0.6906521817774414,0.34400953070964,0.42456854875840444,0.36003361381864785,0.780210580420732,0.5000391067100352,0.15479897122979075,0.6436812060027381
3652,0.6662293184145749,0.7524085607560629,0.5277834424737147,0.9866799967389193,1.0,0.1675958071435453,0.4747454637564948,0.03992167178925497,0.5363733329306746,0.2601737841078449
3653,0.6409207250172371,0.6756773110434918,0.563830055720818,0.7945636006668163,0.4940835530352018,0.3432812884684587,0.37722997117133944,0.7960137753674719,0.6979859241234159,0.9654629857176982
3654,0.6228454284528987,0.17936369922442763,0.1956801700922924,0.7609223932842086,0.33797164054770346,0.15097845216961112,0.2925246905486127,0.7005793065134602,0.6090064725383764,0.4023963391926049
3655,0.5708929320966367,0.4481989631641167,0.6231220745576072,0.13515766719045266,0.41088868777456944,0.9884975628928341,0.3992773464003538,0.6877838089213736,0.10270984681056033,0.7659233431308757
3656,0.4613141464914328,0.7980352744595156,0.5543607562405044,0.36470772636040283,0.20583327548854286,0.22798711273800673,0.5868323424437714,0.03369781173791585,0.246430024466965,0.25548883526860044
3657,0.86663871196632,0.8663408460292292,0.48886217057520964,0.6808821125496065,0.4653905996271312,0.08864533232240523,0.2500611060932922,0.6515767515382861,0.48041022219385915,0.4170448625865919
3658,0.33413191870680004,0.23710109282758202,0.5680859140084582,0.02161594661820951,0.8549282608030168,0.6151799079958498,0.3278868790410617,0.500215558213778,0.5923555215027656,0.7382730226274195
3659,0.5060596482981318,0.5958484099823091,0.42446375728680275,0.434157075305601,0.5618769917854557,0.26998005375932127,0.6026578580798443,0.7604988820471887,0.5998149323164614,0.6962446652211143
3660,0.5080554807065839,0.15684040092430543,0.39039382032371417,0.9289981276253318,0.6716201014793897,0.2756963650879107,0.3796196925520207,0.09636014346733891,0.500969950655421,0.9389957284743342
3661,0.5811768229714095,0.958285778357946,0.4556704957336205,0.08235847344941774,0.32087000176084024,0.5133060799961057,0.5671734143336289,0.7466305903993118,0.6408712974334199,0.7978144752818964
3662,0.4242167952897479,0.251974885479832,0.41420920096520597,0.9066573946291401,0.4575459196708252,0.13384751895861727,0.348653959977069,0.9617535361558774,0.585141899120496,0.32414371789760893
3663,0.5646312030071287,0.7265658517161023,0.9074405990493103,0.19459194731619936,0.5363181269016417,0.45163731855227535,0.5520085778260277,0.8509779687263987,0.47770763326629234,0.863290788621328
3664,0.47339078572948107,0.23087642210897938,0.6708411271311645,0.1891750529755931,0.35658377600716973,0.09753268827421077,0.35648348666514945,0.8941908895249367,0.6042737718078679,0.9210701727857429
3665,0.20677436353459683,0.6159473433916138,0.3201657859036907,0.19550670258124783,0.5742499869268214,0.24997605549454954,0.14796415138045477,0.07527550022535688,0.3791357085675309,0.9540997897211382
3666,0.5070491737158336,0.6591722915998149,0.8805416542939156,0.9316656484509818,0.6159183910661977,0.03557714771259426,0.6752932911721798,0.52942070531393,0.6231236364586001,0.9004592348214695
3667,0.29759937712308304,0.3282244264782428,0.4200552022560853,0.6040037518500452,0.6018793770910751,0.0491841360035967,0.37050333347721015,0.24625099935386285,0.3412471484651269,0.6953531095963912
3668,0.1780142469425971,0.8187957068200192,0.5062744184023723,0.7511154119290081,0.467654208879671,0.45984183866035916,0.4530299248137865,0.5447113990099284,0.5947455914368389,0.7958073220628266
3669,0.5310712811939597,0.885355196761834,0.6681456045807364,0.3665570770397122,0.7078896967152448,0.4864090613481807,0.3713802173487442,0.706479964129099,0.5900738175134135,0.6478349107727113
3670,0.5972975767614898,0.8550440017946456,0.13338663994583552,0.8736337925512377,0.447047608306854,0.5891339183944669,0.5993695726852901,0.7467463024247365,0.49909834135951575,0.3196742764002719
3671,0.6046208827755276,0.33059534243341654,0.4565768062436535,0.5821858515293167,0.4294064031923609,0.01636697689535336,0.5603800972662414,0.991681266097301,0.622768229158063,0.8160893721067664
3672,0.6122570028467346,0.7442769578383638,0.3938567950516103,0.6000918902010991,0.775710619285968,0.028266324087498206,0.598929637940051,0.9576891370275625,0.7952213945319946,0.2275216787007655
3673,0.14061854088960057,0.5593650645651927,0.5390276796253476,0.7526482241978949,0.2827604675862089,0.3010309708801391,0.3975072486889211,0.2467425663551019,0.3083595210703836,0.4312709194366087
3674,0.24845905845635585,0.5925138185519312,0.569793808494946,0.7739796133807515,0.1674773713755741,0.4015986497568686,0.4897301329400054,0.915649922583314,0.6834186136688587,0.34346258392923423
3675,0.8775981425384036,0.47727169671562597,0.4863725749873117,0.682158300222991,0.3290185704483937,0.014363724706703683,0.575854078893913,0.8840278773731034,0.7085520083211345,0.1720981173568386
3676,0.3076663494490372,0.6001492182067281,0.4777214229704536,0.1189454395540428,0.5717809259304503,0.30317039791789785,0.7840177217908944,0.7233426702427052,0.4627659474580546,0.7989016285507489
3677,0.6204964365288329,0.13538541732673395,0.6994235848153298,0.8671064450537777,0.7451591871494729,0.9999999999999999,0.5554650756953365,0.2572534973592346,0.6542955305923597,0.4718967038770234
3678,0.37563997255658477,0.4086706986509427,0.5570069604278652,0.2610000036552085,0.3691155973824821,0.9999999999999999,0.3137735039599839,0.18779965928490877,0.45377748189825656,0.5269613268717446
3679,0.5202790462671036,0.1774172027708227,0.5085067057939151,0.9966336264592959,0.8479166916905297,0.19497376080763743,0.5483359338235685,0.4353218918078361,0.7407932722047439,0.5020123808879294
3680,0.38576861215004715,0.2798855444935295,0.5283583536207257,0.385666197830816,0.5021385256927637,0.19737082079791302,0.468461293967711,0.03850784540267062,0.0,0.6893533142871379
3681,0.611194855390814,0.1275431492379314,0.8431666009821027,0.12003330425447123,0.47453126603914053,0.21012750638629066,0.13011101032694933,0.28352988464095635,0.7766397069822237,0.17584616141735926
3682,0.5310525641446404,0.2122527995082869,0.5329840794406278,0.31621280223783654,0.33247669520142553,0.15175615511518287,0.158448168525336,0.07285765456702793,0.29083135111357133,0.5007795183924152
3683,0.4206665015990914,0.781878641392368,0.40483866142423264,0.5737790899439569,0.8743229131262384,0.012338982254204788,0.4866374417004184,0.5242813554556721,0.5192333695784681,0.2602051256104145
3684,0.30710724196759803,0.5497075134233548,0.14476091374358743,0.39160723867045477,0.46780786728640184,0.07758754269750148,0.5021898722921272,0.6163824442239789,0.49909834135951575,0.9716612935577602
3685,0.5557688101259272,0.02333657260969321,0.23335790132168707,0.8290440227923475,0.23923515338987222,0.05895346189194436,0.4445202181511623,0.11080364416317436,0.7864466258103666,0.060118699497912764
3686,0.2764389881378469,0.7884760953826401,0.4136827763046226,0.6825011818708663,0.9722576971200635,0.9160696341046511,0.6620497719786527,0.8739394524836421,0.45862462092882766,0.9284026019613949
3687,0.585901262346042,0.9094608276650926,0.4805692976817999,0.21352960458913947,0.5730243080710603,0.2042254209004008,0.326358086323354,0.09628821453116658,0.39915245968837904,0.059857513249649164
3688,1.0000000000000002,0.8804119064346888,0.3971600806435224,0.5390821818106659,0.6513933264876999,0.35613076418718626,0.24313309621096696,0.3958984728155225,0.7149514928075407,0.1092119459008935
3689,0.7599882436941172,0.8229801360904885,0.5662679747607108,0.7878753858667987,0.8221372417492111,0.4159711284725184,0.34655380143445474,0.5007397653838955,0.6412317199089226,0.9062643359210251
3690,0.6407801332106238,0.99223680308661,0.3947567874142266,0.8916248886591522,0.6157315727803453,0.05570890464996485,0.3863934026575883,0.5819341798837554,0.43875732918355365,0.6478343233772866
3691,0.489095080234251,0.5862853481167462,0.33023276156951453,0.395106946141043,0.685447901303052,0.4547855655001941,0.4881756204553083,0.3187422596531339,0.3138357208215317,0.32437518918344505
3692,0.1394556316503215,0.9625979886875284,0.6150365852120512,0.9248711590877143,0.5073857632375268,0.05207559078759414,0.3517298244032356,0.7129835599937444,0.28817802083186467,0.5883420946051978
3693,0.25576648418306863,0.9488499540978163,0.7561673623328383,0.03596677406350329,0.638801573461357,0.1870527801973747,0.10372689581810984,0.3410114969781844,0.7443774595604282,0.1661018604756192
3694,0.7472759512523767,0.31302992691453113,0.29429907364190866,0.6769835491008867,0.4902707694424436,0.08447924198041885,0.024832507355449118,0.2522828863915669,0.5817288497147863,0.06480945019911927
3695,0.35624085228675667,0.5041605632076909,0.546233088911326,0.7823255761718281,0.49296863903991134,0.1597260618904353,0.5216303253071908,0.45290270784794995,0.5350853724650875,0.049169847348132456
3696,0.3733165569536949,0.7924256097023777,0.1455058580208116,0.4253178966774255,0.5200342912053415,0.35170398377009743,0.29058526299482274,0.1129321922432792,0.5956543595481056,0.26997915702822084
3697,0.47399305226217,0.7757460938889541,0.22578603302341663,0.010960280948604989,0.42012299062647296,0.5047436604055873,0.1288893974349669,0.9662265087511731,0.13193734267217389,0.1793497507836741
3698,0.30486690635829794,0.8962687520314105,0.3909787970283831,0.687332270262262,0.5944381924420394,0.10969189671888543,0.6142162329712044,0.5498884815740803,0.4404878145083227,0.4032850788769033
3699,0.27378813737808594,0.3840051533178811,0.7124370824293558,0.34270273436411824,0.5939483071797148,0.029760029421925568,0.7840134895189133,0.14357387347972927,0.4455331340646244,0.8766649137091533
3700,0.49572378938507794,0.3998754639154736,0.3555557579225699,0.15186361147072233,0.6552785333629999,0.6205772630592228,0.4814767798441775,0.7960230082422993,0.688583841374061,0.3785186486801252
3701,0.3370389116751197,0.6399538094797952,0.3485818530954179,0.1571618718556078,0.6205950923292632,0.009953490568721694,0.5484367211449612,0.7202839188433305,0.22304442730654167,0.3985293825275045
3702,0.3654363279341399,0.7377390307485095,0.5075112422135956,0.7694989836315695,0.8837404722096258,0.020442451655334218,0.5500006198804492,0.43021771083434057,0.7023122708011225,0.12071912432373655
3703,0.3578568511523568,0.5041605632076909,0.5076970533786633,0.18745646285071602,0.7004850029679812,0.28986371836951635,0.07209677419800076,0.9837817396546175,0.8430438018202984,0.9887084498674721
3704,0.6038024494554513,0.8758264041664152,0.3543574401450127,0.4843019620082656,0.45678967339574966,0.219316707727714,0.6628747017264356,0.5003729189400774,0.17554962224806075,0.14519378099106522
3705,0.46145093962582046,0.7212685601964047,0.8712029853181981,0.9708169454640143,0.5845141542877843,0.5589829695472136,0.7276814534518516,0.21231745314016115,0.5053047408549955,0.33826911703686235
3706,0.47155510886950275,0.9569012159074175,0.4512919782361853,0.7591488619523256,0.7701320071825488,0.0018662969087280886,0.8378211648795155,0.7912072009343175,0.59700543482971,0.9457445351236882
3707,0.6178747927468594,0.17837438268088016,0.5219642334775831,0.5474263660315516,0.31312719961595403,0.13433058400531445,0.41815866789584116,0.9287857391999731,0.6680038341459231,0.4548940742864722
3708,0.4784477976865183,0.9503460735660262,0.4258509442204982,0.528499358652814,0.8864868944979232,0.2817931675087212,0.28945991534365983,0.2619720964864045,0.09092519610011479,0.3380626029993163
3709,0.45274779287951245,0.06389862173507561,0.5828339412713888,0.16738524226451593,0.3470415104967938,0.1039123927765657,0.7495788094218803,0.006149438141638167,0.5662811513529038,0.7151488369015141
3710,0.594008433879337,0.5554948850923267,0.7310954458062427,0.4466098908406412,0.6710155339545247,0.02270519364100541,0.5909617465120554,0.6091104230199539,0.4605844571063044,0.03296798057723277
3711,0.6313181481079093,0.0899128738981313,0.811047315534421,0.14494712732409218,0.4981545230386207,0.5545079456705347,0.6602935517193165,0.7326927455794461,0.4483244068701315,0.3211568496375006
3712,0.47749803571045407,0.5678781572049759,0.3586218140444385,0.08360135382528394,0.4870261089841083,0.9999999999999999,0.37951097008483453,0.26045281097573747,0.8952179496570283,0.5802095200243148
3713,0.5204554628652472,0.3899268538304647,0.7060747323892471,0.1091682418934446,0.24485907766381976,0.3066432405933924,0.5490128269785883,0.9637227213965923,0.4611890948746323,0.9910146994853968
3714,0.35774379730374445,0.08132244999001492,0.6032942507781841,0.6068712338869267,0.6724129875054574,0.30807084805758167,0.30453852177384017,0.1671730947194628,0.5876041357949229,0.9675497835607412
3715,0.3428588126510307,0.6480210271733561,0.6825280471169262,0.19362285952755207,0.24767434977867475,0.2842895955955919,0.4979388961736206,0.8011149867177361,0.47928047563734505,0.6261680408216799
3716,0.650364675297965,0.7311302627638038,0.48364602449699867,0.14939503558988879,0.21780686542912914,0.16471182758951652,0.4347155166537822,0.8763185593007616,0.5479691470918222,0.34007381400462666
3717,0.5891956944967651,0.17392967771460202,0.4658988097100656,0.867511000617082,0.7211958835267978,0.5881178789478109,0.9313245916763362,0.17042228321187664,0.6071304900537107,0.5500284934107603
3718,0.5911496683659593,0.69435657503594,0.6752879161313377,0.12204989804146368,0.8430361521148623,0.9999999999999999,0.6001356643792317,0.5011022098535721,0.6718568086306018,0.9338710203996017
3719,0.5582366882746553,0.17879345427680307,0.6788272063023113,0.7059407886029688,0.3678143629423911,0.23230394436985086,0.10183009103172641,0.02748956992098149,0.3545326735636409,0.6671562217362492
3720,0.5139642448528894,0.13712829665239665,0.7927813381261682,0.4171730294503665,0.6909063900452994,0.13564591478038307,0.49861871921812767,0.6417412217455821,0.5311367803428204,0.149152876466135
3721,0.6366413916616303,0.14709847779326982,0.5378093916888115,0.5793271376361723,0.6509476515014659,0.13058144675397196,0.5668384757439826,0.546267761008171,0.537849883298293,0.9715483296841911
3722,0.6816771698909945,0.5989661400225271,0.4808419948011651,0.023346920564749296,0.4791756170424515,0.05406626187840778,0.4114533328486913,0.7782149209742234,0.1890476694560253,0.9022053090599692
3723,0.6771715036763329,0.7787391344640463,0.04202889591731304,0.0,0.7552610884718425,0.09306092962557805,0.29543103890685524,0.501035986769753,0.3209649910004157,0.2167304164883565
3724,0.4862327863277452,0.5967806351543541,0.20028788605277534,0.8176056132336391,0.46522884445565027,0.0818080508751213,0.620780282627514,0.3535443016174389,0.6713978134098666,0.6568283868546432
3725,0.7669357080155389,0.8093100939737768,0.42725487159271924,0.47564083603174656,0.5969829801592454,0.44106312139692627,0.3215161321057097,0.13618696757837861,0.41444088948753227,0.8782242034319773
3726,0.5483513908036338,0.5913624466583026,0.2954383139415224,0.07132052270457506,0.2543646668659547,0.1680346891557543,0.6050832284965109,0.050531727583859445,0.9983668770734822,0.22047300427400357
3727,0.6245595511957419,0.7972758279519725,0.6526130027046899,0.34359500569082635,0.26263179279198423,0.010521494679544082,0.3059265833179529,0.5286087304238156,0.6851041915781573,0.923643116307466
3728,0.5584694250039935,0.9765375645080225,0.25646778477100496,0.5065683483777449,0.7230028697135596,0.06771910670066843,0.40039336841062995,0.9189208734545432,0.5879826603604852,0.17999992461517483
3729,0.5518505347266214,0.3907772362613442,0.40728999441232583,0.13553661901214956,0.6034958789841754,0.18527771302869323,0.6753289409859222,0.7659396912962804,0.7890848190941631,0.3571319907954468
3730,0.36642999390820674,0.14967825861147113,0.4146151434857668,0.5465702730715526,0.46932278923052023,0.10906414896898477,0.5891652653698185,0.39280688052817103,0.6489422328012167,0.9431263117006938
3731,0.6375732402656921,0.13512798413818294,0.7254605745890742,0.5289749447577267,0.8659069035120104,0.005891070184238765,0.504703366086698,0.9838059415431283,0.5371408341153618,0.9466689404061536
3732,1.0000000000000002,0.5973647274094135,0.38734718014414615,0.6030935048530289,0.8638702065629034,0.5330750160672555,0.4933880336321422,0.18354682852633186,0.23347904171470418,0.02322353203412464
3733,0.4345330049841419,0.5469731945439519,0.5851540519905565,0.810615657293792,0.5818248389388643,0.02911240550609473,0.5156140594296137,0.9977182763352633,0.6285411708418189,0.8663906034691133
3734,0.5186417329796789,0.18398303463149793,0.5372794774753591,0.4129496368436941,0.2153145786045495,0.7871235557329881,0.3528550688329923,0.22971329663646983,0.7674873698423956,0.6937085669698496
3735,0.4210597933013948,0.8820881588860051,0.6692405752697005,0.8889499344001563,0.47529154295427045,0.2694321333057722,0.21905360448981487,0.16775483005038327,0.3895078377411512,0.8717180953469703
3736,0.41317047859541084,0.9567567578000294,0.6593426058706474,0.4748730770654568,0.33583387716636154,0.06170822679034522,0.6039261908745792,0.858328731862888,0.15523432942789844,0.4618848150429088
3737,0.7966436266286023,0.2529865809359103,0.49454467904666133,0.45734021874853437,0.5141921785425815,0.9999999999999999,0.7812308331702114,0.4685902248801975,0.2989987231762134,0.9815125603887349
3738,0.3782751008557504,0.2066382308362074,0.18442941175091657,0.6559683729425332,0.3157725138389494,0.3556954155239647,0.6103952452538932,0.8918763880179473,0.8363205095379129,0.7482207988818907
3739,0.41580047955157734,0.21367952797089365,0.45756242884229814,0.6177863163033477,0.2654952315939833,0.7698827396555599,0.5458041256232362,0.7479631292001372,0.5173771568417775,0.7593489160963189
3740,0.20572905445558237,0.3872377637691983,0.49705947499238645,0.011420955817552148,0.05922695763109315,0.8318465562440046,0.27591591897949513,0.15625860097443262,0.7794663829146837,0.426905802644038
3741,0.36230564093743184,0.8532006248856537,0.5541206222830588,0.9828637206446169,0.5292299262727849,0.08608010324459674,0.6607567862085966,0.1214296359919929,0.5057590538035508,0.39228638552673034
3742,0.18291709235786502,0.5958472286910397,0.36323022271241034,0.9431084189077841,0.052234590239071566,0.145901546846368,0.5877297956455427,0.4464885438057661,0.4078120362653141,0.20550973871776768
3743,0.62445172553417,0.0672617061361992,0.7135543198737234,0.2813962175673399,0.43493457647159733,0.22584073287694853,0.6391635061622813,0.5613433565855098,0.9076693175526604,0.058184996990239046
3744,1.0000000000000002,0.47282419604594605,0.5033210812947522,0.5588213020819942,0.631193055230702,0.5336612393938881,0.6896732429418535,0.42292039722129815,0.43154131021057224,0.9014625485243698
3745,0.4360643322995866,0.09004764538989869,0.32911228065733367,0.7708207097236237,0.3572048983310217,0.14004852460159734,0.7915464518244242,0.21155417610520416,0.4548230248605937,0.5906711986829615
3746,0.19077382743932314,0.40603669082972627,0.4153235763610782,0.9208724225876481,0.28704251686563736,0.377347918492343,0.2932237574806594,0.2170995197046981,0.5896463498811573,0.5580916452793676
3747,0.6750530131239912,0.4033418098738534,0.8604461135096585,0.58615718357237,0.48375437408348937,0.11509897088295432,0.26107122812785627,0.5096731015471175,0.44702802935152125,0.33798768340889257
3748,0.3680954209606243,0.6482569674648851,0.6246847667365817,0.018929605905797703,0.33660300188914083,0.016800979265143907,0.5262422366388368,0.013732947392934639,0.6499772160250179,0.7396880018549735
3749,0.7503992667157723,0.5493248891116387,0.6963138024111042,0.6809721302308686,0.5327891039664502,0.014681887987085406,0.3286880573137076,0.4386649400662904,0.5868593117508145,0.4068468347401353
3750,0.45203549764647416,0.874735497775247,0.30652958161369903,0.09310168008522815,0.29710046773544324,0.14452906814595678,0.29673278681800624,0.03267127650229747,0.5943808753672966,0.8093150716960359
3751,0.3860400214944059,0.015966149988039822,0.3723173122946748,0.6714675816959426,0.47666585490541025,0.1774425767683486,0.7240306531865137,0.8731412200663092,0.38499154401428365,0.07976717467485822
3752,0.47167103217098166,0.7739455310740168,0.3736987583091559,0.5876788458342577,0.4298706411379259,0.3528823269517636,0.3127193856816906,0.6199491693824081,0.18631977260619864,0.24738633220896106
3753,0.6482193175857778,0.022351462677971078,0.535169764905985,0.6409453880189403,0.4946492252076232,0.38549816619440097,0.49686367453548347,0.15971924402062693,0.34404266654381427,0.283366802324891
3754,0.4623386597991748,0.3040780045157658,0.46833051692700367,0.1893255979062254,0.8131605527182761,0.04591801034103713,0.19788457814473398,0.7685033230334155,0.3607959107472977,0.023269650412060527
3755,0.4115281131237722,0.8796455102501349,0.4094924936790667,0.4938179064583861,0.5355266693070857,0.16990464322739834,0.5105373165805289,0.49236888940948154,0.5577348664538884,0.6634246686594082
3756,0.4677326522451985,0.6903326697417594,0.43288368848206304,0.6182220960159691,0.5944510141335284,0.13962572918339178,0.7171522985887819,0.5104712709892093,0.3472922052019289,0.7016052329896336
3757,0.26528151825332635,0.17174020373393675,0.352696935399206,0.30041193860423543,0.37602586486259193,0.015995874778346485,0.7227385955075734,0.2557221325308256,0.22376472586614443,0.413358158212701
3758,0.5801562594136546,0.49063566456151986,0.467241856265586,0.18168764492276654,0.5400616743662872,0.04359508780191729,0.6917215679192508,0.3934430582675974,0.28431192311034464,0.7954455045231881
3759,0.16813891814957183,0.7218333073333778,0.708391085524243,0.22276402807968473,0.44372336875462687,0.9999999999999999,0.4844449796767271,0.8781635754213305,0.5757799623120952,0.9537334387578464
3760,0.42145295306143454,0.9373451612277036,0.2185870696534248,0.8583925107808237,0.5026141024343243,0.022520871487022934,0.7039940337959876,0.14672264974613142,0.6327360598933613,0.7366903460632455
3761,0.6485227891085171,0.6342207651696473,0.565398057270152,0.46473817979280085,0.6224015194047262,0.6424725789774107,0.5782617949630753,0.6235470695571256,0.4058900658454773,0.6732573256199936
3762,0.5624240959191494,0.024369213942772427,0.7581625307212289,0.6613585323738788,0.4001190059932831,0.7336148010019745,0.4179139118405451,0.21646801099340185,0.42613571230658137,0.44958963164082344
3763,0.6166247694992342,0.49955598985671423,0.4666175036408162,0.5151067061151281,0.4198850191292634,0.9999999999999999,0.5693350504100707,0.4445250398555667,0.6187836608242343,0.5534571779425015
3764,0.4929745143624213,0.1526987399634756,0.4021479895781218,0.8344920932099182,0.40279200902977175,0.013323310493646143,0.6623250168377492,0.5328007363860505,0.5335801615533919,0.288069127482505
3765,0.7259470373630618,0.047481150934427896,0.6731463557157115,0.5087097648762432,0.39905790265058105,0.10944145101928675,0.25392297314941686,0.12129499817577062,0.7274698702778206,0.24406551952397582
3766,0.6797131607828347,0.5983981140982692,0.3172279272438072,0.09334903795601893,0.5303862178135342,0.09255378125795752,0.30324373387986375,0.07798674874729529,0.47218887022917616,0.026150336330843904
3767,0.5894219030457226,0.7768695980677338,0.4965492440098749,0.198056610964117,0.4264738273672395,0.4595027599510098,0.47240716315431813,0.4838060942746387,0.3441850896008298,0.4808374587590585
3768,0.6802502351482128,0.035758200641551004,0.30685461932445857,0.013252275108224992,0.786623268500458,0.39918925362453694,0.2734740498474148,0.4090406599912749,0.7085363609741278,0.22503171799824168
3769,0.6468319622409009,0.7835392168470453,0.15201524728279805,0.8318879258092103,1.0,0.2702247844044939,0.27084079396712163,0.9210335912467552,0.44300146501738796,0.4673333233342492
3770,0.4223317831799212,0.706311769211946,0.4724366993182817,0.6635590014863879,0.3870223535689604,0.252491003463251,0.4213014493253658,0.6978857054549074,0.35229466500715817,0.8123500143600604
3771,0.25168877479654317,0.7519261678316055,0.26516331633420265,0.7595322586666824,0.5537459574233714,0.08500325257560756,0.6819417343252754,0.896834646606579,0.6717571962964075,0.3670958708466892
3772,0.5845581113676884,0.2444964459833441,0.4986046166945096,0.7153302309472678,0.6976566793477166,0.8130562180201109,0.6784658477520975,0.9283476269595347,0.7774677135301244,0.32185680317562654
3773,0.6082794865702673,0.3934137733521235,0.7087293963644431,0.8248400876691293,0.4454747314405968,0.3906961431742461,0.5581495540866459,0.018502294687773327,0.5369538658769497,0.44680176791738246
3774,0.7109900970803165,0.11947671891566614,0.8465918581083604,0.9874047235661929,0.30453556149955874,0.021654158976861265,0.5321701116432902,0.879871930377489,0.31134792812741724,0.4954654228696766
3775,0.3285878813489608,0.2386570532955347,0.5182239310829062,0.6537529848011604,0.8330877512642729,0.05367913418038523,0.884075034527978,0.9585391705711549,0.7937175436701336,0.27262529954380255
3776,0.3342273735108537,0.30257734119418606,0.6908605319304812,0.2523625150655381,0.6295992774078827,0.1721950991089404,0.3993878285951747,0.4523688638007153,0.5737099776628942,0.5998993475907852
3777,0.5920179114232893,0.3192299278233882,0.5751859537372976,0.10141748080177357,0.5585212088437591,0.9999999999999999,0.5433873074505164,0.6358357871302701,0.5438864255367717,0.028935088310644064
3778,0.491819584112753,0.1747844405877647,0.4293320595607498,0.5900002406365539,0.777448251515077,0.9999999999999999,0.39022910256926474,0.3456320906586296,0.42539471601311557,0.4860939225707035
3779,0.1494536331414944,0.18846096501085627,0.14181852092036215,0.7710927226106303,0.6458618363669808,0.07586028588942674,0.26135825789657524,0.09814741763997552,0.7167844182020617,0.6490049618482381
3780,0.576019887138326,0.9014601320992677,0.8041150132801985,0.5618110521710183,0.4876058805905491,0.9999999999999999,0.7175330451206059,0.26220395873629126,0.29155563772047993,0.4662344133406133
3781,0.15574376212155577,0.7838436634171688,0.3051280251542797,0.3036752972287706,0.3079708808290603,0.09093688547552024,0.44259099488079917,0.08002191480289679,0.2734579084357986,0.9782673478229617
3782,0.32690203123575934,0.3442794434652386,0.758662006705256,0.7200470150898136,0.4014540588078586,0.1907018552080664,0.6271102055355391,0.4865394952639872,0.8620577461911221,0.15498335420357212
3783,0.7602733900568157,0.9476488558277224,0.6008934555865068,0.44815952512510526,0.7299233532846454,0.6095871363464499,0.45349143480478754,0.6534468677473497,0.3382984961511342,0.4530213753505692
3784,0.8495532544246798,0.23868882657367152,0.3187588878876577,0.28670181830314556,0.6288117118277676,0.23095385234285767,0.7289279196493406,0.004653671379206317,0.6844606376959426,0.291753944668547
3785,0.2758847465793225,0.4066432349188433,0.5589674841516423,0.8414525329515705,0.46077142397454995,0.11091465884631109,0.31490143661950004,0.22844026998105044,0.7640150521286719,0.9032233556941139
3786,0.4430994501094731,0.8134853611220082,0.8985599515416484,0.5767650017483656,0.8385791258003075,0.9999999999999999,0.7136640873881541,0.07324176845468595,0.5420676698003639,0.17955586158446768
3787,0.5132886516371563,0.4427213243918971,0.7871737872870955,0.2835592685164797,0.466466951201426,0.22682902391125184,0.6638992649973765,0.96581069419796,0.33476598418693687,0.5213995255480185
3788,0.8413172609950273,0.2343899862640988,0.4051623152439947,0.3287363980405691,0.6878906162883821,0.6363938618105845,0.16776969356431232,0.803070864360744,0.6217855841884552,0.4242870766018251
3789,0.41225559197826583,0.36834532740591364,0.3679997370324164,0.5719091010524873,0.5394393473037061,0.21698916630373688,0.40353811409993484,0.03043373330343059,0.7665490965187713,0.9172264935873295
3790,0.415271523973113,0.5005755465327459,0.5194694901575642,0.4230990888054009,0.8707634410903039,0.22123741937739963,0.6872630511100988,0.8139547218791862,0.5672057830962782,0.557579768679435
3791,0.797450409750268,0.620539333507322,0.4699135118403682,0.16057378383067103,0.6425372708758726,0.14363770152044814,0.8010158395474372,0.8272380393814815,0.36033035973308886,0.46562840440827924
3792,0.4345341223222668,0.40542887132497873,0.7245270332651491,0.6107317864736964,0.505806316112927,0.20800753990767729,0.6309249155464693,0.8052007852276267,0.5602874323220852,0.5865528937771978
3793,0.6415072473786387,0.431135376218294,0.638711343493795,0.6894081314747467,0.46229275581047113,0.017088467595389022,0.42573513693075143,0.8784291024728262,0.23909097449907263,0.711404831720927
3794,0.22654915048883573,0.2637181714643761,0.18518526241511976,8.95980049673839e-05,0.4939043593400604,0.04658144124382801,0.32023338299741616,0.46816238855952197,0.31716496412868006,0.03192585836958817
3795,0.47293982604331536,0.5352134593804748,0.5863221004509335,0.5370972793754534,0.3565662823160256,0.17957119724772946,0.6034614894052859,0.2389971376913934,0.45300444330423,0.2467180391469706
3796,0.19212493636207362,0.21921577735915354,0.46738141588554294,0.5774079964555598,0.23252030788452333,0.256175228003579,0.4202988049980447,0.8704524959317433,0.5138291567774274,0.23567931567294043
3797,0.3061145058244718,0.8675044938090924,0.5077016271640558,0.33219771104426155,0.5565956292752826,0.13123174340204272,0.4281332547521654,0.8346274792558693,0.27378011766714255,0.41554594008465495
3798,0.6635819822259066,0.7473047906804698,0.5472079302390738,0.33886798589431943,0.3936808460966824,0.6644790172817778,0.457545586696887,0.2743166096006047,0.5495855711609174,0.5763474300193616
3799,0.4958310845610245,0.4101029371838444,0.7243389746192285,0.31778590601003176,0.39316696732434825,0.9999999999999999,0.661602386803813,0.5805305807999661,0.6012451465398365,0.9158899255059216
3800,0.445040107588134,0.7471655204573506,0.6831353432926655,0.4455138797065237,0.47969370368405406,0.7225513433405268,0.832220403320568,0.5567339889512897,0.4613478022339054,0.5657466600127323
3801,0.36397768462695296,0.006683777266565181,0.360957288036724,0.8122945035984676,0.5069792501483706,0.04637647130671448,0.6883794892010038,0.48727762507249384,0.09212811139997718,0.18140513940269287
3802,0.46361495266293046,0.34429096650406216,0.4898502352714852,0.46922279066440964,0.49830453960666565,0.11890475718758277,0.5006680905636416,0.608442350896277,0.5219852593759005,0.525830302544116
3803,0.5620589908074395,0.4401352297887406,0.41713378720120253,0.9940870026959472,0.8331113571817399,0.3836958103387046,0.3329916765442366,0.08344971779064701,0.8469264560660026,0.4285413608405096
3804,0.6906971688071852,0.469642544932952,0.1871240036481069,0.37631263578636887,0.625,0.039342579979205136,0.622089325174124,0.4543710313208066,0.5890987963235153,0.6457171378394653
3805,0.009951250183971624,0.7486696586298975,0.4803839836413629,0.6995649963582723,0.9045866063146198,0.17888337406055527,0.8062034963372084,0.2794826036099668,0.5051091318433856,0.6368078295844273
3806,0.34831560340302076,0.9628178619193958,0.8448199659451029,0.5491992046690276,0.4119651567291933,0.0970856560559695,0.6840727418505468,0.0017982960506248147,0.43138327907359747,0.6601275003278639
3807,0.5352641579728922,0.37981085868861336,0.18149231245592926,0.7626203829985041,0.6484706792922678,0.8622709141742443,0.5372350367868022,0.5189450770276908,0.6117812776076899,0.9972977699558805
3808,0.48659405837688136,0.35040365580618205,0.49629369565863335,0.8887543849468378,0.422715418570617,0.01235547179973913,0.4086757889755442,0.36437101593542764,0.5417406261007043,0.027545110430791386
3809,0.5813533250066287,0.6104067577041437,0.49031159259641,0.5118996590204794,0.38833967519398965,0.6658371504045755,0.5625948912227006,0.4309495538055216,0.6365154536568518,0.7622286623275205
3810,0.5557246772456185,0.2810340152068128,0.5544425584360492,0.49468765313209695,0.9118840421970003,0.21432248091808645,0.711941442219955,0.11084893820297086,0.2938601958694796,0.8548417117670993
3811,0.4477264180357416,0.14108351564013608,0.32123701122016113,0.9431338743728928,0.34829707800325405,0.16343580239720493,0.5417699985841298,0.5053817571775215,0.5251922238052216,0.24509500462789635
3812,0.4058436643217869,0.9615508773702741,0.23500405882213668,0.934070245510485,0.06519984152099045,0.5875872572239879,0.4798209060588379,0.26973008607774085,0.4145234167310468,0.7573829413039843
3813,0.45892728052750537,0.8094886580119222,0.2436785230229995,0.997436567268756,0.3599411921036179,0.03617844185413891,0.3720993535667018,6.514165693638496e-06,0.5727361963604651,0.1049278615771157
3814,0.721984170646707,0.958508533417707,0.7489945983093422,0.15652871921463826,0.10841347008499846,0.004765920056721527,0.9766915782317693,0.779955202555471,0.13252263775091783,0.542507797893228
3815,0.36713639837889944,0.21759187436991148,0.3175143665234996,0.003551118545974008,0.3128658191584085,0.1206182285118142,0.3345162665201343,0.627681378468999,0.42753026725151205,0.32235503913078634
3816,0.49339694485526925,0.017500700048241235,0.40761489549060226,0.43749242151912004,0.33078852481248355,0.1020598240589448,0.31746236314190984,0.5276920956033617,0.60519527499056,0.22795340023628646
3817,0.5398387307708064,0.4370946314845428,0.8932861386258969,0.7336585953696394,0.5037022702958576,0.011700784056753902,0.5291840161476462,0.6218958357101515,0.6358339822989323,0.6471505061832056
3818,0.7996438094722164,0.9336095424848817,0.3638455632623838,0.07287030968453476,0.10043015744825257,0.2044465572376021,0.46164720881716,0.3233064641338531,0.4963485994651276,0.4025895629912649
3819,0.44858669470582097,0.13805749972127565,0.5646371852816242,0.37375441575416746,0.7282074649327623,0.18109854774750864,0.687718306211949,0.12254280214012793,0.09170862656530893,0.16600978195677152
3820,0.6861483351069273,0.11691054871920646,0.699177467127013,0.5817079724547777,0.1340530913153442,0.011146290574667988,0.693957864862919,0.35658908807455264,0.6239822318129831,0.6065755184231679
3821,0.7376887983452229,0.06866153094918032,0.6902086090185371,0.21262604816802652,0.472167339397995,0.11083065089395105,0.27485086773670026,0.7888286393808346,0.8030946304677995,0.506783812011919
3822,0.4932181688016288,0.7649616767658488,0.2524477952714649,0.7314594176007991,0.43417747310845,0.057591200291071114,0.35949345355375345,0.6080957053891133,0.34278957930246806,0.0421823007490546
3823,0.46548981917736215,0.785877268571908,0.3677439227763869,0.22962410156618565,0.656522997309314,0.3604289799747594,0.33737985295059,0.7911944410203376,0.4212339131223974,0.8207530175835561
3824,0.44316319635638984,0.6952962284289629,0.5571707122539932,0.8410398702100502,0.5648758369898266,0.009166607821500267,0.6436621170806704,0.9023072498800911,0.6553668059621292,0.9867551064625668
3825,0.4569798595471057,0.052995306053514046,0.8605346623257378,0.34841445836520935,0.7264512807582246,0.25683290991977936,0.577940451124979,0.24924791184512013,0.6604405695480344,0.34222036434859904
3826,0.6664193499493899,0.72321792934099,0.3587626214306976,0.5989048580517768,0.4269629337416644,0.16241677578240124,0.43036014890218904,0.914461791018265,0.7105546748545708,0.9873031495521779
3827,0.548832375358343,0.4484657007981133,0.40872439737327215,0.5443853247561984,0.4069831771200037,0.3758947988321341,0.5388344755827912,0.6624649375097181,0.6949001860241755,0.99582705039858
3828,0.5496398474345983,0.15763318760807082,0.5790299613457817,0.29656397261427825,0.5767228078124312,0.01045455189846229,0.29109456763182834,0.5605762022826444,0.21105279315041608,0.4643391826509161
3829,0.2929470320557592,0.29491109361535567,0.6163447394602752,0.43925455428936744,0.6959534184490888,0.2458198249937931,0.3618942188702354,0.5029691372382816,0.41106834150657795,0.920675846234836
3830,0.32270715376242015,0.5010014577931552,0.6276455939248391,0.8463433878697117,0.6564685932466695,0.11147513447285927,0.25903354027246944,0.4684568271675813,0.6211511186383563,0.7822757918351025
3831,0.9096585632780714,0.32944820819617604,0.3429393516353123,0.5485775327753017,0.5591254289744946,0.7450569430606273,0.5257506164357928,0.07337126169378745,0.4857710190577114,0.8344806143564456
3832,0.4716959050870791,0.9697620040474564,0.40155640497824363,0.05559330852182956,0.541881066389511,0.08358242428041256,0.5250503290832955,0.054100917701719695,0.5716527350319629,0.12245399118243416
3833,0.3590679522317082,0.4745874475007549,0.5409711741939577,0.71334137178593,0.48985851634166805,0.38286353857617317,0.3172759803252659,0.3306200302380298,0.47736330854816084,0.7803120947365234
3834,0.7752574244005439,0.37196159016082486,0.7361968042901591,0.18251726313307606,0.5761694474051299,0.4465449085415586,0.5766247611309223,0.20311490064998677,0.41933928936818293,0.23649398227508783
3835,0.558416720537585,0.6730781053559989,0.4563048515903124,0.4862673319482783,0.8904894153485794,0.12115058726415463,0.6939584528615486,0.08609335305683537,0.4561901542892856,0.7474689081559788
3836,0.6143294323602927,0.6504500985718932,0.49662190831928255,0.4687353799443832,0.449957537566805,0.182256786231912,0.3087669370669934,0.023877615795298554,0.2890174412883793,0.23585204940320886
3837,0.47920108292407654,0.0021255779295295193,0.3094498312852354,0.4866916923065474,0.4263755207016126,0.9999999999999999,0.4386949231145238,0.9784643903890314,0.36469828947873556,0.7839137857014428
3838,0.44512173718118836,0.6183679155129763,0.8482649907219398,0.031009038937581057,0.4115656336803212,0.22222533663504468,0.5936760942634749,0.21165946141389586,0.48942443853552314,0.893758606436259
3839,0.4732504527640386,0.2435367242272993,0.5295505007450635,0.27249469728492093,0.57219308661183,0.27944258549348866,0.4977306419334023,0.9847705799359622,0.49287951785167355,0.5017134507848842
3840,0.24436083523970992,0.37504576209382706,0.7017777964722247,0.05073958645368254,0.08647465033845919,0.36787955852112947,0.24574536328542324,0.5442888294928362,0.6099656773876114,0.4331981560753567
3841,0.488657336601735,0.7062727669759574,0.5063568197941121,0.41512852892812324,0.4707532165267255,0.21367160957889475,0.4175739645649305,0.19138448633069965,0.4479648488264763,0.14564061864571576
3842,0.5611005123445716,0.5572598203989113,0.5166830624650961,0.6216035851896201,0.6672188407615741,0.08735414188529834,0.4114498089033664,0.1448220568040557,0.820502459183476,0.2359376033948798
3843,0.854380318468849,0.3684650443319204,0.22097989595825376,0.6543560581686287,0.3950904890056244,0.34591065987464487,0.46746125222225116,0.2003625222813855,0.7358010309836955,0.992221146792478
3844,0.5214726563998584,0.16715232925961906,0.09967318418104501,0.06455847763612763,0.5329915654975504,0.7705117096508745,0.4753184341067,0.3634445361784293,0.40670234684138457,0.7307941057440268
3845,0.06484951614153282,0.5053382683444724,0.7342561107879338,0.11892460133216837,0.904880593353834,0.3760485070481253,0.7878561183242925,0.2045522747051391,0.5397210297780839,0.7690827953343323
3846,0.4875143480215605,0.31915928795997006,0.5153386424429833,0.6617921336282211,0.5610182417198831,0.5700781844875582,0.46043370110656595,0.8279976904298183,0.7325555825689001,0.8140014936608612
3847,1.0000000000000002,0.9129214077407176,0.5392790839891682,0.531412996604362,0.06375056566440479,0.20645856106114877,0.1818952068763004,0.3667008610929475,0.3804204648811887,0.5836185404079832
3848,0.668707275669223,0.5342124635168838,0.2678379098016064,0.8337765202169097,0.22416788525525067,0.8236362638601323,0.5157207092837428,0.5267206671587618,0.36008618340290593,0.44108231403752896
3849,0.3522536405507254,0.8659417426003804,0.33236349265818765,0.2052173804397975,0.44832697175320063,0.037262401854762116,0.8213905309188081,0.5009891757845425,0.7489904632006428,0.34804932142183787
3850,0.6167730558364245,0.38999819392835045,0.6988959190742509,0.1203784530891043,0.3413960535399348,0.36963545952494836,0.4680704861014035,0.6594010477896737,0.6334885482492814,0.02720432751727181
3851,0.36524862700724015,0.8274019089078551,0.8253105237623725,0.3621715986451265,0.5168749388232641,0.007878206595570907,0.41807246964362504,0.9974906295555285,0.706141426526099,0.8097136280408004
3852,0.24981928289424388,0.05624145835253103,0.3849161587548071,0.6373412362612183,0.4398988142964585,0.13490660932496887,0.4426060383015858,0.4432827498749017,0.5620663377819153,0.8648801763942788
3853,0.439518836948308,0.29790511888057675,0.6260098927363055,0.4861717658117979,0.7224277272052834,0.38655274858487043,0.6066887202662066,0.32228931590018034,0.45371726891079306,0.3429066019183004
3854,0.522515525541664,0.07788779268160867,0.5362199588205757,0.0986194168612293,0.2857846727557871,0.7649336370385257,0.441821598861279,0.9741501075702196,0.24721042372115426,0.514993984743227
3855,0.15202074542973765,0.031346337300742474,0.4783029834824559,0.07130566834498314,0.4567418017662826,0.16049692460435808,0.2192542702573102,0.99771196951141,0.5281403692641624,0.5779997557895632
3856,0.2884309842078117,0.9188578476059792,0.8461635918008724,0.6779864356655666,0.5389015114687777,0.11250819288122613,0.37495336344978186,0.7808775562652364,0.736212931294546,0.657446944254033
3857,0.5071969573289149,0.716796171229247,0.4162609399082151,0.29708570768563236,0.5628624862609367,0.0738221218160054,0.4869692982783829,0.7976258717949136,0.7384376218344888,0.6498687266502302
3858,0.4282354412077503,0.6250065215412423,0.7321687432276073,0.6697714985413428,0.5252739433089892,0.15121394490760537,0.5977360334783162,0.4070198374695052,0.7055622867348963,0.19667309194127436
3859,0.5797373417249212,0.5323580069474542,0.5719149427802523,0.2950314338515909,0.030472040815332835,0.09624280462410463,0.3913903139768186,0.5386856970641445,0.6516968268692218,0.686653139546898
3860,0.2760711637815217,0.5694317424021251,0.49763133102421175,0.31491991643240236,0.5129887689703939,0.12597020406356277,0.444250055549923,0.3514696543282763,0.9221978925694279,0.7525253138442451
3861,0.6399812634342762,0.6385914219941285,0.7566564802718393,0.20989209620960084,0.46771782793690514,0.47135725348025004,0.5071951351876931,0.6186889375154787,0.207346125894932,0.017205764068414398
3862,0.28190291699026443,0.82654425048671,0.554889966695986,0.9841506842775458,0.6640201167439302,0.3884327551204647,0.35546011578972986,0.8257142816500154,0.5460153673813093,0.617864044226535
3863,0.8151873701017097,0.5967754877393348,0.48279779388608524,0.016058441587614186,0.6367199144197463,0.05661017477074843,0.4819771442939153,0.3737395074071361,0.32417491542618365,0.4166840666930573
3864,0.18152875876110663,0.7485188931622889,0.7580412111563978,0.12729178128225796,0.5434636891259393,0.07590705549971313,0.5851129044331558,0.534974257133644,0.7970721450398988,0.8851272013538953
3865,0.2991108524953314,0.280758359839061,0.7337632103592379,0.8366560182392796,0.5574522675602063,0.18843857385218662,0.27998031137172313,0.7749107898189022,0.3971530416033536,0.9437347526319966
3866,0.5839937279695883,0.976776881936709,0.7249421607628608,0.13820610487530602,0.7584654449508188,0.7301330449461322,0.5554511078341546,0.20842611291851,0.6937353083628088,0.5837256264082354
3867,0.819243652547883,0.03159344839799053,0.0,0.2808068957723582,0.7193763313581787,0.21235024783272652,0.29772861722673666,0.6101982160408594,0.416776041044911,0.39957476364190303
3868,0.5646871881994684,0.38639254417871843,0.5828721847575153,0.2628867242240094,0.550134506725126,0.21045085054150564,0.3014219013545169,0.7756993302634934,0.5819825671226908,0.9380710762029134
3869,0.6114432941818806,0.8820327290200416,0.5403400713431067,0.6972872741111719,0.9118599916994481,0.7561127558125703,0.3766104769444754,0.05160668181924853,0.48152501039286727,0.26975584798110186
3870,0.5085556591960578,0.18026936578666197,0.4942792692677589,0.4113712750445422,0.3753675856669503,0.09108916008789607,0.7508447279481165,0.2533043371598595,0.49952213452479427,0.4925228054635007
3871,0.3115927030849162,0.1410712706271469,0.614502423845815,0.8409556388591497,0.2675809211678305,0.6444367002357997,0.1824308600435463,0.024698506947563495,0.5655238964826255,0.35308512184078333
3872,0.41277078380814286,0.3652395788071642,0.5493738653649637,0.7477521143898727,0.49478145368431503,0.9999999999999999,0.4133007403616657,0.00584122770321166,0.6768282116828408,0.15357854614943017
3873,0.27659163993066177,0.428024696074073,0.6271893158682597,0.5313266385118616,0.4245728374320081,0.9999999999999999,0.4940252016462893,0.4773597014817239,0.481373321134451,0.894296613424435
3874,0.2639882021777154,0.9333945676226759,0.45080738123662634,0.2491572124611167,0.020013842988994557,0.6947809152437202,0.7142664502131579,0.7005657930217862,0.6714811004817887,0.25044138978293745
3875,0.5810462922122916,0.836087210242667,0.7801854279903876,0.7927644454286292,0.3706896492577736,0.09988838115269069,0.8583285990982426,0.3827188765652864,0.6993076938295757,0.7953332769043191
3876,0.29333296907469664,0.463931748259389,0.6460508937944985,0.8663700674921099,0.5633365202024465,0.9999999999999999,0.4210361213191231,0.620925742598006,0.42289926705088016,0.7531798369586264
3877,0.565538288893392,0.972988966962258,0.6019600175162706,0.8366483448744284,0.4856536763667208,0.4306919929727652,0.5984252231496532,0.1910384125633458,0.8602881120895853,0.6668211023759124
3878,0.25962743182651205,0.6421806557714391,0.5928550422889536,0.051718331820725855,0.34668909047173413,0.09594278939072565,0.4814597138211613,0.8364064464465312,0.6437097181997582,0.10893291475526368
3879,0.5611665373354587,0.8736390774866949,0.7166091554126834,0.698260822791354,0.5050647237860912,0.19912833552686676,0.4802750627488069,0.3622565119511762,0.420180831513334,0.4006076372878814
3880,0.413045450805614,0.24582550217700067,0.6913215410081553,0.7042435298009513,0.5206833791292094,0.08156810937985108,0.5493278157833208,0.7071031382711507,0.6187925477701908,0.9268647558585656
3881,0.7706380114299649,0.4888145803171444,0.4797496098019095,0.9434905485373357,0.635192628103229,0.8981585994276214,0.2063651018873614,0.12945278808244004,0.6994201284465078,0.3658801578849822
3882,0.5663240931257568,0.02941271754049061,0.685469788332115,0.26358044196385044,0.37279416860412884,0.08879836403047671,0.4900704756776408,0.8180776673513094,0.6141676707391381,0.020258707202907844
3883,0.7384064161329835,0.008568664683197214,0.5332411196340952,0.7866896694441706,0.665905458576453,0.1925208478665105,0.5820770203440917,0.5178296088589336,0.5404925650941865,0.7255519224268534
3884,0.36267638593171864,0.7053767948802857,0.8582798046047787,0.6893945593381433,0.28591784211904847,0.4129905320780824,0.34026680505075174,0.9703391722008293,0.0,0.6875796551590858
3885,0.51583967177761,0.11801902234835375,0.7055026818261523,0.8791123493112554,0.3995110491479805,0.4548404625370269,0.5833039904795576,0.4050652284478249,0.3183637186969214,0.580126908240633
3886,0.3201417447048682,0.547678603803966,0.38410764286567967,0.6936080287688795,0.8255092537624024,0.6697728733374907,0.17998132553582474,0.8730057805718465,0.6310599998152486,0.3628282656426778
3887,0.4272105540631423,0.695927868090252,0.9354487402227539,0.8528278172151561,0.2988320466390656,0.08719595255415973,0.5161700658062889,0.41179833767010376,0.3145880746883117,0.32276893153830155
3888,0.4557947844827355,0.03193094006002656,0.10875963607202263,0.359721671948789,0.3694543261699498,0.17244729209617748,0.7465567286318184,0.10738833079553532,0.5997643535537114,0.2294932430202709
3889,0.3682966862176889,0.44857832948293935,0.6196450638660119,0.15767775351005794,0.25449210108116743,0.19321678811015114,0.45857275061591013,0.6875170044988334,0.6702221389503613,0.5917263041339798
3890,0.2759137097805527,0.6840683214642148,0.37093395451998856,0.36350009860514976,0.336862028939155,0.6325335142091444,0.3184182514205704,0.1825120981769433,0.48074667236921814,0.9961498567602178
3891,0.23855362409622904,0.8897167579566065,0.8517997306650479,0.815407746476333,0.5236410117489472,0.5946951569727661,0.2359476485354272,0.7998097190060915,0.16689120120724094,0.7834171045726445
3892,0.06379840210595998,0.2990165689166006,0.5479283728132219,0.13169135003169188,0.6335422899420298,0.19860409565414935,0.5709629957268565,0.33451158900120875,0.362173478541512,0.6548227747019804
3893,0.30594230679739626,0.9742308147634726,0.3527416424549381,0.6382196848751747,0.49327269731819695,0.13585690713553458,0.6701378805032971,0.7563530677014113,0.6322341065674593,0.5694795340797447
3894,0.623638391253653,0.8445120177170677,0.45108098830900967,0.9879915457225938,0.43407398218087445,0.4197576263302512,0.4885555042509146,0.48118539591518383,0.7409374039810301,0.705314999953615
3895,0.2036525687562556,0.650540144179151,0.36763593969625363,0.8954077539924954,0.256491591414453,0.9999999999999999,0.413348191105751,0.5367871613088068,0.10667395608160474,0.5018877098325312
3896,0.2471183598436305,0.3917432614754107,0.44375501284706387,0.671473139045102,0.35623103744407414,0.5648067470494811,0.14262594863194372,0.7345456420929325,0.5174933353962583,0.8474235408601126
3897,0.8431420440272912,0.711035859504346,0.43948973634019883,0.7929760601179082,0.19783249997663294,0.1244081507888127,0.5217908900784716,0.6649233151836135,0.22334644027190714,0.5818510474536658
3898,0.38515696136340943,0.8161542192284515,0.3606937456774054,0.11651083948199065,0.6393484573233712,0.18564616644399995,0.3717262480747841,0.6640822216573072,0.5193245750908144,0.24740830932046975
3899,0.5658197902428467,0.3030877168036491,0.5511468690349381,0.49904421160368384,0.6527942706948625,0.2292211016511352,0.3823357799704828,0.6588086010609849,0.4723098874509171,0.5632771167688355
3900,0.6264351459465911,0.9928506322982034,0.5737427589081033,0.5321381040597599,0.48905415421677334,0.21215899697618346,0.797157337150286,0.5850843190303193,0.9505658420571128,0.24536268373634185
3901,0.6302480459167992,0.9086115149327819,0.3149742167469075,0.7830369183558008,0.5822664300815164,0.1085342019615098,0.16648341319100896,0.8071400639073889,0.3997813395512623,0.5356431659744451
3902,0.21802652891656132,0.48535077767575274,0.19152105218063067,0.2827042228009541,0.6663649995096068,0.09665314035683956,0.1911808222713572,0.2996442093048191,0.701389993865748,0.8045946511871527
3903,0.46165206759513727,0.7227593545784112,0.5587731724333889,0.10651507123548987,0.5164543666379517,0.6434145637475854,0.5415885885439282,0.18110909685712911,0.6938216657332292,0.7275468299799539
3904,0.19993027844603517,0.5238712287219952,0.5999820363156655,0.6984160539693224,0.7664399797139136,0.5167181405982085,0.4278103843752435,0.7350743454585378,0.4651160363194777,0.2703111930842457
3905,0.9668023067796008,0.7608728504640693,0.6369634355521889,0.49280170550412716,0.2988485017500203,0.9999999999999999,0.40317965021369634,0.5396127591692532,0.52471989362846,0.7292814458606535
3906,0.20433618347593108,0.8269467954429451,0.603572793741594,0.8426626616161011,0.42943552553326647,0.4237073719584693,0.549213731934826,0.9006362514311433,0.502231562661873,0.12373449260094449
3907,0.30754720989714873,0.022915867308857696,0.7940861018601718,0.4816921562233244,0.40640377797193744,0.42207996014642907,0.5461245590400929,0.9651530208901732,0.3608418454701387,0.6453282192282871
3908,0.3089130861762455,0.0788442120327077,0.6867300344566438,0.8466412122416085,0.6220712470042327,0.550015547113469,0.3192558518164251,0.867136306298514,0.3444062995014833,0.3148305509649645
3909,0.22286671291124688,0.33626645227349905,1.0,0.5080495956998715,0.21947592976089486,0.9999999999999999,0.38972899581195647,0.5473481375978343,0.49909834135951575,0.6171273233573285
3910,0.7604455616033453,0.9176088134920662,1.0,0.7830396698191724,0.7769554391396913,0.10611821018411223,0.5080498358082928,0.7540519356414221,0.2858674245186364,0.8623563510222778
3911,0.9622986778625877,0.39809347993146366,0.17290246885421776,0.7210578113299198,0.6055402433452618,0.09951716998816719,0.5297335474040408,0.3339800988623134,0.40707722519959527,0.1337116154446622
3912,0.4154856502506487,0.8874972364388377,0.09102411556471021,0.26618581475609115,0.835432313079902,0.009419541450657713,0.5880728629405811,0.014195344087694475,0.46500641738065057,0.6964634798064444
3913,0.25611802993727806,0.4622754643717254,0.4994026721666943,0.3095215450375153,0.4890302439011461,0.5775220325288558,0.391303720301799,0.7804143123904292,0.5328832233021843,0.6833053382786188
3914,0.08319830697884699,0.2886358861921968,0.5948183195642951,0.8995903257742466,0.3904311177960792,0.47061795231306996,0.5629412074180657,0.7814431000038006,0.5864316244016927,0.7569144959925912
3915,0.45919005957206654,0.9006346368481436,0.48662888659201964,0.23109425086698956,0.6239799854242829,0.7843047407790138,0.6742583270719404,0.007467887798901132,0.4648409130321141,0.96930194436059
3916,0.445557132910752,0.5605454768848496,0.6319958760187248,0.6978024852437775,0.6962170980457579,0.12844407066023308,0.5075519159830935,0.8635971465638392,0.35603085249685945,0.48292997284795525
3917,0.38236457886166736,0.360291437438222,0.4503821210275275,0.14516770693837946,0.35868942216190014,0.35499592676476405,0.4799324119478198,0.8814504037649735,0.5829880671139975,0.1362553252090642
3918,0.5470145582225605,0.044107465808571805,0.37136225430903125,0.755486849866419,0.11048839308327507,0.6148330415737647,0.4554446359931769,0.320283306757615,0.6524081387819602,0.695932172757065
3919,0.5798056173258401,0.11065604806915118,0.39953428330839813,0.2233734192492818,0.143628484745859,0.019698301100899623,0.3849890038430302,0.016681796185442813,0.40983775589533716,0.5452817796933799
3920,0.5662041651358435,0.1390428209376634,0.463450568976821,0.5943196730423478,0.5474367633004641,0.10295915216145364,0.32583527243275084,0.8760286681250441,0.31546361398571227,0.8118945785690239
3921,0.44560251855057925,0.3646449016742524,0.6580925793494907,0.5644840559755688,0.7947922825797435,0.5243496526430544,0.44389497704724995,0.06998913626524399,0.41735995071889936,0.792977800663309
3922,0.2974000442033813,0.6072234128099868,0.410006049728615,0.2035887166550153,0.2452602857536464,0.19826817261046914,0.582084499223936,0.23178330032576377,0.4676468703196464,0.7331086602529273
3923,0.6308719832079767,0.3073794043510801,0.44688968470880275,0.4916103487281551,0.44419476951001724,0.5393784879776671,0.3348440866396705,0.5423603036909103,0.7196797749909516,0.3970094686862278
3924,0.507607925276192,0.06523522443497116,0.6071241319307058,0.8796336434946226,0.42947821023074617,0.5251048823102841,0.4849932582596929,0.8165031165341822,0.6339450923898393,0.4756639054591775
3925,0.6728564496898746,0.26458358797114456,0.46370643582506,0.6808234624202445,0.8683608880616822,0.23914880993778634,0.463582952553181,0.7817629179917951,0.501517879100724,0.9160504753170077
3926,0.6543132436450828,0.40850506054692937,0.7090428819576248,0.99309223726627,0.9337709304894705,0.28887481654991237,0.826936053373281,0.6810546608803415,0.8632325149511049,0.4359394147642356
3927,0.2369980589778785,0.9922903070101847,0.32929711949358464,0.7848962755082751,0.5789784979852857,0.22196267706154219,0.6322684985059213,0.8286518329240233,0.4955330005744832,0.5865794080653698
3928,0.234647160829563,0.39280501721578354,0.2888541143198168,0.6437324771845171,0.6705754820681332,0.9999999999999999,0.6292768313725816,0.6853125341167171,0.770729090782116,0.6834993813232256
3929,0.3626963848877811,0.08891099760516682,0.5575931358857706,0.5634421528507114,0.6651979414342172,0.09534534751240331,0.6686670098547689,0.6375381996149975,0.7341553900453459,0.11568175885396392
3930,0.3059575997695432,0.5809964225733599,0.5761791950344649,0.9378410544505231,0.24922884951015084,0.2729664246910276,0.39821738866128625,0.1672339119890633,0.7207388739262768,0.7694051551353978
3931,0.6477429197905338,0.9196359374360566,0.33946985397032436,0.5272368623083254,0.631991143862877,0.58095598243461,0.7529371854628351,0.4396391018018012,0.563154939165748,0.014889561217772351
3932,0.5715297427290674,0.7866466932033945,0.7513559408313999,0.4028389405736148,0.2996582313646723,0.1117039377851548,0.5282752091410636,0.4511073394080414,0.5243222763947062,0.9820793701159046
3933,0.7126338212682527,0.8361860180587632,0.8597736389159519,0.8348585893873819,0.463698129837643,0.2166434934146352,0.49066434346064,0.01793476055024916,0.5031198619730328,0.5683770044721198
3934,0.5800534729332298,0.9282305607313486,0.3836889796384606,0.940658123918173,0.7173339219478441,0.018805253049364156,0.27477094304539823,0.40521350173828763,0.6636530184091163,0.16800768194210236
3935,0.5446135608983654,0.636443819393757,0.7781563622394424,0.4791181698895054,0.5125325222236027,0.32194212104710923,0.4248022849353457,0.22666431751667182,0.35218722420844556,0.7841826877848921
3936,0.7316041485354995,0.9949440043467827,0.056523607672174486,0.13728246931762886,0.7101305775587154,0.392813665496962,0.17306499540033587,0.08915160713311403,0.4521849773796945,0.8445200129166399
3937,0.5938720199381756,0.03297827708073866,0.7014714748194716,0.6086337066377913,0.7481906603445788,0.3724188540435704,0.45311224347135154,0.5461093091436043,0.8188294739994579,0.20472195519187153
3938,0.518095758612112,0.8348069197083725,0.340812012167214,0.7412041668409719,0.15703911812698312,0.05855094393770329,0.39257005783085724,0.2365938377360059,0.6205716430831756,0.0411958244946537
3939,0.7845691923660036,0.8569853960878449,0.6828145181018415,0.37378888262784293,0.07565195688162896,0.08123988971514352,0.42540425571133983,0.1899292772189522,0.6834021966054646,0.5244688164037594
3940,0.5269784926905586,0.9166952633905842,0.3215072382253892,0.7482039841916839,0.7216580654358608,0.15141128656072583,0.2431772879951017,0.7867438285973865,0.27014733784289896,0.6405482159881721
3941,0.44782589767172226,0.47801632032844404,0.488008484074936,0.5312766269281535,0.7294560651020054,0.4369382080902982,0.6287305203903903,0.8100574818671511,0.4200610979108164,0.16821237546016943
3942,0.3471718485913669,0.7877072758019927,0.34969800740836976,0.30147564717921826,0.5465101873149001,0.4736947279022864,0.6082363749969202,0.6607216635240981,0.5655621520177492,0.5615824174439699
3943,0.6378891968445389,0.19483171554719528,0.4608932780400664,0.6297918550550017,0.5727430500983867,0.34466299192851974,0.8106938753682544,0.18921932456335233,0.49426163465861145,0.5263647885477735
3944,0.7386455879007496,0.6030192637672226,0.8420541597292658,0.38910741542319627,0.669617501384768,0.5048749103392837,0.8054700503816048,0.6325394469464473,0.26934974620937685,0.8635958220456067
3945,0.4957024072696165,0.3584516740368937,0.4806511781456897,0.787168564304222,0.6660122537433458,0.4904101886292981,0.5277278789224196,0.7132221506086148,0.6464786517038528,0.8158243383664364
3946,0.7520159522111944,0.5960603413159321,0.8943433877154637,0.003062197798343852,0.43804037379023525,0.20957049049729992,0.6877380135370941,0.23288951143025854,0.7068298515010702,0.13190359994096523
3947,0.1335572437247574,0.6754739919165345,0.4288287173932154,0.8185356132070517,0.6817652180033074,0.2579806979350498,0.5471203411156427,0.13245621527897788,0.44793034711624397,0.7070052940753193
3948,0.49478432695469804,0.34687128120402805,0.7789888850330488,0.3066971975554508,0.429860500477645,0.2992074151809097,0.4200530385481624,0.4332405458333267,0.6533133338222361,0.5028395326681262
3949,0.4976820621435936,0.21599675679743188,0.19759636670710592,0.96004919335383,0.5439872171200967,0.12306322922920453,0.44758864457748676,0.4240139114226892,0.8876261558766607,0.46622792025539417
3950,0.36808232447568817,0.32148195697883175,0.44734839850477903,0.7594951911087763,0.5355675947418302,0.010065300954788081,0.6167955993671015,0.15282929744375645,0.7919211376459978,0.16228466680828418
3951,0.9550183586537295,0.6638668136126965,0.40079888754335957,0.2411320279602475,0.3306389518864078,0.03369490555334199,1.0,0.1912668377971436,0.4564334155409873,0.7476331104081305
3952,0.4927581133899183,0.6767881618309572,0.7875566667656003,0.9792306169904053,0.3531638956023833,0.30757225701641333,0.7142104563080669,0.4993744268096455,0.29249453192312863,0.8683630258850639
3953,0.4283189111993438,0.7412526144386853,0.5353292278017587,0.4997913849786342,0.9290151607555486,0.9999999999999999,0.5443713545583602,0.5271984524533736,0.5458661868649286,0.2054605770172206
3954,0.510145273538554,0.12626479057127843,0.11136249493566905,0.5231453390680592,0.32436288762122395,0.4995113109963867,0.5881721076140365,0.5376413313413603,0.9480166372074796,0.029345829216927966
3955,0.12736899637425964,0.8184791248339125,0.25644751396220855,0.9099176905911415,0.5684379900310693,0.9999999999999999,0.5865256664600309,0.9821124990532132,0.7563430332598855,0.6091293545671952
3956,0.361879955594743,0.6880655346759759,0.3119239188324312,0.9188067152151349,0.6090267284959199,0.8811026956873816,0.48224610366565474,0.03905845199256512,0.5009823864928467,0.9812872214780803
3957,0.690758254308298,0.030200846788895203,0.674977521642226,0.6971841486056845,0.4863909151928949,0.387570496879842,0.6384851437306156,0.7862388709604411,0.7989350993412827,0.6787986955435918
3958,0.3865815775362406,0.3353965923417548,0.6509115867874139,0.9788809368784481,0.6267622118739218,0.5245532823681747,0.4702205134345105,0.35146665918450765,0.724171439220163,0.2526597870793872
3959,0.34886011733856326,0.4665542513058511,0.44475790221259115,0.3290024957824229,0.5010879514399724,0.0009497845435831374,0.3122674919256669,0.7528335379517911,0.14128803709046928,0.872730228397284
3960,0.7523197189778027,0.36042467775017367,0.3984863760789985,0.2324243198125007,0.3285475304544363,0.2950611342245488,0.5877791288958139,0.7353546042695074,0.7038291749760808,0.538037443523416
3961,0.7581174230671223,0.11714199218186645,0.6343844752286782,0.02925094488364488,0.6007128649315011,0.2347786820468246,0.6124441296376923,0.6196827545668325,0.524703092906984,0.509731588468075
3962,0.6027893214033478,0.2071017408280601,0.2901298690434848,0.3464851711970577,0.3915168005240309,0.19635659086972726,0.47200258395450295,0.6309991130407315,0.337508424473208,0.0572209512542432
3963,0.41937832176031237,0.024255158937907268,0.5861344339855257,0.6028915888876454,0.8335705206796198,0.5172312581498697,0.5560789076234167,0.6634631285522189,0.519476913024927,0.06061241848952792
3964,0.4600650619552658,0.0927940503492776,0.5702541384753942,0.305500419115631,0.5798823036073256,0.12729262278879852,0.6762034651181148,0.7475244159667989,0.5808434926770192,0.5792785364103588
3965,0.35352510803629006,0.26607547173878465,0.4495713274884068,0.5798679058957005,0.36144910830903154,0.21837207482166024,0.48934602406505806,0.13113184244624643,0.35127530759054165,0.8066875787799985
3966,0.31755956631271504,0.8199324905796597,0.5749463654419421,0.04838878392526569,0.5630859159977322,0.2392139118016958,0.41642714153568333,0.36050352591699963,0.47936297989904947,0.7531580479360571
3967,0.3081931771867515,0.5041605632076909,0.5198212800170843,0.3542348642161941,0.3179858481901489,0.05397812041667491,0.36802685613526803,0.8419941773566345,0.4392972125432309,0.9407670918864723
3968,0.3886364110372847,0.42432663852659586,0.5935477361642612,0.7483300911493599,0.5467392947663825,0.1101177253407221,0.45207870659970567,0.5476735772346809,0.6532229843720749,0.5027340642976692
3969,0.3100224608318945,0.6620719068636544,0.25197671608076544,0.10435565109643008,0.45322173543218924,0.21219986751770112,0.7821149992296343,0.1364510825954165,0.44488330776440693,0.6207028171189585
3970,0.21021716447789407,0.5413788014697197,0.615383121376949,0.7151473677424568,0.3369384742396546,0.11441836242459487,0.46230563521446916,0.9617140477818101,0.17919052600309754,0.6271700514900372
3971,0.5466423838178404,0.13124378866430347,0.6922378957814338,0.7636433457112192,0.33450705105689243,0.20753057164085967,0.5652293466220208,0.9879192697082076,0.4171253659663316,0.38015992735800685
3972,0.5495088838107605,0.22238397636168927,0.5606371914972829,0.5690041577640295,0.9678602445593879,0.06094515816610387,0.43903486447377366,0.5124431430354687,0.32235508406674745,0.002776514380572803
3973,0.8261414633357885,0.22228293943832753,0.6129053147731927,0.8864763205128736,0.5145555683915741,0.05422879308297815,0.4232122937592981,0.5329736824347885,0.2563038849729283,0.8388955867442852
3974,0.37914915911043673,0.5998404786817216,0.4802816329481586,0.954983810721534,0.4133677367870874,0.5052539619024579,0.3366620180406377,0.2916427967702363,0.7263858023963441,0.06703431412696614
3975,0.5611132501806707,0.4614656446967871,0.6670108472344793,0.03467420248258682,0.3798701299419137,0.2873690689486953,0.5174076764722382,0.5159300809923543,0.6548014073976796,0.959267678265453
3976,0.5642474927087272,0.3874013518331788,0.5129494293841049,0.6793764723514074,0.5880141412550423,0.057353793154941164,0.4034959696163038,0.9688548851665811,0.31844295175148024,0.8438494925389719
3977,0.4573544846122884,0.5565125201314715,0.2866949550047818,0.23726446559522027,0.3733753419813774,0.23719866731344824,0.733914859908998,0.2541626154744466,0.2609852937155526,0.10372892758775826
3978,0.6456829469966554,0.9701286868069006,0.6537479392326511,0.40835201637451735,0.28514897057033894,0.3026171369958658,0.47907003160215994,0.3042440493297313,0.48264021703634125,0.12197473934198111
3979,0.6515121281802043,0.31398497469935244,0.19601979864607136,0.6234219773408748,0.4906079937730853,0.1436766967782795,0.49068917141211893,0.8975235827682965,0.2507089538110259,0.7371063226060809
3980,0.5670207134168267,0.5041605632076909,0.5535183363567815,0.7125810012241861,0.4891467110834576,0.01697476321852481,0.4656596684567961,0.3840756727002286,0.45614730669985754,0.5436416455005101
3981,0.4570144677785846,0.4802176210538725,0.4291251917363611,0.8405585632125787,0.41621192584901423,0.03073257037326448,0.5673723040416963,0.9725998840157272,0.5155372772730662,0.6488943208972644
3982,0.4377904469014576,0.7165703823944338,0.41720757296501365,0.7056924786913802,0.32447768148472317,0.027703080352937035,0.773999671785399,0.34924577088916864,0.5599870020957549,0.2899116963228364
3983,0.247187970458147,0.7302222247525556,0.5328562875111282,0.7777377135969449,0.42125329100535014,0.8783974306475496,0.30705231539279915,0.0040594650295013995,0.5667596275851381,0.88368983221685
3984,0.35319156777570815,0.729002266569733,0.3685018893848798,0.5993278046782362,0.40603719553431017,0.030099494783477947,0.5501655466363544,0.9537858482791487,0.35381730977836906,0.5429471245853865
3985,0.38789056252396586,0.20127306967265915,0.5963053590853812,0.11709373742086807,0.37920366195263794,0.46148772810194827,0.20944354260352455,0.23657045089310313,0.5155458826290014,0.5654457089240527
3986,0.2931832037451746,0.448930185414364,0.5113734479710027,0.021420934504410294,0.5503604424135019,0.3012260455167484,0.7246049520697606,0.6940074083223805,0.7454186388265043,0.9905886087517686
3987,0.588248912697916,0.8111339473513881,0.3856584234431223,0.5300077491974958,0.9274907818235323,0.9233904492998978,0.4789527844947297,0.0468391872947075,0.10373484565490992,0.7715381281195772
3988,0.7310189000073092,0.38134441620757453,0.7503459113509872,0.7158512840211573,0.7544773774556983,0.5436046285357367,0.22307317054991244,0.7481759390817392,0.5640164515343913,0.688792384268437
3989,0.33391957661801186,0.9842727905239242,0.5389722028774572,0.10889646929031568,0.8724977925694388,0.24643841095377797,0.2635075151199396,0.2196398055927734,0.2782850639674535,0.8666450768623037
3990,0.5587248030838495,0.3645953363325373,0.6184228067124257,0.4294743769602557,0.38707089917429943,0.395761004287334,0.649079953005633,0.8002090106518007,0.7688514324068207,0.9909535338734616
3991,0.31013752359475366,0.49752027065231413,0.764968885824591,0.256276110120381,0.8208080135010105,0.02805487047403993,0.1917575610852676,0.966668622131223,0.6573556152141149,0.8125282500659077
3992,0.44771617156456217,0.47437122764368994,0.7619084545526355,0.5673349305104853,0.540839135017501,0.22646791085808865,0.5502539166232208,0.04468063742002616,0.6513025232876724,0.8063816695233174
3993,0.375,0.4334956439200589,0.6089086369300094,0.3906633184459438,0.6876673106225939,0.0331016588057212,0.41983282417124484,0.3676615204117689,0.3400161477358577,0.19129145620444704
3994,0.6188086797372525,0.8456022542219452,0.44433665158638647,0.20154102158959633,0.585410196766292,0.4344192761164523,0.4629700235627228,0.7156798826405061,0.5522626058847082,0.8733420281951718
3995,0.3771775575469993,0.15501311921042893,0.23414744718245165,0.004375488072010825,0.4304806147857945,0.03461476833837918,0.37457158910051797,0.9965237812168127,0.5734171838351947,0.8812112243883607
3996,0.6961204395093725,0.5675417749257017,0.5393280535739257,0.32165389933276034,0.6360482018517263,0.21093286413531984,0.3230914148941117,0.36271086629543253,0.05166324838176961,0.5970312352508954
3997,0.45888590745762065,0.6184958377285136,0.7049164333467197,0.5163805749595365,0.5906765599089706,0.0994884792837752,0.40896675896716633,0.9950673517294689,0.5299747645043276,0.6506100879035375
3998,0.38268389308665257,0.8511940806496053,0.5668593233612227,0.9296177065715825,0.15486252015588814,0.08596083027935289,0.6044423092743256,0.8992087122040452,0.618649261749006,0.623752785569208
3999,0.2687813973245394,0.6090912471976286,0.0,0.2275615121554869,0.4728688207115307,0.053454574451722095,0.444919892637387,0.7192155596444999,0.23350023176858575,0.5449241294507106
4000,0.553019895986698,0.9600298414695199,0.6630440060431009,0.5124716951474441,0.6656244855175493,0.8317517132644785,0.5766291136776278,0.3815755439078496,0.6165052657425152,0.18333330254113417
4001,0.674150915563704,0.8721475545270398,0.6745017450153908,0.5667381401709798,0.5505386942398752,0.7761244208531166,0.454209038857367,0.5366971426460371,0.5210725513313161,0.6576853973640189
4002,0.5568153932702213,0.34854312689002176,0.4446044608321199,0.6495073576698394,0.5876862566995789,0.3587818810384003,0.6116890126992942,0.720251184658099,0.7645530659714508,0.3793699314106423
4003,0.9276551569109388,0.8598821492186831,0.6851063630383876,0.328698397105905,0.35153203942256583,0.6101539997595418,0.5754684354322788,0.6856101849025155,0.4236605609070149,0.5364770532939951
4004,0.775009938871836,0.9584867871498609,0.6178939944830495,0.09950837940456783,0.5464359093696453,0.018983679346961647,0.3991350669347928,0.288016401496158,0.5358902973653901,0.9011114232736964
4005,0.4472245650200905,0.25696946257837994,0.3729370189818011,0.9217612477599662,0.4782425406400556,0.22219139085306444,0.32293869205295883,0.5570132054540042,0.5669748932558396,0.10912138402772276
4006,0.4452435555153362,0.6101002343674192,0.7378733643927777,0.9531748947832002,0.45752443661304815,0.08064032500413595,0.675237155201462,0.8350056584896449,0.0,0.9554582219146841
4007,0.5938662427079444,0.28158449909020583,0.2644020668494159,0.43841368170941564,0.3654911747027202,0.21462096290131719,0.348824018651321,0.47481645265035466,0.43477883972054615,0.5681705199439528
4008,0.3471348833647854,0.6494719907853854,0.4901052302766893,0.580823050293382,0.6738370485216296,0.299965087090557,0.5913076334746958,0.5660444434433953,0.5185356454038643,0.9498248332558346
4009,0.7252946280253056,0.09335988445572645,0.4715008547307906,0.029020510656783544,0.5010879514399724,0.030996248340135816,0.5046427899714652,0.32717712315566905,0.054454797195991944,0.20060009443454546
4010,0.5734713528195559,0.734121294181706,0.3468404160035813,0.04721813407675038,0.5441800009653175,0.03490417749800715,0.41346411232480623,0.15963347563391245,0.6302277833307657,0.05422995858870927
4011,0.5536339151898414,0.41964699752357854,0.5574373809129258,0.07668347041635029,0.8935552780536012,0.1550753881988006,0.5781484872302465,0.06544767795607352,0.5184543606930243,0.6209910217835093
4012,0.6348568754446614,0.5871908767799204,0.7451593396891208,0.7390672362234886,0.5885234478606735,0.1413156222650581,0.7512985954670146,0.40575041212726537,0.5173824722727458,0.5268365164639808
4013,0.8302992852243304,0.02555660565838955,0.7334796656047229,0.22731987714429516,0.7290864872406746,0.10505387227644075,0.6143215168379021,0.6316151767413967,0.6391519671437116,0.734874965025009
4014,0.5375016579763171,0.6953616500490313,0.6357414133879468,0.1845129068202974,0.549670441169055,0.036112129655253636,0.5227614946688517,0.7599449804340964,0.4240904772527608,0.601429465232012
4015,0.4839191858180067,0.49584423195142824,0.18449878923546761,0.008319922543045394,0.42856636832028994,0.06987800624938988,0.7980918480968875,0.0835344456098283,0.5103703032723681,0.5142599163301401
4016,0.789902349227621,0.625147512330797,0.25163170037356397,0.0228888395063023,0.2920118911267202,0.050761636497290194,0.18997970890996546,0.31812421563773013,0.6664893698067071,0.9025448042923795
4017,0.6877980510626831,0.31545998868822844,0.5317709512572617,0.405551170595723,0.5435692262752653,0.005465695804065673,0.29368800054365535,0.8078681148084603,0.5126800717687987,0.3233683007520268
4018,0.44468651458003755,0.14555486387579686,0.4943964283185138,0.5419081081770387,0.0,0.07636458096048933,0.41320805971888347,0.1117542613413778,0.1518606528371353,0.2715017913323959
4019,0.5062254557773604,0.43526137920467745,0.4078913500955189,0.5793065721737338,0.5495803521448248,0.9999999999999999,0.7607909687058931,0.9933669588994934,0.5119363912279316,0.8039848120876147
4020,0.5421101150177048,0.9439832008439691,0.856115783708194,0.45810278669239357,0.5578844350213444,0.8217506224370933,0.6728726266275511,0.6325346116685756,0.5142873703284538,0.35159871892795613
4021,0.5735114313692462,0.22755638435776143,0.5205235857052306,0.45975363746999287,0.4547943388531611,0.09228406474227109,0.18222662853484356,0.9400685010954134,0.6732314476280503,0.5630524575739068
4022,0.24929244390712524,0.675752590792531,0.6019387851019619,0.7534697354923833,0.4790116554487917,0.375919524035277,0.4183883316776918,0.7301922632716779,0.43693359509533597,0.6140282929168266
4023,0.2142209128926565,0.049545841118918944,0.6850191213917459,0.2896842242842581,0.2548676481458398,0.34696099576540235,0.25464097061612573,0.9639445609705485,0.3163479701473884,0.29442291560351597
4024,0.3378199129992949,0.7180276275889188,0.5110306346754875,0.23780803131057213,0.7648911960545904,0.12556549218647486,0.49144199406666184,0.6652005449743468,0.3169697398789179,0.3557093768748745
4025,0.3232263142980263,0.2382031367114569,0.9840031827204591,0.8546983294299382,0.43164432290967103,0.9999999999999999,0.6653065547081998,0.26767930353008657,0.7762075666360031,0.040640653910403834
4026,0.3837743685925204,0.4513549273885751,0.32540568622155264,0.6895619439318509,0.308848676380877,0.9999999999999999,0.6789276529168731,0.8002294420205788,0.5570934137948025,0.2794932088485941
4027,0.6250000000000001,0.3675626963200764,0.38775134609613193,0.4770667829069246,0.6022300633225792,0.060152516334167586,0.5483571440413006,0.22564457826288464,0.7665035702728664,0.3260524562219299
4028,0.47337445205138157,0.11256390264694138,0.32494813460955396,0.27551239253295545,0.5183010583391181,0.3085700389031415,0.4204834488065436,0.5648066019971736,0.7939966304847876,0.016745627359146364
4029,0.5423013713009328,0.3453840651840903,0.7922102364197837,0.13662546289181857,0.42756613779098157,0.20311151657999235,0.48130312773602085,0.3727138795760582,0.36088319498975435,0.8231587340063172
4030,0.27425327882621037,0.3499286042894787,0.6503667190636812,0.037419179673901015,0.40712116112199914,0.4968992281858051,0.6249805489546212,0.7990653839299309,0.3463650168976777,0.8853476775221609
4031,0.418147251793992,0.5219673307592653,0.39929910231651133,0.8527385974089092,0.4957871422699541,0.007306734626561783,0.9320164278208216,0.7594203390572195,0.4778829323471094,0.17722941096516986
4032,0.6160468792600572,0.9723651885582915,0.3396718510773121,0.593639488628565,0.757195183877613,0.2673618704805218,0.2802380822508041,0.8638944418886695,0.6188645912216533,0.6054191260487396
4033,0.617498683572948,0.46986163381830537,0.7590573010657938,0.045831347595227584,0.5877008487458748,0.1064449626610149,0.7920709056510302,0.2465360085974065,0.23587263419063437,0.44193441364805053
4034,0.3685390170689747,0.9144202606770976,0.5682343370709416,0.15864117409380654,0.4902223225241092,0.3719946043264131,0.5439375300094647,0.9976456160296095,0.5885622374521267,0.12776396429672454
4035,0.5357483214249442,0.4613989145552979,0.7638180651878431,0.27967375044640674,0.6617616849417773,0.1193542366230737,0.6502540523121709,0.8053318499788804,0.5789396003555918,0.024903022740327407
4036,0.9201112702631367,0.10726507238329362,0.4895635198690109,0.2631734756395191,0.5022032342069925,0.5475206045816514,0.5330714569710935,0.38638511655163943,0.2883369528731408,0.6635333302802093
4037,0.5019266470414154,0.22991604912896466,0.5961802779393335,0.5486242578762298,0.5745489361712559,0.032895786760404014,0.7579993294048306,0.1271729279870611,0.2949994614273502,0.07963243497823452
4038,0.37446089052264087,0.4073406928481586,0.5567722974796603,0.39960830620247956,0.5261100270781043,0.12928799835979882,0.5597366083402204,0.3490826047722969,0.5865862546789309,0.8910212009395995
4039,0.4724625489710364,0.3251640634295497,0.38438701054021773,0.882603589252082,0.6109573717328528,0.14906986253870524,0.379199991919189,0.10567731092264411,0.8959702171549,0.7896494938168179
4040,0.522638289416588,0.8658069904972041,0.4738988457117317,0.7197227185321287,0.410968270975945,0.40950251041812846,0.5819581427391882,0.6152065965954964,0.4461234323350038,0.7242785559125343
4041,0.47672544007218215,0.6785601282147852,0.2799135852529422,0.9111326850170818,0.27649796068669497,0.22177315694351749,0.7068116606645505,0.11242174955631316,0.5647864270898832,0.8427571668024478
4042,0.4993311085815147,0.5781891128339655,0.5929299371183101,0.8631966779822244,0.6722868837291761,0.6823321406084337,0.4989452257545223,0.4302237690785886,0.3872025418033587,0.10656334937782541
4043,0.23290672508067495,0.49108082188200297,0.6427507685465774,0.9217741470081491,0.787971833829443,0.458434612005882,0.11620846118569556,0.6674366729383818,0.5470687771391758,0.6268831816642565
4044,0.3236240320222804,0.3970901765633606,0.6854419667632287,0.9804434667703263,0.28567835811075903,0.6770346827906825,0.4776988036373771,0.4527968449756109,0.38333143370992356,0.2063451886124814
4045,0.4770713057277353,0.6120845370372078,0.6250889030542045,0.3118207162196369,0.5315576985124685,0.856356644868835,0.5169973865745454,0.8816626133365363,0.45294842888011394,0.5197343799940286
4046,0.4740652209509851,0.12433469623061606,0.47687047304560803,0.20975790688833365,0.41005413128278756,0.03930106413484437,0.4906158540356576,0.24057731604291183,0.9674208792549219,0.3585129287752007
4047,0.39842198793765654,0.1622735195327731,0.7902170368019231,0.1652091613771157,0.6677472529681039,0.1575184187604629,0.40748305815122726,0.5236654161288954,0.5224824187054704,0.1223358835412362
4048,0.4718491342493372,0.30290413337288424,0.6671928524337868,0.6283584318848672,0.5445858033950012,0.5059974051372387,0.7430210553348564,0.9132137741731917,0.20498078577132012,0.734522907865379
4049,0.5167587976825914,0.1709278677473344,0.7597390924008472,0.6812610138307313,1.0,0.02256020255774506,0.06105957214271224,0.3528593943395153,0.6242679817375278,0.30182941430606747
4050,0.6730556760365405,0.6770127229497112,0.7714399104590864,0.08785869227483764,0.43857239467658415,0.15655063653996715,0.516245860499172,0.4724487686408012,0.7166899390794819,0.1228501938438667
4051,0.4865282831539543,0.024462155274423834,0.47735731667667824,0.8214304263444716,0.794231914243256,0.2732375765310289,0.5188298737295327,0.9328908474894956,0.6304720754460369,0.8794130258537438
4052,0.5805471160403107,0.15991702790416507,0.5731189853807145,0.7834078609018904,0.8130597870956688,0.0745614392903917,0.8854357933041133,0.49907063372272686,0.46855776891367756,0.13458149509151063
4053,0.40306127605725667,0.9025982257978443,0.6452342273912257,0.6287440775710099,0.6000900613646033,0.2781101322309777,0.4962421671789469,0.8642414308084327,0.32786186364744246,0.20536843758441614
4054,0.6131862230507212,0.9975653063406357,0.286471065917574,0.43579381712103393,0.5040507398771586,0.1433794492614008,0.5811305576504051,0.9405115405253407,0.3325320957234999,0.023653687395725986
4055,0.5761372673219953,0.48744052023844703,0.2906054182791806,0.15370879441262494,0.5152220053932939,0.029691149362670952,0.5219722954813786,0.255697156193419,0.466094761375532,0.5185466036790561
4056,0.6686036501723502,0.4952227411474267,0.25846502654116377,0.5058058321053716,0.4988517142035238,0.19651860724938108,0.5163290611491314,0.7857888597544872,0.43245311725450636,0.8253059586645314
4057,0.6398580056458847,0.7733452686887414,0.48062091139222696,0.15922333968634325,0.7160887669514054,0.5144243701419251,0.8241966004514669,0.6536149809536081,0.39609087583830455,0.8512221570163401
4058,0.6163257313870688,0.03588726631237925,0.4386189050370002,0.6052381106676394,0.32808625522827706,0.039173629016950325,0.293789904492934,0.9868012196812127,0.7330258288170552,0.7437704811411991
4059,0.48667815154200794,0.42685108148156803,0.2330346567800697,0.31008821108557594,0.46573914538982075,0.06901318486949051,0.3757969886453157,0.5853853868255795,0.677143499842833,0.47131661267140884
4060,0.5514604559187253,0.09954704926828571,0.5286357914468071,0.24740089078644142,0.44229538933487933,0.1726699387264409,0.6380610340531645,0.792729821435081,0.7428433069441227,0.8894510058935986
4061,0.7059028811878735,0.40074717479915545,0.4829485968050655,0.44123522205124244,0.16298492873297765,0.19850553506135535,0.5462964003131436,0.34534759509847884,0.35236706486149133,0.7671225071876133
4062,0.38221770727427035,0.9838393681264888,0.7212638770423577,0.5809609521044724,0.663015292970468,0.13795934322623693,0.4466460054064491,0.6062199033599555,0.32720860146234193,0.8892388272281007
4063,0.38668300393584737,0.7535731161456923,0.8761931473833803,0.36761402299322576,0.7024752991825511,0.5094098377865678,0.4858868176225459,0.7785235921342675,0.5168419324608717,0.23942082590371394
4064,0.5394782103848231,0.9850638158105333,0.5859071632724013,0.9640278622224541,0.374202746206175,0.16213882669491336,0.6675377474439734,0.9669821784838871,0.5809783234664652,0.6012650016617979
4065,0.5835991903674814,0.7459859010924433,0.3708624908578607,0.0058811032275563335,0.6961334173428204,0.9999999999999999,0.5884116314169325,0.2514328929532971,0.5157277236417657,0.02151953995414352
4066,0.34975983786397197,0.6080007911590848,0.6213924612228273,0.9132621142394493,0.19055539827173118,0.8700938761891965,0.36735398940677694,0.07837144381211979,0.56803440536266,0.5214600914683797
4067,0.491141194411348,0.754160866576115,0.5025160733522545,0.0006651160904150577,0.5015112702091113,0.22994944960283634,0.5427788187648741,0.9763798118526233,0.8032681546366027,0.8768831310996466
4068,0.4875118308443555,0.6589995992818887,0.4559987800611085,0.2167924794095539,0.47245600080499767,0.16093630612016163,0.48971644656235963,0.6024675809289076,0.46065157179448163,0.7384561595907366
4069,0.08728221756041414,0.46390813250284524,0.3400961762212944,0.9967907652951924,0.5138508023441172,0.2874712261247854,0.5857051803172255,0.0166864142786063,0.6554802578936294,0.7761617158808338
4070,0.46381533978429396,0.29233054646135015,0.4142060564784358,0.7284113926613464,0.512844296722042,0.294134643029257,0.4396622985402991,0.5197603404284773,0.6005435362834974,0.3170495692770279
4071,0.4755652012999521,0.5200391004804642,0.467623850951256,0.6447758948358301,0.48197586825139593,0.13292738119375835,0.2759558032193878,0.9360915418635279,0.5202500434896002,0.3981191978581385
4072,0.47500387683470185,0.5041605632076909,0.6507416721026085,0.7264079757163209,0.4218720036455723,0.21505974679953105,0.6229676874694154,0.9845052038860796,0.6467219931275561,0.9862629420380897
4073,0.7723924375932942,0.4865260803211787,0.5960852132213477,0.4084649463658866,0.47585113151725095,0.9999999999999999,0.6001337209443804,0.32535241683841876,0.3562456315683427,0.2672317463233949
4074,0.2758579681399523,0.14587020277056761,0.841243297497504,0.7845515871931508,0.7605618355997468,0.010856195977499282,0.7600484174112601,0.7818545656065835,0.3180372034136864,0.08618349627045968
4075,0.3496624687554112,0.5652714014595084,0.6265422980770264,0.15492009646519386,0.3849378538839302,0.4745752423322661,0.2560428445637772,0.458428492361751,0.58437722956923,0.3889795793271942
4076,0.012394739364450416,0.24505195150688236,0.579910315091657,0.7942387018250663,0.9331218392402504,0.0444673045179678,0.4859192044354587,0.3976992558074227,0.19095006797228747,0.7672276229899009
4077,0.4145106710050039,0.29339267475897574,0.44367045811967587,0.9399400544123782,0.3740197604054057,0.5389587354529387,0.4563936203988182,0.758123093842837,0.5993232005536673,0.5235857044736724
4078,0.4305994490434832,0.4988820445541954,0.3072986877963022,0.8580625403063719,0.5433117919205233,0.6895058327865193,0.42579835050037224,0.2695716694871163,0.28781278111488334,0.043651388101148436
4079,0.40902772231905554,0.1622665819967289,0.39449841670662156,0.7399822958405823,0.6073646720764898,0.4839154467836332,0.21456573400065265,0.4260856673477914,0.7905158229731646,0.6647076553381057
4080,0.7142362906805253,0.9623901736919241,0.3702641861436268,0.6516580038225414,0.4404443015135806,0.19582673812504303,0.3021611139823089,0.24612025473314814,0.42685876827361163,0.7355941864751613
4081,0.6676226458301044,0.4467806391908195,0.023182897194235247,0.5213128637154254,0.7642644132013501,0.3422158091349651,0.5488207260086577,0.142156787602094,0.778224503916046,0.6027549027562294
4082,0.5199364123283161,0.3520836027178468,0.3126755837351597,0.3953860192145334,0.6023365871709534,0.08449284086784241,0.4066948719122259,0.37897588142833416,0.46208983280051114,0.17128826615318032
4083,0.4353220416456515,0.028891933564527638,0.7995864181374864,0.8660329490963311,0.4572441365757073,0.1882297759608722,0.34642142801113845,0.9592921025048499,0.45397368814298195,0.1910057603072849
4084,0.6988617250505608,0.843224446744153,0.5695234884527386,0.6477374608514772,0.7621176735519064,0.47366053957123894,0.7628339995260949,0.4185846008759935,0.6666471627162713,0.4073021468910542
4085,0.5015191253402728,0.6257306166882983,0.43056102147603026,0.43508132363596375,0.300454124329739,0.852692196433273,0.9368908588925853,0.6831042817847495,0.557798638559142,0.3581692757315583
4086,0.35086102336986597,0.4162311712723982,0.5750959083767733,0.7851338419680699,0.3874979456338429,0.47013193888424404,0.48849358120635006,0.2846869688062371,0.48946915629373006,0.10182613073930724
4087,0.18143623456856445,0.24530114411064496,0.13647948874119184,0.054109418762146116,0.6056942213155874,0.13932580117845791,0.22173261420381202,0.8653581657922139,0.4253697419562827,0.8593374905727849
4088,0.42198255216808417,0.7450743865529263,0.553391141070421,0.8134744187363699,0.6519031956173124,0.10640442476356839,0.5720479422787321,0.6247411157412482,0.42718589810578383,0.9246198626193203
4089,0.6476281763295937,0.9454791600347466,0.7390279869413933,0.8110562275583753,0.5592816546178119,0.6456414322287528,0.11412533502029537,0.9505118777620744,0.9500237688550808,0.14376647844821094
4090,0.9347694736168477,0.38062370815261076,0.47819350917348913,0.22861539564876485,0.4722753685647518,0.006150891610792696,0.24978056997298576,0.32559350901862577,0.18386994192658884,0.5623202613913233
4091,0.516871151022081,0.1346070650547608,0.1703126139169884,0.03766968813410099,0.44824170586420253,0.491689989306576,0.5752297990705051,0.5378164114815515,0.2736853045610023,0.4297474863345731
4092,0.3608445927266372,0.10891707616588976,0.4235829700332334,0.7140173475169851,0.7157214900773735,0.9999999999999999,0.2435871709099971,0.19059711039763455,0.7257245096391685,0.4089733712527914
4093,0.28167535574256414,0.006049593818073162,0.7393580343955402,0.1999444147356372,0.5433766737004986,0.06882502046048032,0.4442832809316139,0.13539890163967294,0.7114722866346357,0.5803067723165455
4094,0.6093861823105216,0.7438920097162331,0.5490144478578434,0.9964611794675018,0.32816314729882234,0.12576838854395733,0.2251554404856136,0.5851740327450817,0.3268851588250646,0.4548845637767027
4095,0.17231059179120034,0.9814120939388511,0.23627232237972604,0.009167425097932669,0.31700944251594787,0.3392724078666538,0.5092863940184249,0.8033765564823186,0.16921716650046476,0.45147223487663146
4096,0.6090824566433924,0.9928383159892293,0.9423338814075134,0.22987854494878054,0.7896223468028729,0.13094460768662455,0.7061594869039749,0.1993517802210395,0.743856638580388,0.14357953576441712
4097,0.659527435702634,0.7841474054268077,0.26695116654682116,0.04206251732521915,0.35784979904155695,0.03902026994798332,0.3858264598334125,0.7028092824570651,0.30327153488666697,0.7106239102328977
4098,0.5875612895231053,0.1619239916814844,0.4554767173363634,0.7829968757502065,0.5496314152124968,0.031204268364541207,0.49532311323045536,0.6714267764758142,0.40884059964771763,0.5799067185916768
4099,0.46380256985499085,0.9777249199006343,0.30731304446139285,0.5789427151119368,0.7581798179271297,0.0967451720874037,0.3483705899642214,0.48229467080574284,0.5204018522340854,0.05594469659294515
4100,0.6118362508127424,0.32760955856948426,0.30757115191044415,0.8488059639413817,0.6017360939746852,0.09858996954003821,0.36129702903007316,0.7668472181460988,0.298367968018833,0.3753977878944154
4101,0.537498454100138,0.33341768471734606,0.41645685933507015,0.9630373758787909,0.35032919703293375,0.08233981306753711,0.34550607062695887,0.593726544364008,0.6777640148178217,0.21773320686865738
4102,0.35843554760194074,0.6872544123554157,0.6194204146700558,0.610376550957377,0.30041499117793513,0.0001388662425644766,0.6439209512697135,0.9465551158516999,0.5061175511863008,0.3899286515393299
4103,0.8543707128229391,0.048751216052946404,0.7414597388940902,0.23184097053797528,0.8585650412706728,0.3691496216764282,0.23809459981330666,0.7636389243812169,0.3345727960091511,0.11880459622795753
4104,0.4388943245140218,0.8257339122466707,0.4287623974667011,0.09267285461386146,0.2954883052477963,0.17300978392664307,0.4376739440470821,0.8866085585591199,0.35131206382942676,0.6105251653401902
4105,0.651610825863263,0.9973193516213609,0.31239364476489695,0.8666406829297613,0.38986052025359136,0.1120815929549461,0.5745227317237085,0.36103315810164105,0.7485397296100973,0.5815014693444582
4106,0.04891844493136581,0.7750168485309663,0.5900453128906127,0.2452068736894489,0.5689301406816734,0.03048199075284794,0.6667763966820341,0.8109640479096338,0.44918356033720436,0.5927533606458077
4107,0.7460831623052352,0.7816257915006273,0.5955141629795645,0.893910413733648,0.4545407811368907,0.3286043584160473,0.5802040146425906,0.9921097722987188,0.6188776932053968,0.3660689752053119
4108,0.7823637330356975,0.39013088077983116,0.545610281125873,0.8786727754196904,0.6078673315791009,0.10251468565780932,0.4855038161164313,0.16299789553014687,0.5002442362792092,0.7220293420561164
4109,0.5108757558346743,0.06562911258338446,0.5522054191209076,0.6280790505521207,0.2129708202779862,0.1499593441698602,0.3939376521424543,0.510944377289651,0.16881366013309845,0.842641931830872
4110,0.6106722071274963,0.7926204441150041,0.47978795466998947,0.6042546935292142,0.45618086265868013,0.6468382929952015,0.6696396806456357,0.8623350838592394,0.6440257189453567,0.4163121316226934
4111,0.6106239344173382,0.5970451098188881,0.5190858343295773,0.9512450462301303,0.6279612304898324,0.13319685912881352,0.3388905539502866,0.39631490909267464,0.706149749882985,0.4330197471069713
4112,0.38397067288485026,0.9093310770799393,0.4669039554968508,0.7563439748999482,0.628615851777895,0.02628110066844906,0.341662126166326,0.5079961410552817,0.8521644146962015,0.898445535827594
4113,0.6084744003908688,0.11568751340027014,0.700377017149536,0.6835771528541729,0.38614980535437904,0.2006129550012033,0.7484609507433806,0.7475499662453244,0.14107108951801778,0.6051468304915144
4114,0.35267975477348323,0.3049115203611095,0.9163793287735152,0.43592214873540625,0.2992513431492676,0.18759657249138303,0.5653791076799684,0.8246714613613327,0.0,0.5096537797321299
4115,0.39039059988956454,0.360463354136128,0.5342856658183016,0.48420206362404905,0.5382157387009758,0.10190812738154191,0.5719007091541144,0.19908759204333915,0.623553445037133,0.7371333794668219
4116,0.7178712376465323,0.6831957986345387,0.4995554214820065,0.3890809360511629,0.243011892361983,0.0031700659461000873,0.6093465247928678,0.3907948486658195,0.38828209918130435,0.31010240701303354
4117,0.6891390055852309,0.7876965116527321,0.5484981733313826,0.9467375234441218,0.7452906366708814,0.23492236123196042,0.4814036346911202,0.3941923338974773,0.2304693844428532,0.032697773307501066
4118,0.3719725592701887,0.961030239799782,0.3780815024382652,0.6383937989105768,0.5273249493285392,0.8163215609922148,0.23363099561952255,0.1523502146164748,0.5225696113441285,0.7019075008234573
4119,0.3668404808342559,0.29519233634598774,0.6434463276880816,0.7807036725608755,0.3620955321903879,0.07470359949010529,0.5452495075155768,0.09063649185003748,0.41678307532400266,0.6460476360008005
4120,0.3834399280871081,0.493488491555445,0.5830586400951647,0.03719761603025054,0.2929086028701804,0.00642527326066764,0.4955412350368725,0.7446148636820268,0.25969148510810874,0.42850783272148385
4121,0.643476594673064,0.028656179009840747,0.4223652137639191,0.8527995696224004,0.3744274636499785,0.43041842520718415,0.3403946655201919,0.8519846262240169,0.48641185880860766,0.04578766916622001
4122,0.3165762637498755,0.2527587390678265,0.6690127396854599,0.417811358543003,0.1947579231952356,0.09881917171303672,0.297960220933934,0.9519774893600249,0.6097645470513056,0.9400712728049566
4123,0.5725491387748088,0.37381521343938173,0.5043226287155066,0.7374805659145667,0.5925815305332733,0.21634025443832441,0.4903189496929213,0.9563567505311311,0.5353739098064463,0.7307567171196638
4124,0.6461571254110687,0.593692098135988,0.31986968390735004,0.040024496860250725,0.34158548009902123,0.6963180865625036,0.24837245515281065,0.9947715210027869,0.5368136722912442,0.3855099264223648
4125,0.4885973307113292,0.47068988435794046,0.5663538501529782,0.8942655357689488,0.5741851936676855,0.2386889142145687,0.4724449120016672,0.08247254946046782,0.5863825678453052,0.20100513876662346
4126,0.6958191813256415,0.36428354912057126,0.5449792108330526,0.6601301796385378,0.6008537617885751,0.2462152743052518,0.4501866367572677,0.3964860415682274,0.18081350178788208,0.5553196852880067
4127,0.44783164003101844,0.623974075255535,0.6798950138001718,0.4576922074108051,0.683727922758897,0.12197189527624122,0.47692090481941846,0.08163492223167222,0.49239560186606685,0.02120027794742224
4128,0.4648980216857073,0.8285808200005856,0.6558610843042023,0.30367862971773885,0.5455919848368278,0.11350085921240195,0.5732014309827096,0.6777660799278171,0.5477281419752811,0.45717371148943575
4129,0.32086642591128983,0.24144817776909555,0.4804108720329856,0.3111481110376286,0.7145287108738659,0.16439654032303838,0.613665134312124,0.9724640538266337,0.43034022704888025,0.9883981018062975
4130,0.6971613388392587,0.3426770785975467,0.4127389136391574,0.3035185815207142,0.7649892277782517,0.18625530407810703,0.36762445086870993,0.03613216253028041,0.3445663064653229,0.73918711214734
4131,0.36062480093468474,0.7048470448906045,0.5011063197158214,0.13106693770805974,0.5468236465139651,0.11272040324163692,0.6593945629780289,0.5261047224495138,0.36038246373055866,0.9849357164719864
4132,0.5712395895985861,0.7778886381391713,0.568536677317655,0.46400385955082357,0.5584895103714341,0.4028115133222092,0.45842871469271856,0.5330429895576474,0.4464032034049978,0.39597912445413963
4133,0.49179145699056176,0.8253609282292399,0.5909992500135118,0.4536759221500205,0.3890472431643255,0.46401798915548903,0.8224146399975885,0.16280784843719598,0.6758546244942503,0.08706977894829976
4134,0.3066146260852564,0.20908734516144775,0.5569932115517655,0.412107094961075,0.3058443745507863,0.024040488801735673,0.3908872726001152,0.8334484543541096,0.7922812178336602,0.9651142466543874
4135,0.3903252773105896,0.5391344451450424,0.48385440164059657,0.7033987421840535,0.7448658538596566,0.14612140049797104,0.20159251730415867,0.39441006538598167,0.7535689538473684,0.8652448189953393
4136,0.7661582805076851,0.900000338299093,0.6866832488461572,0.41998892601757853,0.6140451064877495,0.22268439827153616,0.6527244785589552,0.4201690179569908,0.2056328534755391,0.5625137789954825
4137,0.5432943482573713,0.39176821774099596,0.375026684798228,0.08902545190713484,0.6297292145116848,0.21249831638539757,0.5774388003069879,0.9620238592278078,0.3236906957941817,0.22979638999516872
4138,0.3148469651955125,0.4297136556324496,0.9631793075281906,0.8524327209495649,0.38261853514417254,0.6219082995095605,0.7206292727605845,0.24697271109496483,0.6270452047664092,0.7387358994754515
4139,0.5628542723733013,0.9848408087836025,0.6430904954974345,0.42527736252650816,0.8109883481896273,0.14030818686624572,0.5560393827271088,0.38514912007392516,0.7492513055199346,0.019170774535390622
4140,0.47767906189718007,0.1127762770170395,0.2905098894170275,0.6555681446165831,0.4526576757431531,0.5162107653891234,0.9306704825411207,0.7700879779646502,0.31846694396506664,0.9144309286448082
4141,1.0000000000000002,0.7055256136137827,0.5353255995084869,0.9303052947256909,0.34178004425317465,0.06217625607812057,0.4640532060757074,0.47972666144095777,0.5369588665666023,0.6971673567155426
4142,0.5590422284666099,0.850156549558939,0.6448833047916049,0.767749225327493,0.38591366001650396,0.9999999999999999,0.6919632213689051,0.6032464297629615,0.2871113004453469,0.17574164996709235
4143,0.43343308133980446,0.1505298856569001,0.4356252667291187,0.5390277229605056,0.8007889557560898,0.18081351800441384,0.4019513920495526,0.47755581923166346,0.554668067146534,0.16448618688932465
4144,0.7731685731293726,0.7143798475710716,0.22194311724397167,0.5452539746341963,0.2819710282164355,0.8779019548843391,0.5896454472230548,0.282938510079794,0.3798990404461167,0.057918977566858876
4145,0.15789213986763173,0.4695822390505388,0.3070001156173088,0.8499029713922657,0.3515903223322506,0.768456535454595,0.6240104545862588,0.16225972321290694,0.5368923547362003,0.770479491017851
4146,0.5230426259831062,0.8528642207588586,0.6018791443515956,0.8239923018238432,1.0,0.05286915044301427,0.6525253364519406,0.8501251176165612,0.2719236653306482,0.127799779857803
4147,0.8815427506966749,0.9074440681183973,0.17355261447664513,0.1787157477901448,0.67890007834013,0.6478110413229701,0.6421489591702536,0.2748202606666607,0.19173853232534982,0.5200438407364484
4148,0.48332318249718903,0.8724648524767671,0.23048452451358417,0.6267703174466852,0.355084906018919,0.4583518485883865,0.0,0.9974565267858934,1.0,0.35814989986001944
4149,0.1782189044660843,0.06409234264175086,0.6008985129168427,0.866095045251795,0.28769652395396905,0.13641967510824057,0.4862337914828539,0.009495067667959142,0.5153143174863541,0.5490519014008511
4150,0.43054767508972097,0.7567961996231772,0.4592766361336874,0.8036580767720691,0.17333274573664414,0.6067081231192959,0.3927902173395908,0.8819594623406534,0.9076914434050991,0.6947946498087867
4151,0.779675946003483,0.9215240768523749,0.37102103681262166,0.1247541957913543,0.5156623324134271,0.5136667350686754,0.42918054284524915,0.9474241065651073,0.7888288460411232,0.20991357784044523
4152,0.576201284002955,0.6212436281463822,0.4085156781982663,0.43587419698347396,0.6376967304691337,0.9999999999999999,0.44661260229081673,0.05816814443004441,0.19140992969289788,0.20044774698412665
4153,1.0000000000000002,0.6007643382573757,0.2264806024553004,0.5184524864944763,0.7906546477088546,0.007621244677238153,1.0,0.6274158913100948,0.5708724619128898,0.33756086521826534
4154,0.37595973916812214,0.044706051541229135,0.5911296203645271,0.2579090194755831,0.13052994750366348,0.5329756470126598,0.5362844494621652,0.7826250958792331,0.2562173814243813,0.9351910384437615
4155,0.39964629109578614,0.8560074188027422,0.35036417794759667,0.679793025552821,0.24051303451159306,0.05378933999142281,0.4052604915725278,0.6151978337632497,0.4458694434551927,0.44399914940916957
4156,0.5733953857313262,0.04610469687413298,0.40086561585860003,0.4764265317052667,0.47375348954209245,0.005219942831369145,0.227990082726572,0.8801298208426908,0.14404969796066996,0.2569129927269874
4157,0.7577290824001487,0.313300894219925,0.5654550695694075,0.29762645380407693,1.0,0.6830270527199693,0.7817765552410181,0.13199266475720706,0.2030708729945892,0.5195244551106156
4158,0.7038112624818109,0.9258610304385461,0.4529211747742402,0.3370003929175017,0.6682354264534073,0.5979485841194022,0.3794663842035804,0.9488136702946129,0.33974870740524427,0.18032193238989902
4159,0.591284332899363,0.9497511683949073,0.36936627499638053,0.857043575820892,0.5689874212611653,0.29184881022181625,0.47478852781346886,0.550299502820278,0.39846052678257243,0.7651817412715087
4160,0.25400080869505487,0.9919207941404217,0.1297593199638369,0.8665794152356291,0.2599443234520044,0.17658510467017985,0.8935573011200018,0.34402671821073477,0.5095172961729542,0.3192318220677865
4161,0.25470121121953265,0.47624855186176823,0.5693044739891502,0.8127304828145044,0.08681507634239705,0.9999999999999999,0.3844870918620102,0.5249587974780583,0.30528677907385354,0.9826431816906631
4162,0.605857445070768,0.17717490541294645,0.515512969963054,0.9142703810365898,0.5043924030826457,0.41268578589957877,0.4480389976519044,0.33896538863116477,0.5305064303879392,0.6298738087999884
4163,0.2513921448874419,0.4877946487221144,0.4042905592525976,0.9527257678972578,0.47765706022229765,0.18938414677436102,0.5417460815097594,0.45517085564479964,0.717912577579819,0.6115446271989988
4164,0.46268838685977637,0.10203293127103974,0.30731060046924497,0.49203513389273246,0.4450765696472552,0.6976060811396604,0.20258585632169818,0.15598985711793184,0.5541743295851729,0.2904796873990323
4165,0.5626320449375584,0.8725160755747972,0.5031612656956147,0.09672890299069814,0.4232916135205209,0.44394959269777157,0.18120944889375074,0.8446346995414481,0.4893510525566002,0.17835606609680815
4166,0.2906130491350336,0.5604118961626445,0.5903870558714691,0.8004201668019688,0.35212582342488064,0.7392908810952299,0.4100412645068631,0.3893031596921833,0.5670432548916917,0.07770641624051539
4167,0.3119957323141509,0.4043278994431495,0.5190127329903966,0.6337043557747638,0.307775275428126,0.22855713735493877,0.41642731589741994,0.4667470598201915,0.22952437405823817,0.8556680856150278
4168,0.4874887578958759,0.07924301937014998,0.8062733645876757,0.3806731582102377,0.7656463701599127,0.04323594963396265,0.5236723538909276,0.9096065203969294,0.6830024078626853,0.9796269396580239
4169,0.6002723818374824,0.4050629250901094,0.6322185624820621,0.9759631069883623,0.32539916518693635,0.6228897779855461,0.3184519199250558,0.9070309127576114,0.27461593192416006,0.21521040166807437
4170,0.7055273910695685,0.8661694336428583,0.4807732781992671,0.3388219083523094,0.4434632830010003,0.9999999999999999,0.5789812498233315,0.7880317179540691,0.796962494853761,0.9934330442836575
4171,0.6197818173977787,0.7033288154313522,0.6384669631410201,0.9080326675682802,0.489319051481712,0.02419785402872906,0.10096091899018317,0.029459608998914658,0.6485679624562002,0.6158940779866573
4172,0.5191439591620471,0.08216882156370885,0.5098564255323579,0.5928380664298147,0.6334916201856633,0.016299380686983916,0.4859359590232713,0.9064051417434197,0.607876116864513,0.7866981810031286
4173,0.3644597210177849,0.1596466447365192,0.5092093740995836,0.0366396081965564,0.33211069225047607,0.36602192904790776,0.5653633440525707,0.18828573097421603,0.6161470437735748,0.9883567724828899
4174,0.30319511993707393,0.39212637419872054,0.7425474477326268,0.8607120173203835,0.6860627413512624,0.061572662734761516,0.5595083286030234,0.4380082579345995,0.5017815593035133,0.9752730973918555
4175,0.40885793275711485,0.10109477233981153,0.33329714623322715,0.7625437018382082,0.38475459873724815,0.10285034893530015,0.4688711508880093,0.9030170755648573,0.35274417940021935,0.568012099376714
4176,0.5825908992229731,0.9340419173695231,0.5051282678929538,0.6427641435285318,0.4655625084436344,0.9499159471394917,0.37706390044337973,0.09453124597929959,0.32322300231302675,0.527045161490289
4177,0.5687588892249897,0.6521976759781192,0.7226569690203899,0.6148508900049457,0.8146977167670773,0.0842578772612864,0.463502911859816,0.13261585273213866,0.8348688280235901,0.6757386127515383
4178,0.1090510152215063,0.09454047954451925,0.5584065415753116,0.21891701123274007,0.30940285164525927,0.09904247233688653,0.726588662878213,0.575865873800659,0.5217665524801152,0.21972925916913877
4179,0.35701046135065617,0.7880089163351359,0.4319543069254378,0.2145656450292964,0.6363203720204075,0.2791982135953747,0.3882954902095776,0.4674511519102773,0.2903277530519401,0.3887701412920693
4180,0.7325055874475603,0.36821574463524154,0.18258958410319362,0.029166613018898474,0.6911968488624461,0.3342031950202264,0.6793809930362766,0.3893606349497708,0.6003053166200047,0.8275786732600594
4181,0.5201926920085539,0.24463876583947386,0.07737107719613753,0.1541891901958565,0.5568204713561905,0.6418271606768333,0.7087434552548115,0.8096276759200042,0.5672816417126509,0.10974066450871339
4182,0.2378948536313234,0.5698627935613019,0.8879800719837782,0.3366169550999405,0.4741441650957782,0.0066248740355327705,0.1786091046265979,0.8947003631538296,0.43957335888526544,0.4590215890559931
4183,0.949727980306404,0.01306212062584856,0.5583172591768053,0.5409546349989438,0.908046719756793,0.0634793450400704,0.4752600449476107,0.9915136474254279,0.3315353848671773,0.31565110519704526
4184,0.49978637181107693,0.46524021214783357,0.39185396353121704,0.13084954240291205,0.4941997432457688,0.0016255163962129934,0.3184985298809116,0.12246730584500347,0.6418818585688302,0.582477875240017
4185,0.5777605504425671,0.8437752625719238,0.5659533400457927,0.557809676581862,0.536351950499316,0.0005765712645251962,0.22179611344908928,0.6761209549115315,0.6818701595444381,0.18934709939465139
4186,0.5806266515027282,0.9280563018197646,0.32404392491388667,0.2634221235794628,0.43178439942439073,0.008794620769609511,0.6450466176756229,0.8713479064871489,0.5633895914479097,0.928059656046256
4187,0.4358913804723607,0.34235579535285604,0.4390134893393328,0.254058817782712,0.5261011536830227,0.14378611752279935,0.5862404954559601,0.24010215436825316,0.515732733929033,0.7916810435363333
4188,0.367973024130546,0.6423388931665939,0.3252997397508086,0.948361457917829,0.6833644241482023,0.07703143984254772,0.5475177068937225,0.4797798473007693,0.35350315712744657,0.08120874064746053
4189,0.9055507936870835,0.22658546848652583,0.23721161009858446,0.9927822393268404,0.4436262875254287,0.5177838817994058,0.29861617051986017,0.006596816745984169,0.593300503310632,0.32582023365913526
4190,0.6945252909332773,0.5600876244718311,0.10821038562177229,0.8117929905151728,0.08903075312886288,0.20689464793979104,0.5377393527972734,0.13412644491478526,0.38156263866978196,0.04313358325455707
4191,0.6603246935477055,0.2537989380744678,0.20282481483385614,0.0543977781766474,0.596216242137716,0.07189082771401151,0.25710671012928715,0.1250720596858148,0.26039764667608883,0.12313922166323538
4192,0.6139774194333708,0.5712348231707925,0.6912469384217965,0.7289479744569289,0.2882986467685674,0.4804054873910417,0.5131616391966147,0.7074586429073236,0.7159808417570372,0.42360901914770316
4193,0.3159474885818095,0.17146554999306468,0.3167318328373294,0.17848864293443226,0.6403768741669642,0.6079122503428338,0.376840223526093,0.6220882225904263,0.3064814483848915,0.3294175870435274
4194,0.7462830258532132,0.9412357093168333,0.6005362197340977,0.569464174093796,0.49662157951083513,0.15829939470556761,0.6927914967597189,0.03814709889505781,0.14176273676472434,0.5205915010018124
4195,0.3461701055595554,0.8869022969120689,0.6791917838076122,0.8941059082223717,0.6793007369801439,0.28411500824278163,0.43190032631550274,0.5955158402550538,0.7508265233006157,0.29085259011454
4196,0.5586956270649805,0.33671743800784976,0.5038731584692591,0.3803514516570802,0.3134423739165356,0.5323469060476363,0.5415731689755707,0.06761228563307749,0.17073391195147442,0.3321403017235414
4197,0.19593744947252512,0.776610497061773,0.4450996035627657,0.929250139460009,0.39335149950940235,0.4525171115027103,0.5419654208897875,0.20175888399100783,0.42809859894898744,0.9581805610032748
4198,0.12019089122864955,0.09522183886287564,0.5255893261937481,0.7086791523846638,0.43110561474294196,0.9999999999999999,0.4849196159311214,0.9013878292767482,0.29399708565092747,0.8749032770282132
4199,0.5653000312069502,0.7402962644482635,0.42308319281955264,0.3011311715797732,0.21016417720992453,0.37964819081358686,0.5183409787300566,0.4469858752063536,0.3646340758644609,0.013315225937678032
4200,0.3525913051334594,0.2822399375051886,0.7253050704579578,0.09494165692790615,0.7118566766205966,0.39362173211049695,0.5549574714063921,0.7812913834492246,0.9246678888908213,0.6022551222273227
4201,0.12994366675209534,0.13537302378527497,0.8507466974580339,0.81570748035407,0.18247687507125793,0.1482981611521302,0.3335083311396089,0.3139453193578176,0.4828458584848732,0.14210860797207475
4202,0.6072456070328014,0.6781055905611948,0.7711648527176306,0.4582510822585508,0.7091280787929553,0.6975543471566151,0.5732537290754023,0.11027229875040985,0.5705153988826823,0.7894267352117345
4203,0.9052500077204455,0.46965085801147016,0.09952373300460085,0.07270771287937974,0.5789680123744142,0.5333872528114069,0.6583008829315915,0.8882080109894217,0.6523171557264216,0.8359468572087615
4204,0.7674201326824307,0.5300040050276386,0.4192774875125703,0.10315059340424065,0.4584114746776109,0.23493255664804688,0.5722220555398942,0.16336037235758893,0.37925797914902243,0.6603607062258956
4205,0.456697839613088,0.5203909439957599,0.5015567794311667,0.9673873892255671,0.5636326561891714,0.13060919261533221,0.43355570976937347,0.34929875215599043,0.7063951322075395,0.6731501262247893
4206,0.5069157853951334,0.059153520814093676,0.5871394562773626,0.243094600978053,0.5583360672022728,0.28179205523153183,0.5310852928065721,0.7011261662214409,0.5735748532325373,0.8514383705114932
4207,0.6727335726555996,0.05108306483514723,0.17864430911334742,0.9670170147199968,0.4194241836386191,0.26915686174926323,0.4317866321109484,0.5916223644354949,0.6453478564770321,0.10178155788909271
4208,0.7169627513794541,0.6010558800929723,0.17563629639263886,0.6814539841681894,0.5545480913880517,0.03694228428822217,0.47699652062042636,0.9280329334193246,0.3644507621752712,0.707654497411375
4209,0.4404308176434579,0.6237606790819062,0.7444918434592122,0.30061022027927675,0.6383085355688882,0.39089569180190054,0.2797605944211479,0.9877532210273573,0.5864898443279238,0.11987953013835806
4210,0.5116953401250628,0.04687595278123245,0.39650774482940865,0.3838853206444569,0.3141505239323845,0.1636108908436803,0.7535474315858104,0.1461527488847481,0.5004426397412987,0.042247720733998906
4211,0.5619649634095996,0.37825253435620376,0.2233861670584724,0.7773769978196625,0.5638413261293573,0.4695505830894768,0.8560305638231067,0.22616197076153727,0.716770423882181,0.6385827488277044
4212,0.6097487041310659,0.6127435991326651,0.29495680496885657,0.4355962256339252,0.0,0.8595420258414695,0.36902052073594066,0.6390133120621965,0.39948846670690813,0.2720412001363045
4213,0.4801389097897227,0.6565877683140776,0.5736029766009502,0.07476594970166553,0.12364078400953527,0.6986761795236295,0.6439653836681956,0.14625356656978278,0.8882194292226009,0.04582071474804528
4214,0.48259000461952567,0.8282407874334117,0.3473794755575309,0.22990070346809113,0.606072607328811,0.029584298196136942,0.7679030332978276,0.5420048157354675,0.5664912723019004,0.06307004965644275
4215,0.7655847301283168,0.4205597604906355,0.5458432714945689,0.8607218867799479,0.41605829562492813,0.08991710620993804,0.3222099682794303,0.3725018128761929,0.47835218150973374,0.9796973014342978
4216,0.7334514362520468,0.54812829956712,0.3182526307391814,0.6964754551860761,0.3317996940038889,0.2474790323805959,0.10064432659404038,0.8881462750672393,0.456129500714575,0.22304800636481387
4217,0.5953216426699461,0.5784411215516557,0.17549521851437652,0.5012275651687076,0.48662125168722964,0.1054658701305658,0.7787766643045106,0.9181310911944957,0.5008405364896771,0.407799720839046
4218,0.8295972662806016,0.311836076907342,0.7664219550489421,0.24558946337606116,0.42029001327424687,0.009766738552260472,0.4970006779526866,0.2584267475358452,0.3827086142513813,0.2664847731162989
4219,0.43233482879874524,0.05352904345537604,0.575041841237114,0.4747899009631298,0.30565421683787636,0.1389098131161015,0.4030523313953364,0.0951559585278562,0.6288029684351,0.9353316019856204
4220,0.8114590203899285,0.003912826745734706,0.43853800280561517,0.789193049910218,0.17984121801196484,0.22207489948854506,0.5076405072662256,0.9911647535782456,0.49987734231736763,0.07376454395041865
4221,0.6076052075486731,0.8360930936374238,0.4035493759341354,0.08156149687791192,0.11618270246627627,0.2641395506090477,0.4308053854277321,0.14941944511788358,0.8713864752795344,0.5431820206497722
4222,1.0000000000000002,0.19998487762129916,0.7739788009587504,0.9952066300664764,0.6397803338287031,0.6841958144512211,1.0,0.17297451504611944,0.41981879833197605,0.4777617180612491
4223,0.28025715001989715,0.6301528576017128,0.6110989532838541,0.8601391894511169,0.4151549287539869,0.19364721814868802,0.4009826656714461,0.25176549266811493,0.479220690580812,0.6920940852552417
4224,0.37518571643045906,0.5769277139642088,0.7146568665254056,0.3180929478471043,0.6844149919134168,0.09271997093752422,0.559301888961198,0.34050543356658036,0.4196309876403032,0.8983163503997698
4225,0.5842629698284038,0.3994534323754955,0.3919249179995622,0.8709583390640667,0.41319152464653724,0.5313169008718405,0.7373433738041495,0.14730174933193585,0.8572199592602019,0.0003356557022576312
4226,0.5801944564966115,0.8334600978487904,0.5102302118243924,0.6820091899109277,0.5655386495174495,0.014320618054313134,0.7364542578802538,0.32186997306650234,0.22748245268720885,0.016498722483560213
4227,0.873186492940273,0.6983227896182819,0.5757895035499838,0.6666420142563336,0.4726211932995459,0.06360704427903448,0.7011309885509882,0.021462770909513942,0.5199307615216298,0.37724587335094373
4228,0.3791423074420404,0.022434613216229558,0.39819557033916764,0.13975485258103418,0.5054750232839664,0.6385863374916309,0.4203625145451653,0.800941885778162,0.5616012359291558,0.4015839919731135
4229,0.6759810706623963,0.7766416920186694,0.4829647860740177,0.9062925286961678,0.5148736649531717,0.02768543357096378,0.4708413648502358,0.2631518821266387,0.2878402071702009,0.8904762743157169
4230,0.7245728948678717,0.5068554109812334,0.3919402736125862,0.45052991696632483,0.4106660250517339,0.35963172193190457,0.09768621143692574,0.8177536677112,1.0,0.27882280628415124
4231,0.638195295698973,0.3468218868750877,0.5752039594156017,0.8035783714178734,0.2590356176587055,0.2860454698858085,0.48516025480488073,0.6467772146029555,0.32535300907261827,0.8483308654517387
4232,0.32393234967471884,0.7268154638428219,0.2543467309595403,0.29964246339310674,0.6450685087358226,0.9000063481651072,0.5049590197907394,0.4802906008599791,0.5085097157683762,0.08921346344700493
4233,0.770853716505404,0.6859826600209924,0.6074510916432871,0.30812624335556427,0.8051130539289251,0.05011605213746419,0.635764147052468,0.9723652667433628,0.8220711238280509,0.0773465825233502
4234,0.7371879697841345,0.3103785397040472,0.558727807267988,0.9651141410335378,0.8178151483727338,0.5317972126237013,0.830198549965443,0.3863521120174272,0.4308863158049276,0.7451091918925963
4235,0.6183726309330411,0.9830561342329855,0.4628649426073641,0.49686937276868404,0.3898603892711502,0.16615298805763878,0.6301524148150213,0.1779312020230568,0.5294273059520955,0.7626339993196711
4236,0.5438019072980885,0.6486129085612433,0.5846141519617196,0.059899042821975085,0.35506267881124365,0.10139594364645281,0.6964549027031013,0.5772484137230743,0.436641130734814,0.09443072440274258
4237,0.5479075039596368,0.6056696452795737,0.43272127470478583,0.8360722156303387,0.3896645371566836,0.5842632090848501,0.4956829857631954,0.13966723949811405,0.49201872907231453,0.9930605320096453
4238,0.4903915513510287,0.06958942325525658,0.37580458703378183,0.2273154063469681,0.4628660887429481,0.24207659314734786,0.7358767963461432,0.2764246482231327,0.7075953099460641,0.08040627558887631
4239,0.6261460958062137,0.2790985283281958,0.6021837311471685,0.8791391432635192,0.4867304431449552,0.03032151432654847,0.5009597894995763,0.9077685177188236,0.4220508653794605,0.8841817355133725
4240,0.5111212324997324,0.4468103361441139,0.6102567309774204,0.9168426217193351,0.3038513479296933,0.22457258564651883,0.7093637056812576,0.8921775858637454,0.0,0.19387254702758094
4241,0.34515271807683195,0.6305240229831661,0.4061773775067997,0.07278027135296297,0.21065671164117394,0.3834741589970519,0.6473472825424647,0.4654598345802261,0.4958805176185623,0.021922121324651878
4242,0.307405435718201,0.5126221694096815,0.39017938968894406,0.5826781697817006,0.5065380172782024,0.9999999999999999,0.5713691745753231,0.47801374383143314,0.5140939955176218,0.8547890757907735
4243,0.36335758464458606,0.762975941319662,0.4666573418926775,0.9819568185892218,0.0,0.04955946705185181,0.2146194047891124,0.5665856949294513,0.5392700261617989,0.18428388221274217
4244,0.5471573819197346,0.26234180674646174,0.39783441321964974,0.9313290258607219,0.4774080556013374,0.3235789780081785,0.7006437145960518,0.08366087134226215,0.46731687464033295,0.529391602429228
4245,0.5001610577729976,0.7020794567039557,0.7852093397867638,0.5254658959136299,0.31413796884794914,0.30948173535963,0.5686770937210057,0.2527489221281206,0.33827678184214033,0.8267971695270635
4246,0.5458765813161486,0.8165581333295658,0.5598024913109269,0.6807872928901735,0.6477808954913253,0.1114449689324903,0.6285407515538914,0.5797961307247347,0.45556870877842376,0.1546666995373434
4247,0.5997370860154378,0.7649936642093661,0.5035039991605353,0.6045210306966827,0.6995188608783365,0.5770887047760085,0.5567585296040389,0.3208043949172436,0.8374905484408004,0.7410448089323693
4248,0.38688806427336425,0.7707922296459387,0.32683188048050127,0.2033276897217209,0.7040858470234869,0.12239618168396149,0.5885667268067296,0.2129571206157403,0.4941533978790397,0.5315155712863903
4249,0.7817781703751421,0.8884924142713096,0.6385995039761534,0.6532790112625055,0.4298655811895924,0.06381490615861772,0.7388947877814234,0.6472165659747474,0.6261799323986723,0.25582165641159016
4250,0.4547369667250451,0.08389242807673587,0.3867194073253365,0.3332753363007067,0.2773101326398981,0.5649221092027735,0.4114601160632652,0.5662375726078951,0.3057539177439333,0.041497030752304154
4251,0.4234707162606856,0.6971123568999431,0.379046522778837,0.33810830640418466,0.3393135376569061,0.9999999999999999,0.585191651950804,0.32671497842396763,0.4467770431711808,0.26288942558416917
4252,0.5962604186815157,0.9686906169371428,0.6448704636354898,0.4201623040781539,0.5525095371424267,0.06636252183476922,0.3554579520715612,0.9374404259489074,0.3120454740925919,0.4247277228755956
4253,0.1587460695908824,0.573529738720609,0.5730151565049666,0.8525500359686582,0.17852292231763306,0.009910836671056916,0.6053113647118817,0.7776323350146311,0.747911761602069,0.3678901242520917
4254,0.3560939945563937,0.21707513332235776,0.033898795048708824,0.23843632824161962,0.7664281430298886,0.5555150343999419,0.5452717497246524,0.5959632389998604,0.206575374402112,0.7168849225704006
4255,0.6903493665781774,0.998776372505549,0.47135754189179835,0.2508879001486508,0.4329249895166339,0.06776628102912176,0.3824830542995042,0.20902927598062743,0.5728894919962972,0.40979198076324075
4256,0.17744140270653597,0.5041605632076909,0.5241899926866902,0.007324045033188259,0.5936249931403405,0.12859993084530563,0.5161880397610066,0.647952859563419,0.5668755431074741,0.38030513081973655
4257,0.7161035655923628,0.3353564267297169,0.4374478802549431,0.15505899639551987,0.15230161911635792,0.2782413187016229,0.3939707983399196,0.687621185995423,0.5545634375454718,0.8122425480337121
4258,0.7903583623730642,0.17180573589546183,0.5306882587854169,0.9791106904668352,0.31776774226482385,0.45368551786366473,0.4291591952878871,0.5810781760090131,0.05666234819555477,0.4638974011984923
4259,0.4355404719426214,0.4643551221649713,0.16328200849053617,0.43405048077506725,0.12826770764266543,0.1763744706776684,0.5643726183024764,0.637809765514941,0.11782504865070148,0.9854956825590987
4260,0.560304251682335,0.4187028599879198,0.0,0.19523531122210233,0.6944036054081308,0.041925868457721484,0.5484291059143247,0.1617607433419363,0.5243791765655867,0.5744389343772327
4261,0.7163890074781236,0.49109217098506386,0.3188604435622675,0.9661072288842332,0.4658898702576647,0.09764096973598733,0.14455029328584984,0.33464064288157463,0.32676778336373574,0.9372108437486895
4262,0.4171761520039699,0.9279820808475271,0.5534190045237805,0.027111106597767554,0.6073837150322167,0.4941713426912435,0.567266142565636,0.8907629611503801,0.3800118273543221,0.8821942572333018
4263,0.6689731705300961,0.4781713008171171,0.0,0.48437008185880237,0.5091437472869537,0.027392352630826785,0.44293646986145224,0.13662748184448298,0.42148723421334483,0.4140014493781184
4264,0.37861890600361386,0.5144854935770805,0.3434633669263977,0.8049533815636589,0.5874936192830368,0.29986015848594333,0.4224600378123233,0.5895084107107773,0.3020990300379906,0.6126466205312378
4265,0.41513600538877643,0.8866668469826213,0.1421943815939207,0.7731618182592741,0.4316073968326872,0.1949449954927366,0.2909296821157034,0.8976779828938858,0.2693577424820283,0.1407486772661556
4266,0.35443328749618974,0.8177194722881018,0.4555327423513832,0.18928514579827696,0.4575065726723889,0.23752502195870615,0.49053037964410046,0.013589281798108074,0.502130433598275,0.5269935528312615
4267,0.5698953627581662,0.23948841478723654,0.8659209951916546,0.7080963401797014,0.4791342770739008,0.2963728953228456,0.4024015659040004,0.9671905059784692,0.14002514184848108,0.42394412179841595
4268,0.7237250051124674,0.01261579214327272,0.4602787191986262,0.6225559048610783,0.5753379988963032,0.5797388916717546,0.7338886988952724,0.883355109919346,0.4060492372522036,0.4837205249212195
4269,0.47050967565653784,0.629397530797949,0.4807322947047006,0.6755679115132333,0.5804612589602482,0.2950555721060991,0.17611089822390708,0.7149663859567761,0.37534615232219276,0.18422456262158537
4270,0.2653958590444124,0.8448204459583405,0.6572941158638836,0.26620810026075736,1.0,0.49195134402444135,0.3210481710338025,0.7090315989566051,0.4976410081703136,0.8662185415456608
4271,0.30096880517075564,0.5527221810025936,0.5047547000889097,0.8110884576798408,0.8221453476121436,0.007936812865475812,0.30855501644174593,0.8677258756831924,0.9556551260048032,0.07991383997232593
4272,0.5796973712824868,0.2109336692255752,0.4606860677656034,0.5594757724495646,0.1528175527749629,0.35710932367578196,0.546631731796694,0.17053056597692134,0.3155913025281237,0.7811919139480312
4273,0.8531828415267129,0.7412907819675879,0.6735966381614553,0.7253926750669971,0.46919733198772673,0.1576182736304386,0.7153644317530987,0.6998252546205023,0.5793426717880865,0.9441262097150314
4274,0.5795323909969625,0.6694507351273231,0.5887860626458868,0.9399869059513981,0.4183665377044388,0.3755765180711921,0.5917388083119188,0.3430963687253309,0.5440871700438434,0.10628200948781596
4275,0.43224977696077077,0.5649087175287427,0.5546085936944595,0.8558719544578054,0.7444898259416564,0.10561053961997383,0.29692782955760005,0.8756467820985891,0.6085095438867496,0.43365211047771657
4276,0.6498055347018992,0.8633130355272186,0.47489921004286917,0.7826784642758075,0.4358035859426468,0.41592624244107324,0.41970651544464094,0.5331107627135044,0.4616200167093583,0.5849278973130188
4277,0.46005986013761907,0.784192519244282,0.4362415234111381,0.28976287531509315,0.586683899044943,0.864356707212847,0.3496011587876801,0.7657514309800741,0.7759874473333472,0.991340360732294
4278,0.43387450750646067,0.6678630082410104,0.6718295837364187,0.054088767877200544,0.04482661742072014,0.18379634520190152,0.5925893332063834,0.1665612315135675,0.6323331969781327,0.8653800178941076
4279,0.32441105895997907,0.5041605632076909,0.4380322713621735,0.5748898205542478,0.204106307561372,0.4396077940518986,0.4159536444972631,0.24162515317800798,0.6353553775497525,0.41419508720483167
4280,0.7709839085895918,0.6621116105993899,0.7304045386909963,0.034509697033476755,0.9015841526671099,0.0545740080238113,0.2382244859915425,0.8381511274772325,0.23346321710313883,0.9679211460737653
4281,0.026165619608718896,0.5250274691343981,0.3054927778169262,0.7144993880684534,0.5065964500189007,0.2993314105260963,0.6067923463207332,0.3949220884578759,0.5204435075814549,0.33122629607694454
4282,0.6557818124255065,0.4637636985128674,0.7681757220944704,0.7371417064322152,0.3037485287787761,0.1304406878646301,0.7319947975037551,0.5276006994051436,0.40527908096560034,0.33995228453760024
4283,0.41775052140746455,0.7095254331868961,0.5888145839204386,0.563151216028236,0.5438556422365444,0.13402207582789294,0.46593812164024045,0.7254439877484291,0.3384481361134312,0.5062311723671288
4284,0.4278264808932127,0.6103860055922322,0.3201534773561514,0.16821009290254665,0.2931876126424888,0.04613080297949234,0.5211212912724985,0.16922387127703054,0.3831257969356529,0.7795669132423884
4285,0.8245419642839045,0.48983141139572406,0.5957034665324992,0.8761054287344316,0.44206567829748533,0.4937440851102216,0.22097182326892334,0.3021496891240851,0.49151751516784065,0.19211911145266292
4286,0.37050928480504863,0.1263895780128003,0.3795023953541714,0.5961763868613917,0.21590205152032838,0.2762402816317119,0.11894722325328017,0.32528988517713187,0.5889166611500614,0.7424552211373684
4287,0.37693587050881155,0.7018511730519094,0.5070153075955915,0.5151097934612154,0.3443177109575203,0.8014049911101021,0.15772360791433476,0.9167140041128216,0.6886251090933309,0.0026381893978483784
4288,0.4806449704829538,0.6459020777952522,0.4100272280958154,0.5678338695558354,0.4163469938644112,0.4150483169594754,0.49065391224553495,0.13710451980068405,0.6797134407972545,0.2624355507949573
4289,0.5833289524474874,0.3420494135369322,0.47599356490767597,0.0829060053688559,0.7136515076972547,0.1297429125286555,0.4420860601861862,0.3709899317347121,0.5577468139399366,0.9744732416536895
4290,0.42188042538194986,0.35612890418775894,0.6763539534193489,0.7407587546467395,0.5866369214355797,0.06135451954863787,0.5996933650486853,0.9593804988519942,0.5127082679826578,0.6564489697058357
4291,0.20830140904840583,0.24649113040787768,0.5974813337347527,0.06078432078342219,0.6203857114690905,0.35969502737944475,0.4624359089509991,0.8348507900813436,0.4404951867785429,0.4625300618327534
4292,0.34191258897480875,0.9619253896032317,0.29090526251907034,0.5786352399363407,0.4918923009167987,0.45857365479116047,0.6811617574195652,0.6703356320601284,0.4551032342094517,0.731750915782483
4293,0.7470006766579198,0.860177166335118,0.3015856779385503,0.1693157763302288,0.6560391853870059,0.3932240215185772,0.6598512511006225,0.5487220906192342,0.3539015473316555,0.43522390903607105
4294,0.5193553101318774,0.5609238650462618,0.5512796164593571,0.2077783308872366,0.3279154644078386,0.44209283748951184,0.43940729686221885,0.838713963287843,0.4207426451786443,0.10663368191613942
4295,0.5903551349915829,0.4014741839935235,0.5647840560775724,0.2333424086752605,0.35515258626908885,0.25543250859304634,0.3137570418351862,0.9464515689925915,0.5693606305897569,0.4975413078239145
4296,0.455923651433457,0.7367594261127446,0.375,0.014292977415215485,0.575717003277011,0.31909317480926,0.14534682579513153,0.9241117631989842,0.7947758715473543,0.9554051536778905
4297,0.3808171598321382,0.5275917655354533,0.7975546815924458,0.8922302468406238,0.4428831308643397,0.021371984415703062,0.763419499029576,0.6389744927538087,0.4736959987100347,0.2725583004707965
4298,0.8217598400121799,0.9758658706608513,0.6524944607578409,0.8045863484964506,0.4941996554407704,0.18737754165737586,0.3249963283668104,0.7277871533544465,0.34869822906925513,0.052816375530549575
4299,0.46974009053971527,0.05482669276179111,0.3841137884929,0.03128160572880112,0.4651295974351205,0.3483671708778278,0.22279247519723627,0.7752473223465701,0.6862789900318012,0.7413349994299162
4300,0.421594755330212,0.033982780173129265,0.36608357576978146,0.056993079948598147,0.7393291764152572,0.028111502047427815,0.5228662461977425,0.8093111339112392,0.1217238653883001,0.4543737428452681
4301,0.7120599467206822,0.5684884058776428,0.45829492312530207,0.7832180895919073,0.7494072186862966,0.46352307624709266,0.22443328541820157,0.7329843608880698,0.7003175609423662,0.33466564810679295
4302,0.36895664011259915,0.203033306325306,0.438891682688593,0.006787171896701832,0.3757603518997045,0.6850693129905499,0.5226806041946654,0.17949313205357614,0.22993166351754374,0.48751030036834586
4303,0.3930376100795469,0.6041935983587834,0.7350491432608589,0.469195624776338,0.15647128337351596,0.1781206055126306,0.4368516064990457,0.759510877606046,0.6269875541702996,0.9300010041749136
4304,0.5071801881840938,0.7813722432935026,0.6843904614073164,0.10732741297406684,0.3592549915007589,0.359319225191202,0.6693375563704629,0.39006182961081426,0.4116939576602758,0.2502042433736379
4305,0.5052978717516212,0.13784184927409554,0.5073214327406145,0.5918854069214949,0.3233813620251348,0.06585115738626797,0.6532880335409412,0.1993557512551874,0.5631070457932263,0.20047158316339464
4306,0.5542286965772444,0.44044240947366814,0.6272076192248123,0.9987808742866913,0.6577605406040903,0.45101668933548117,0.7024843546005131,0.10202476935369854,0.8978958384092401,0.5338858723955056
4307,0.8998894757910607,0.6885849918488238,0.6542624943156702,0.17208147773477042,0.6749270342054723,0.31553323020123597,0.5369639255805105,0.2398982200529975,0.3429809078182761,0.4632778919078985
4308,0.5686880498140523,0.8338304847893951,0.511646495576507,0.957105122203801,0.2974400644156946,0.1655511620539989,0.34052983977737866,0.5075125097008111,0.31205720276025256,0.14974572250620327
4309,0.05657110318541235,0.4961970869055307,0.5758677876321634,0.8658578215687609,0.3509361036001707,0.11858005009962407,0.3075856035522338,0.24646754899496798,0.516999564604474,0.5806348995943693
4310,0.5668108798306214,0.20590864067800704,0.6115945673187679,0.9862896753839565,0.21079689977464405,0.06123121274251426,0.4009846877549352,0.6657781617576667,0.49909834135951575,0.574467538129058
4311,0.5123938620841701,0.5856824447453151,0.5917175096268624,0.7665221913131756,0.5228702752003657,0.010931677533660209,0.8668776549235198,0.9644602118907991,0.5361785738098637,0.6054101050921428
4312,0.513444779213412,0.4543559484264188,0.3555375188682047,0.8573696223325701,0.48818976147763815,0.2894640157598408,0.45292699219758575,0.04350011217206211,0.5106170125783913,0.4135216324956038
4313,0.5516506543624257,0.7718714361858429,0.3743911328078001,0.5948521849587107,0.6495154131167187,0.1241732283231457,0.5286153554415376,0.13016476395276505,0.5342626147078213,0.29000643038672247
4314,0.4998360768380898,0.5554490526395224,0.44695944180614255,0.8676641902011901,0.5930365146171849,0.5273867749814812,0.7791081263330579,0.2468702463563051,0.31127427764854115,0.3282887855079034
4315,0.4953204015784946,0.2792026280770639,0.3689912377610125,0.11154435543658511,0.6149076482315714,0.29125509344450545,0.5458854434626017,0.8043221541476575,0.536190459732208,0.8343520722602709
4316,0.6209121179924472,0.7543330114516076,0.2260541314882438,0.7419765647819148,0.19861273852419548,0.005060572357815179,0.36076894826389155,0.27087538243071274,0.4275113414473564,0.6250774057658309
4317,0.40297061923173777,0.5176072335980642,0.6268432811518386,0.6289938463242031,0.3757293501621931,0.2083109266742336,0.6336301432869085,0.19107977985422098,0.753381054878592,0.3979887169263922
4318,0.3264435953847566,0.1772919508012866,0.5653847588617812,0.05985479180999825,0.6804203323626627,0.48514258761687795,0.4198458657138476,0.15239228229675966,0.6537419644838822,0.6132467537572954
4319,1.0000000000000002,0.5629478416641847,0.250994952542098,0.29170539128911466,0.39270256789032526,0.10959076852483328,0.5522534195916462,0.1494418463831937,0.250658951860348,0.349575709107556
4320,0.3701835679789718,0.948325604527122,0.4558511765231632,0.21618706247124772,0.18206236871543413,0.19488493544744623,0.5934059057345056,0.7197228587855014,0.44835155234066165,0.862644778557085
4321,0.5241412258568158,0.7054398561553827,0.4664125972825841,0.405342773143188,0.65316495087857,0.014884111143131873,0.40769941142807503,0.7080185453764318,0.6024472543883919,0.7276196568861872
4322,0.2230554290406629,0.29858968574287054,0.5347129791887596,0.1984254287056537,0.3852190882544818,0.6514688604441556,0.5332939092056275,0.3107631371276305,0.31567120279356836,0.1008934245868443
4323,0.5272214158633738,0.7107985785392915,0.2990071864880832,0.27493694629775844,0.7024206777179836,0.16572232456763392,0.7941368893668592,0.4491659587725937,0.2971016959239778,0.05611171614152505
4324,0.3291719625538687,0.2823871685703109,0.24826695627310955,0.2961471995567908,0.4933159113987782,0.09160184861063504,0.3833011905982308,0.6280341082816224,0.49909834135951575,0.03335755627804071
4325,0.42176398352848105,0.5425574763699759,0.5977075239570198,0.6000678410502978,0.44325604820759323,0.46055967350402993,0.7418910387854603,0.975133182485315,0.5675775622868424,0.027473181895395382
4326,0.7024229372615759,0.5264589709930065,0.21470373206496282,0.13491661687494413,0.7605559654764465,0.05263670536715039,0.3899506998168209,0.7430662747309801,0.6991782347064908,0.4968818349915434
4327,0.59430261604507,0.24715985081017547,0.45739036667426225,0.24119300598212964,0.5010879514399724,0.08923570547799685,0.831412919778616,0.8029886406783852,0.5462302372546508,0.18079205479015265
4328,0.6124907349129846,0.3476840885782465,0.4399691106181586,0.3172748494434322,0.7742951526783404,0.029442314677858798,0.34105645069458196,0.9778054696231854,0.9699334044081012,0.6745168567538494
4329,0.17106746235598774,0.9421849276076525,0.47778911718644623,0.44925547174865144,0.37320900216616976,0.9999999999999999,0.42623376529551776,0.38077531078972515,0.37357061355851545,0.48273319972457956
4330,0.8518203840991286,0.250368590940243,0.5479118783617993,0.03808692308750802,0.528284560068319,0.07807512211578313,0.7772002563382057,0.06856989650321955,0.6427922881360888,0.09342114486272901
4331,0.28037047032349294,0.8009828749892742,0.7989077333552649,0.9996523095592555,0.5301125115791299,0.11400465859226663,0.7853146308824204,0.7468215200952122,0.29143565994744564,0.005770101621012436
4332,0.7936458565289131,0.6672813005626493,0.2024826308845408,0.3005110753704917,0.5010879514399724,0.567577336565613,0.6499170204742379,0.12060113157475884,0.8081928904981759,0.036665120409956675
4333,0.6979851852197675,0.5324943760722228,0.6642598515964402,0.2874579257502019,0.3494645229886145,0.42254541472709206,0.2992891711241494,0.4383119307646751,0.7604006902668679,0.5333110953452911
4334,0.6141743096955907,0.13724675677063583,0.032274361736020635,0.5551068388996373,0.42534416173897405,0.7771170669799233,0.5141113881287489,0.7382901615087627,0.6373125653042373,0.5865822976602774
4335,0.34393392383722016,0.20432527225108088,0.760702314411075,0.8544061862592754,0.3006338368736057,0.3314420559659566,0.49913611133186503,0.5581507976269126,0.17227387401262134,0.3529764181825811
4336,0.5338478995739017,0.17872350511868224,0.11979468160350307,0.4570004662215298,0.8763742999360649,0.2483914173855591,0.3409960880528326,0.36681426401089345,0.6355521210914266,0.07884374673860228
4337,0.4163965110287348,0.5866777839601155,0.9551583467699841,0.24893453519301015,0.40381401985973675,0.15248452888587097,0.6274820376722483,0.5141197281023904,0.3465228568586645,0.9346906577521058
4338,0.510725908379367,0.9733972005368252,0.4280910766758905,0.5661168229263529,0.7210496982448067,0.3322139615985344,0.3555948471464104,0.24481313710522384,0.5883196749739013,0.40567926183920094
4339,0.4581026320979889,0.8772208167558571,0.7414320658264324,0.48314568170569083,0.6955609700252399,0.016732975810189305,0.2607737076178123,0.07361215649780282,0.22578842522617276,0.4292758308674737
4340,0.12061509421491061,0.5041605632076909,0.7029716012029092,0.42325039147386123,0.5670782884302166,0.02046846745169347,0.19983271202385117,0.4121864107950296,0.5534319497182465,0.3814216070899073
4341,0.7168978724337437,0.2735044850199203,0.4193777602230253,0.9843167499716079,0.4706338079558511,0.05984923078412334,0.814848433979638,0.057777529826440646,0.43497311361876273,0.05940930130036143
4342,0.48994413770427264,0.15699600962512947,0.4336894199014766,0.9963896202793816,0.5343604915562248,0.34964861014155446,0.40471432759465736,0.9797341087797867,0.3542927057184539,0.7104339439727876
4343,0.41377791337512965,0.9756926201890638,0.3446545346544755,0.5621833377743988,0.6075509935156489,0.2337934378492567,0.40858507518628834,0.4473586799476801,0.6147229362849576,0.6647934946781187
4344,0.39952800002999606,0.23537523037436844,0.6476223022039662,0.06801599239388675,0.5163111479272087,0.9999999999999999,0.3087325569126654,0.8823806278882284,0.4923951058809259,0.16441362856849867
4345,0.5728787395866892,0.2010666051117251,0.4218061188882507,0.5671593800581408,0.19382600602379535,0.2514016755831207,0.7513071921947159,0.9518465153700989,0.46320269307219625,0.2685385461169054
4346,0.3366187577079621,0.6207703213643683,0.34804417592999437,0.9528914838706259,0.14516701903298046,0.29396165357628357,0.2442300121440903,0.4490941547536479,0.6421921557433643,0.54689510472692
4347,0.07975500400300205,0.5560597780696483,0.6009808069651594,0.9260995349996097,0.7887571299293408,0.30534831746944363,0.27672599016616445,0.42006254185466996,0.8638532157352667,0.3767298732757651
4348,0.5820615225053354,0.22561318585151827,0.333461530432259,0.21558083250844837,0.0,0.5879556492603063,0.43952387735276194,0.8934449768126723,0.554513193062691,0.9979353232321778
4349,0.6031878990770239,0.6702765956980131,0.4394273207164543,0.19018777777545495,0.5347286427420631,0.9999999999999999,0.49492633453582907,0.03412912472971795,0.49909834135951575,0.49644945214013
4350,0.4675816716021363,0.09672542673475502,0.5207559056348687,0.15230671573162932,0.4514266878707723,0.19635216878383782,0.6204332436240345,0.48695242645099857,0.2061003512790502,0.8822275758577491
4351,0.2886680365116703,0.019061077579634794,0.3809707526284577,0.8201425862867449,0.5279811280802008,0.005482301964725716,0.3742488394796459,0.26821779907682614,0.5152333106049491,0.20456463001984132
4352,0.5220266916353437,0.08212808101325889,0.4091093811313219,0.4902614637581485,0.276377285798568,0.5746824297764273,0.7838571645590031,0.752684461038677,0.697148897126086,0.5561969247343668
4353,0.22892843615058966,0.36467684801809036,0.787048950817853,0.3381829822376826,0.5647083702730108,0.32486815726579465,0.37550491375842304,0.8367047755915157,0.5277326743780761,0.3217552832895227
4354,0.3114356998183153,0.9750308828963289,0.46269212226535406,0.32493748408449596,0.5367269930299388,0.6362143390764932,0.31280825694489417,0.6198393695470275,0.5993277290325221,0.9345034419501606
4355,0.36361008964908514,0.5471171760772318,0.4337122205734042,0.27552081382929705,1.0,0.47068987614717767,0.2952435579749348,0.40662981258762165,0.4909664694426596,0.551156087275056
4356,0.6644758637215867,0.7546663071996143,0.468121024956213,0.8830069447517281,0.5220194902711445,0.17484522435545413,0.3561118280336086,0.554794132998083,0.6849190267053291,0.6539286205124295
4357,0.43683182658925285,0.32128973549567663,0.585535038633817,0.40984928924716046,0.7576631105479332,0.4351391163441758,0.28329309515273876,0.5739496215248603,0.6192831809066772,0.07596384781743881
4358,0.42074637877205895,0.7192673260786309,0.3079699417709383,0.24411084986005996,0.2069912999948606,0.08715522886686934,0.6374582758883149,0.6349818201911989,0.49909834135951575,0.48765839748380396
4359,0.8740456236978041,0.9661927711718105,0.580454971414706,0.7107126770546547,0.6941919620957333,0.8561157790937276,0.314236250575536,0.9222320415885582,0.5872139328541275,0.5794505565708283
4360,0.5717472495606135,0.3575671135054466,0.5484904942515051,0.635727915617577,0.5406452216921624,0.9999999999999999,0.4743969069552008,0.24871342967448556,0.20907287438977545,0.2903606251583639
4361,0.5692061971273142,0.99908210462014,0.16720450237391013,0.7156757098542079,0.549052607046855,0.07924560416045025,0.30893929084571864,0.20113009232850182,0.5872561484068075,0.7357548445829014
4362,0.43549417006795216,0.6383108969904219,0.8354021501988941,0.8223153514346963,0.5517276775232407,0.9271086581887359,0.28220102481826664,0.1897763873633206,0.44847157796968345,0.46654977545252596
4363,0.39272736971167194,0.7485295461104268,0.7732166286048322,0.10126108117682195,0.8269299704164286,0.8265137092177197,0.7030773663413505,0.6971413985769361,0.5326694561861991,0.5612866602404145
4364,0.09272991551004588,0.2519378228305852,0.35147953854378433,0.0019704088280810828,0.5462219517154894,0.010466107920374229,0.7946404981082564,0.9049163279501266,0.5636971570422162,0.36089288267390285
4365,0.6880225944224468,0.6429932949734545,0.29145334629367003,0.05057027696505975,0.3452073150940267,0.34632807455274356,0.7330544023324628,0.32643136702278097,0.5556461253871041,0.6764894244802763
4366,0.5898310795887994,0.5108641970031612,0.5433117512033765,0.7070994671329207,0.37773867101449243,0.5574317295637562,0.2274234280121587,0.42037870906023755,0.7714315152426041,0.10311640875808276
4367,0.4714430320226974,0.9564109181372423,0.2348636840297905,0.9349075985277977,0.6549324716591123,0.6954510465576068,0.2530245025064782,0.9682571895198585,0.5086153968693279,0.5061999372771945
4368,0.47935586566804717,0.9046658617073129,0.7552140812888132,0.33123859739285977,0.5834278585182852,0.9554150938621448,0.8639446597450016,0.1448016278538758,0.5380312954111275,0.8956395627773879
4369,0.6441378379582322,0.39649195535999976,0.4134164900970516,0.7815346336872413,0.20084263992948082,0.9999999999999999,0.45197773045954664,0.8795654250118659,0.7547783446284588,0.2351378138967039
4370,0.21191429134976553,0.9468748067214252,0.8032412063532667,0.729501029329263,0.5964235266244505,0.1640656977494068,0.24523652904511734,0.959348955437851,0.8624934787060206,0.8684452989924609
4371,0.39395192425326203,0.8847966628154719,0.347033398405005,0.9784926979124009,0.28752340700508916,0.26005452347670677,0.6985937632764918,0.7994620351675481,0.49877655682946237,0.8850500150105549
4372,0.29085665164034535,0.5902685868896329,0.47985590640392206,0.4709906187164715,0.5816488240897307,0.004158143809742349,0.5113392113468282,0.3360542427000751,0.40485541060391944,0.23038541068960777
4373,0.8394837987085911,0.08183109889491537,0.7371108747483754,0.16613019035833002,0.34106178619728583,0.028535967586813833,0.6039859849803926,0.6534410021364458,0.41427294645954144,0.08066798694372374
4374,0.670459919988837,0.16052998370776667,0.4404983307301914,0.7655645175223046,0.44243160520147595,0.08607288573357737,0.08598327377893195,0.2910381406710778,0.5877687278145014,0.7644085521461982
4375,0.08965714065068513,0.07658566497382822,0.5515250696447788,0.8191766563197789,0.391497064174716,0.23209459104875502,0.43870338544910087,0.1203411191677801,0.4635015605133856,0.9585854668652036
4376,0.21964017879503467,0.10771503797545788,0.7045573245697789,0.7076065170623186,0.7906768479893334,0.5639352262656914,0.673973376986073,0.10686853836912381,0.1698198893351825,0.2556720038707051
4377,0.4802767864824545,0.9769675828556572,0.3970806350935724,0.8635598932749432,0.5746060889606668,0.023606076276421684,0.38074984613552815,0.00877377438516437,0.7154967535564984,0.9130042586307177
4378,0.4161099534202964,0.21192438269484037,0.2654721481973886,0.37133425300376643,0.7408113290251225,0.37593771916002144,0.7267807658037948,0.9784328199845881,0.6570477924973748,0.2081195156182588
4379,0.25537105992668285,0.6907732290496703,0.2287378008197646,0.6906136234822212,1.0,0.9999999999999999,0.25594576753861814,0.6549417948580664,0.7199791938197184,0.3592670956173021
4380,0.8721720432582504,0.6364285685453643,0.6095888420305882,0.26395088489684304,0.5059312431191658,0.9999999999999999,0.47813306457092336,0.32087538807408267,0.7574967179957517,0.8859044630794581
4381,0.5642149153406121,0.6310433587499795,0.5732866320187152,0.44662646939560136,0.7874035193862432,0.5826244041876618,0.8024170139223847,0.5788888076384169,0.5383533740723883,0.3040191214543271
4382,0.5948321762878398,0.2064592391395102,0.6987767803614924,0.24258458089777765,0.36158409348434334,0.12056369356395778,0.28655593964920695,0.6189108313601783,0.5516405718714723,0.75568521434803
4383,0.3746820153027457,0.5792276056865868,0.44967294418574544,0.15458558223253208,0.7396053314800746,0.44259682883384055,0.5489970974628593,0.1824749976505725,0.693385002837003,0.1469162509095937
4384,0.6415209145508465,0.6254349512095618,0.23395470941480187,0.03595055498107394,0.34068367305525243,0.12953512480830995,0.6068649056114832,0.2884848651881578,0.2713076559983197,0.37873001872462786
4385,0.43346932289709267,0.5702833101486932,0.06200282756782119,0.6717141798492103,0.4933158319583759,0.29001385338140756,0.5157710205694388,0.5470667580724177,0.43517817464935243,0.9407397938933884
4386,0.451787556886552,0.1859107737828441,1.0,0.8756568759939194,0.600724540716645,0.42145185174376293,0.4527683192079058,0.8397785683867868,0.49087065617403364,0.22623571393482078
4387,0.6205267995106482,0.7229901137356862,0.5990500177620625,0.31454496632670603,0.6311609959923616,0.20367211801844767,0.3372125721969465,0.12909913323384853,0.6772897734818069,0.7016875226796939
4388,0.19789820889655335,0.07295335667853017,0.526292197981923,0.4294137846443282,0.25073176454600576,0.2652591164633947,0.5351712831906725,0.8583321784493416,0.3998167593371737,0.9195545787107982
4389,0.8065637748792724,0.5910850238052993,0.5527462469681521,0.003529333186405109,0.3291722275129219,0.7966727785892065,0.47996407980546957,0.6088162630624828,0.3668474860468926,0.784946298272908
4390,0.5396589250450539,0.4360920498774912,0.233842496673164,0.4130256309651097,0.615148872738938,0.5005048628146818,0.23388897866240016,0.48940992545555073,0.49909834135951575,0.9479917310105732
4391,0.7469271604585921,0.25005654237293784,0.35254087496151465,0.28143240680922144,0.4257514469547909,0.9675558689979016,0.7018431401668808,0.1434604383942959,0.5913608958404293,0.9437507976790809
4392,0.3023436814860242,0.8073469676243589,0.8259047658074771,0.5744451830418917,0.22659266064669453,0.05528528246508265,0.33098849090518706,0.5496946123185427,0.48916998869408174,0.11358192574593323
4393,0.3310700986443183,0.17563740695332866,0.623560084183922,0.9089162784413565,0.4831489902070956,0.805068606126142,0.23868252941591944,0.35329147890357704,0.22653165350906007,0.6016417440644378
4394,0.2860271079222704,0.9329821277019892,0.3583734050033778,0.506366388294924,0.47386549768857766,0.0852492611179379,0.38899398324359785,0.18851723030636197,0.2639875484767112,0.4268620702423428
4395,0.5524714527047782,0.884549054843911,0.2719852812373862,0.6758244733512179,0.5310979815592627,0.009944361950564628,0.334186333067002,0.8799843086200909,0.5280928243725005,0.682722798834855
4396,0.5176962119633608,0.36039472441921117,0.4046063615843247,0.7057884443822913,0.5992474659292113,0.5541563067485089,0.45125661022728164,0.4603038355629636,0.5344188933899479,0.7425378248257286
4397,0.4176246985413093,0.30494139820635635,0.44195464473598933,0.15248285396366554,0.5869474400027356,0.12731717595050285,0.2696558966923846,0.07923326937564727,0.5073815295897475,0.24519207304004292
4398,0.31391890817515067,0.1372185612112146,0.8829381308590719,0.34671094444482087,0.34829227615201874,0.06844597312057539,0.581562782162431,0.3017642252298064,0.41271551174271687,0.7998603857044452
4399,0.2662737362037013,0.9163225628136886,0.4656700535308087,0.11317840290400283,0.41741243337712997,0.16915115404589182,0.7537291332451792,0.18104996853509375,0.6517775160190362,0.4091685425689603
4400,0.4960992821963191,0.6274291332833712,0.2789347735647568,0.44093030554489754,0.6763373535313726,0.11259818340959735,0.5184392943864158,0.9392955531801958,0.572239560632053,0.6567212768562306
4401,0.41740301463719814,0.03147978375400182,0.489852026391446,0.8876750007526546,0.39181111072686836,0.9178377004967018,0.2324145846159959,0.2426481089653425,0.5657670083187067,0.4276733776226723
4402,0.37589102706916233,0.5108573577948406,0.5500791168982859,0.4811365577039287,0.42045628253157774,0.04495224699449402,0.33040376097144003,0.5061584501449732,0.5725086841867106,0.3460774636982352
4403,0.7971417262278753,0.08551338033367079,0.26196463192212605,0.4563437791348107,0.20591131784225264,0.033785123994137654,0.5397350269917542,0.745443694788477,0.8056163671522671,0.6938822398836207
4404,0.48971423493909333,0.5736298075620622,0.5757832780341381,0.20940068441577095,0.4913302366419002,0.1660861427868931,0.13597492260468352,0.1580406311412143,0.30755063030241353,0.541881944753952
4405,0.7448703785816109,0.5088189738048614,0.726238796871117,0.31034087714089087,0.5636625051196041,0.10162485235467833,0.27143996515905205,0.4372033861321578,0.42214637610718225,0.8529202169139947
4406,0.404636344990492,0.08255948136377861,0.5266427217982782,0.9370115991940904,0.11476376959668794,0.1462758806385737,0.19491794118733635,0.6531410954198754,0.43824286885303304,0.7860004290874691
4407,0.5514297128433084,0.8158214309923776,0.3521318597917631,0.303115595829359,0.28986232346721136,0.055012742528334976,0.5202040495094029,0.8819659072358766,0.7410711831627248,0.8683302555468024
4408,0.4947800551129727,0.2620911868858904,0.40214903238319677,0.7317041179976571,0.2218770560001217,0.6170107118843444,0.8978583986796185,0.6539634128463087,0.4311355981787179,0.7657620264996059
4409,0.18495053693981767,0.5413525964698668,0.19141526925535138,0.04214182146748621,0.6493665553621484,0.2503005645841489,0.2662356112226661,0.07956130385338807,0.3515902403177497,0.9168417535551437
4410,0.7747365233589999,0.6389400348599207,0.47582141628759467,0.12835379631500585,0.12697713689218298,0.048313040971795576,0.6495301031039744,0.3211999482692829,0.4820395043627255,0.15661542012121765
4411,0.4797470037577756,0.9623147981995385,0.5587402568075582,0.3116020938425865,0.48165808020960743,0.4414070664574128,0.3948625459941561,0.35059027290608447,0.5220078797401575,0.6404632620535158
4412,0.646076261639076,0.49366383503179684,0.33356295736199093,0.9018166893147137,0.6357318587554851,0.18669799980836768,0.25531514255535,0.38795642129047087,0.7294286205234082,0.08235230935552917
4413,0.3633590055808361,0.9173108526158711,0.8625269392174936,0.21937338350443578,0.5332076273729683,0.48938433724165775,0.7875096267770181,0.9416705095892225,0.43000846446097524,0.4996193471643416
4414,0.4741451408726359,0.3546625845852815,0.6485378711662548,0.7270600050470152,0.4117778624500194,0.09701739698037576,0.8974275715271387,0.03515121276839438,0.37153963533580764,0.8613421687775884
4415,0.34169482595466333,0.85741207217576,0.16643577533573176,0.1675823583416491,0.5638942157766313,0.2879108457118882,0.5749001823342779,0.30179917075037477,0.3292891739355576,0.725585086610609
4416,0.7384470922131868,0.2355912956282197,0.17026169456290055,0.6131049924845082,0.6974566223607546,0.010319772044741696,0.5657940612205064,0.4922083675001635,0.4367339530246565,0.5829063694921159
4417,0.5640016073757372,0.7074040203605477,0.31726486723244407,0.587079198563033,0.47606281006198137,0.9999999999999999,0.5103955234786997,0.08587768927338342,0.9891817674861687,0.6939712379921482
4418,0.5745001904257244,0.5041605632076909,0.7941734995510105,0.6222150404696681,0.06380654123259111,0.37468117069807105,0.4715521525962804,0.48328445995331826,0.5747922010431927,0.173238789630124
4419,0.7615002913501686,0.9860686358344731,0.6669342243933227,0.2863890947401335,0.7188805166192017,0.9999999999999999,0.5616550560316407,0.1066244079740485,0.6158013043298713,0.9308038736469822
4420,0.7234178907244663,0.953943840131964,0.8035965305851612,0.16215839197589146,0.5742998753375609,0.2757894551690677,0.6236591354511074,0.8377649417855698,0.5020857239127765,0.21242467215381577
4421,0.64964677900896,0.4420483656498893,0.5026851062388329,0.8868746999358821,0.49047995116048376,0.0009106047207214323,0.8058156079329915,0.26968854952826427,0.5282409088799964,0.1669204571612306
4422,0.23700461010159074,0.5237975272266394,0.4617122498187607,0.5696869003857294,0.11382011007666315,0.5940581585790382,0.40245402588355866,0.5227840044549888,0.6515616999257345,0.1399506691408991
4423,0.373990683404729,0.5976620934018934,0.26812590886321475,0.2121215606438693,0.4391768317646892,0.537568360903334,0.5224103390351567,0.6181542315968777,0.6090381628748032,0.9362205112967017
4424,0.31583980399221984,0.27481586270506025,0.5659956812536387,0.41350013002062214,0.3275367416215238,0.060791381472639766,0.48258504250147954,0.30535354207653964,0.5684732730704076,0.46082615626657003
4425,0.6425132516820854,0.6743845523873425,0.46419658964965105,0.06710313809967641,0.26161637120944803,0.19805779518060146,0.6878596522521447,0.35097302589277474,0.5052034022827081,0.5330395438735984
4426,0.5374444124616934,0.6984831946499523,0.4570157531544916,0.4755757641745748,0.4704847923204687,0.2839617450437603,0.9417545891316994,0.5102805434847596,0.43521012778983786,0.3789888115322037
4427,0.24289403762723255,0.5249391867567037,0.802540712068525,0.424066716353799,0.3932072644206753,0.6454990244198169,0.6942258417958396,0.8053958549831478,0.5827568687608624,0.027218399725232212
4428,0.469635875597542,0.1474760311399489,0.47721820063244025,0.13276810531064956,0.40594794082725216,0.648327745195705,0.6461930175067234,0.4524178065202168,0.5180152171616075,0.0666049836820678
4429,0.22334747963877755,0.9191816554269687,0.7490034914924312,0.44455770647562964,0.6399416484726717,0.17029282154037295,0.6664213958291136,0.4906473302177895,0.9073219089601572,0.015698676881353124
4430,0.4952176886559673,0.11476938580351204,0.20461195339072288,0.6398075760108608,0.5463124126473233,0.018113766279873374,0.7327631442220102,0.5956863410014906,0.7017320657958148,0.538970987115523
4431,0.19292195638294102,0.6290699967966906,1.0,0.9288987373909279,0.4010317920895643,0.19851204154812238,0.9444054155574544,0.4249190439979482,0.3740416536368612,0.19343473585577797
4432,0.6050226538398806,0.10280886459704953,0.431167765531827,0.7034897405415931,0.3764923846803036,0.1899093842055258,0.1879282831339701,0.7259865936186055,0.2799506813823604,0.40208637024798466
4433,0.5765584485785877,0.14583549427178358,0.632667927830248,0.5026473938498327,0.4088958157042011,0.13316192753160233,0.6095394706686943,0.004334931753099222,0.426488664685521,0.460294021022544
4434,0.8652262646107944,0.020230720214091648,0.6623373283756206,0.7703864541259248,0.44901538315090994,0.9602488144684506,0.02263600205744093,0.48276588815653265,0.2963495752840836,0.5325524384059699
4435,0.6652181465864084,0.3631721982314033,0.40802620463093575,0.28004493448409107,0.6098489888962194,0.9999999999999999,0.6744439045056636,0.9230557454538671,0.4150713674714966,0.892804757870169
4436,0.4254541898168596,0.5041605632076909,0.6535267431916466,0.6690703032389692,0.29521837035128873,0.49396421055766493,0.600580019508558,0.6157385355463172,0.31794283360679637,0.043174906005659874
4437,0.6595950727082546,0.5214057219760166,0.6632195025947281,0.005045249393397344,0.7789795790408249,0.0034938207538485256,0.398008401073272,0.4861481500472884,0.4400120863556571,0.49420065485739434
4438,0.2415447489038039,0.6744522912857176,0.36778270394251633,0.07256528961763029,0.6099886059285421,0.0010484238439426082,0.006247268171996501,0.7719637122341867,0.442274573424745,0.13181104105951064
4439,0.3236538181756235,0.674932162816468,0.3699916111602167,0.6245338430369615,0.0,0.8071090659884868,0.4962496782790677,0.39268686698923316,0.5301006297849014,0.9265197950243496
4440,0.5681020837755479,0.13990652870470396,0.5092306474754568,0.19261898911524097,0.5133866789009084,0.7771753906717663,0.5400232671177663,0.46698124939124497,0.46283856513333727,0.9174573475943604
4441,0.09804235373216323,0.05704222978182872,0.479241988131236,0.6890274764880819,0.6981845550975054,0.06450527754313322,0.4872614270499949,0.19471391553342993,0.3307236285964022,0.13988544735462327
4442,0.4982356542390371,0.6252546812363307,0.7605939505059457,0.637027221244148,0.5720640997155261,0.008102820515298781,0.3842434600432015,0.12371102829504292,0.7329467018201674,0.11730511376392105
4443,0.3127502456821708,0.6531302509725677,0.6318257432044223,0.06367681759429444,0.41711987653271765,0.792287510689626,0.33343554357930744,0.024963795825861543,0.5787003152058323,0.10981503469331672
4444,0.5243608687541599,0.5565771041819965,0.4876474218190665,0.39265815075237853,0.4850610089837412,0.8397186117273712,0.4893505755503373,0.7314207625596413,0.3987042150926134,0.09802808837093974
4445,0.3019066001447823,0.24553088861185707,0.6138120771657748,0.6132652184184348,0.5313697403136841,0.23093548349291196,0.3509481406994021,0.4679263786863991,0.3337954096976374,0.15804590712864308
4446,0.5852912988495081,0.8107243351016482,0.11908903071079555,0.7137909193553937,0.6457370914755999,0.13077196651358283,0.6482330795537041,0.9394037093519502,0.22339822007731996,0.15563740559788103
4447,0.5088934832797333,0.07539703475336824,0.3860282403582561,0.8164406935790014,0.22316003658735617,0.8282720978155509,0.4843839482358921,0.17635801133512258,0.20948367483547842,0.1634500518205605
4448,0.7694588742481264,0.6322106770706334,0.5544585106393735,0.3305758119898776,0.37985083490642224,0.010569734121040416,0.18068044148917434,0.24357018191128615,0.7011361981307662,0.14852394843379557
4449,0.5065175385039363,0.12013765058565348,0.7087920360906571,0.8370820756482457,0.8138233374789705,0.402391609148228,0.531509269952501,0.638575932901957,0.6809643921410697,0.3778780210450127
4450,0.36022436818771403,0.6543540753479522,0.5380372483098655,0.35439830079844326,0.5032507065426597,0.15781720816695866,0.5753299050124108,0.054058145930071064,0.3911438950569876,0.25385035961909597
4451,0.45866608730680875,0.41755224998553325,0.7727364839774337,0.006970810047753823,0.7924155944773214,0.0678083411009667,0.7974473819315069,0.5031730070856997,0.7616866531391646,0.4170452073804939
4452,0.25162510025293666,0.7180308988633872,0.6626482067236356,0.6102675402460402,1.0,0.26789657682094903,0.670160512008942,0.12308797959528107,0.6193132316342504,0.8937433526776815
4453,0.5818742548875482,0.05189529226431114,0.4097097588302063,0.2417606296707471,0.4017049217717191,0.0395337117134242,0.33308452772497193,0.1609291340066576,0.5407548816808829,0.35192763446784353
4454,0.6165360313115986,0.5549558104974252,0.4746659983492858,0.12441932734703354,0.26529112397594706,0.12090128586575112,0.7619908812413307,0.5118654190835316,0.6658914818111055,0.2864312279299167
4455,0.9711188130665958,0.14461227130445772,0.5769500237117217,0.2584575273821804,0.4455169665022968,0.6363137998108815,0.24316316222906548,0.5688743461351355,0.6196355993825875,0.9143548522687357
4456,0.3879229263146135,0.6822974185875881,0.41711249684730445,0.8282759784047029,0.7094528622788323,0.5564603385658785,0.5041029164262649,0.2116001921573611,0.5313364605418358,0.3215674878963071
4457,0.45472116595417705,0.11968159214419838,0.7863602177068431,0.9144029291200224,0.7365139324937577,0.31635466271614343,0.6380419550221375,0.27084354322269455,0.45653779647371545,0.12195168549552499
4458,0.3966165239553899,0.07329363252275158,0.29400841321033433,0.962120206942654,0.9363399782450279,0.05592181903738504,0.7680556768243616,0.2837210966652246,0.48177608227390206,0.6189652298689458
4459,0.5452671484654171,0.7130489607072485,0.5597336251896965,0.302950558608027,0.4897586314219964,0.3661014217303234,0.8474346913248672,0.14132844573442765,0.19665935270902773,0.2817519516154252
4460,0.5772618061796826,0.06323885166382473,0.6379388179210548,0.4561194008332433,0.5912812058578987,0.20637712382811568,0.7341103010791306,0.9657888951716475,0.3500190685447582,0.519932467068334
4461,0.4951764905935903,0.22429207425977044,0.44232458846474487,0.8028763927956447,0.35920223422907543,0.20542166628808162,0.4736983883401073,0.6920855763651539,0.8441339709145521,0.7679772592505132
4462,0.7102078426628682,0.5041605632076909,0.4002973357151711,0.3180298244529334,0.011958831859158636,0.23938972203713552,0.6058633863350908,0.11033979814839913,0.34494082245276686,0.5655457317663791
4463,0.3888392167735138,0.8096470624566635,0.4865922798191967,0.38530128442120726,0.4892079097943018,0.21421723948896515,0.5403114332318142,0.3568224060929004,0.1505548451816548,0.8087602802950897
4464,0.6913118372105778,0.8540995106508453,0.6522153839613112,0.23736449839213095,0.2737104063680661,0.07416298702444787,0.36800493949991314,0.17214194763468266,0.6738751362947066,0.34466327970386335
4465,0.6068471947295181,0.3258954268095173,0.4075615939115612,0.5726116283625852,0.6213205773122306,0.025692861604118253,0.47757122522166223,0.23396648559286398,0.5493724599493623,0.16862666286426187
4466,0.5029771829548393,0.527911726114117,0.3014318664599507,0.6595510223034187,0.13296524589920272,0.11917627062164184,0.8306290405230763,0.9395283189255667,0.5600603730846814,0.39463203181613515
4467,0.44582670631338633,0.773293841706031,0.7153602809793859,0.3185668381968363,0.3538707549552269,0.14305057538906787,0.6181316767639176,0.13626819885426167,0.472214777405146,0.41189387061372845
4468,0.96309485325035,0.13671722365248845,0.5752482102739174,0.024222425536623404,0.5486542475979679,0.09192274168570792,0.878888186491027,0.8798224841618273,0.6751665962369136,0.7159550991855796
4469,0.35109901391463066,0.7243208448643489,0.6887422384025185,0.7362274277027019,0.5689027763078766,0.012584563793090564,0.29916940752510685,0.8418204645626822,0.7927472142977039,0.6868241030106523
4470,0.5614590108820687,0.09720472655010738,0.6423932533944043,0.6168619648859163,0.4877017795506208,0.3152580122512674,0.42850294869614985,0.7435882190730939,0.4030766420738266,0.3093296116270857
4471,0.36370043903137983,0.9132443169088134,0.9073211946346972,0.21908037936953131,0.8580730970159576,0.28729063129251503,0.5755267875352179,0.49647731493907643,0.6223752530445028,0.9293270242255676
4472,0.8421462586679307,0.6372107572840958,0.7087186563031996,0.31477331227903826,0.8004547173107129,0.016404914989803527,0.6358812500410502,0.25796399912183265,0.7146318893410843,0.2755451425240509
4473,0.672567553547163,0.4931572839317575,0.3657433616450596,0.9575350619968952,0.3645102929794602,0.3487611904349888,0.47735740042431746,0.8309580566313057,0.39237787956747666,0.9964698539688678
4474,0.3772602522067537,0.4845783313772107,0.5884840918564861,0.6304744858070626,0.8081813649541127,0.395337677301449,0.6466094554158233,0.8340552205459089,0.7889292362470679,0.0326411331977805
4475,0.6019600109682073,0.18110873414761783,0.3968118443345632,0.595732707041248,0.8377354457022718,0.08376485008548518,0.6452177041976064,0.5250903542608754,0.713999425393127,0.6737245676116197
4476,0.5538672685624731,0.345719598335594,0.416088521271088,0.6399660468190019,0.47291173389535224,0.05439952620361194,0.24281429585091013,0.04706918923397997,0.26618469439068543,0.620191355991683
4477,0.40777349895025045,0.7270545533168967,0.2373558056139071,0.9548647785042252,0.5056600158608727,0.3386480389554869,0.6379263524393479,0.19251390856478268,0.8051534316941968,0.5849069842800543
4478,0.6482924203274468,0.540811670649603,0.44742222722959146,0.33999631967273414,0.48706689248013413,0.331238478650039,0.6969381865360023,0.05554491059405804,0.276145791668065,0.7791293143630176
4479,0.5786985279679296,0.5291703261148372,0.602427692522482,0.2810260808178986,0.37211741674294646,0.05405341963127404,0.5535505183700278,0.17938199482154787,0.37154086994770014,0.5908544127285211
4480,0.5459435454338234,0.1949972668284691,0.48846835077911943,0.37689671011307535,0.3913308673394462,0.16745170240050522,0.15940681249557992,0.5081843734447815,0.6320228333959903,0.6098969780688825
4481,0.4973377708706566,0.6902807925149855,0.2957535902170073,0.8012986579011115,0.7520706410341287,0.35196076273438026,0.44782550313386355,0.8541671136978446,0.6999965374433923,0.8773560956203009
4482,0.5865754778191756,0.39185169187496277,0.21674449526812703,0.12099532382178838,0.5814782451981092,0.5172945803063617,0.5797118893185838,0.6530964954262513,0.5208877704308743,0.18669363499977465
4483,0.5485262873360672,0.18250049432004709,0.8946313952467658,0.20690068593132624,0.3896825066897458,0.15676526839401206,0.3391709594176007,0.600727733629591,0.38247915186652875,0.5311317528119113
4484,0.5163962572935628,0.9437887655516177,0.561422214086431,0.22833136407711577,0.31776502527139494,0.4040024640109498,0.6683465139830485,0.7478763669101748,0.45272490914435365,0.712087718523845
4485,0.38430418231814684,0.5066552723184463,0.34709572542907585,0.6366511748493445,0.350238674872386,0.73050590600704,0.6335254426344201,0.6397622514954904,0.43023685657407157,0.307836234018246
4486,0.8248157455286902,0.5279003410349563,0.586901767318299,0.6418592053242078,0.46518376784944293,0.12379400680319526,0.5237204127384312,0.4431470158498939,0.6619554986637317,0.21943750025349895
4487,0.30706048420435084,0.9813886103286349,0.9090550025774821,0.372038377152596,0.6735096793622981,0.18178614567240617,0.5021236690203832,0.8153312223879399,0.42503276809581875,0.12884841919716106
4488,0.5859305400910523,0.3662152782779907,0.6164947067108207,0.2763002021451213,0.33051475795304,0.2188229349713868,0.5344959835385765,0.30981536886028566,0.3783037168421472,0.26264418982650073
4489,0.44482596281534875,0.9430244406351025,0.0,0.7549801767368225,0.671291588346483,0.4407951730232235,0.4981566815506981,0.9281578727456884,0.22149504471117182,0.6660612477282609
4490,0.8372268836267982,0.6948453817856702,0.9954222275792949,0.03172192767346879,0.5349746036964527,0.060004741638481365,0.2617150816262989,0.11569211605443476,0.3892496835635067,0.614945368890229
4491,0.3347836815394699,0.6329947850515001,0.15590452084707748,0.7390586281607398,0.5245073303296438,0.31378125373514537,0.41954490366306535,0.6375291816704854,0.4796531368770232,0.17170212782139938
4492,0.36652220403174546,0.23418289542614487,0.46236076686880734,0.21035157064344825,0.5010879514399724,0.5591939382714672,0.5122784853259854,0.5002741743075921,0.2873886640689048,0.4911251934198611
4493,0.3222679244754097,0.0514586148405416,0.28940604034701545,0.9031735093882971,0.660006302917213,0.0606966550144094,0.7606580189162035,0.425469627757297,0.17067979595334754,0.21372221905131294
4494,0.5662761993666882,0.4376170703020281,0.3627738742020571,0.4138644902470745,0.22520590709429045,0.193592127347585,0.6265976211159365,0.42942698808358526,0.6883126064024543,0.9359746428597033
4495,0.2461886119695203,0.009859869063832604,0.5538223133581078,0.6425734127564049,0.2872001343147216,0.1561755351445568,0.7705692228834384,0.041659721956263454,0.31208252438440615,0.7241216647709902
4496,0.4149612557076496,0.07071194928328141,0.11454404906630236,0.12100576400482221,0.4524830933818064,0.2977466052650529,0.23967161582508562,0.7514390038399542,0.25339531031795154,0.17327839393716193
4497,0.0991524785040764,0.5952131605101811,0.4839507002062976,0.25398206596523853,0.5657326319186239,0.46477493644319906,0.4331859706285763,0.3520060947151087,0.8003178676229459,0.2896699707179041
4498,0.5506080529418452,0.7244018260446455,0.7147555957131467,0.7009119544934782,0.7608238164678969,0.061011275385835,0.8815618953099231,0.4763782538598479,0.663390090853589,0.8530756025208157
4499,0.41086961312004816,0.16769049092210056,0.3435203866295359,0.5505896235605404,0.5094636455496622,0.9999999999999999,0.3618175683394978,0.8475833571063522,0.6969618072934121,0.5570980648469012
4500,0.22449000944461456,0.7324331153962061,0.24149887208563467,0.7708129135102697,0.8264189604970171,0.06032149632090418,0.35813475683992285,0.5769173978397285,0.5981185299409624,0.355917310201613
4501,0.7100726554648735,0.9497318457406986,0.47480130917920293,0.5636425206767458,0.3601875787108232,0.3908208724676162,0.4487631344773149,0.8514284276704805,0.7512745115986754,0.5983996432008379
4502,0.2585247962102418,0.7431123866264805,0.437681870072825,0.5695740916954971,0.39289550455760014,0.16684287686823482,0.8712758993279999,0.1365948578091125,0.669969112520725,0.38944705670509355
4503,0.6556090798857014,0.7846655454789677,0.38977369093480574,0.8586349349779206,0.4377505189434887,0.1409031398893735,0.37500000000000006,0.2814295316135949,0.4367045102506511,0.9114284608691998
4504,0.3729790717598405,0.7006345541808497,0.27915963297730373,0.424866225456356,0.3388038167009825,0.026952986474015252,0.6017694946286534,0.22750846303511457,0.2998040406793057,0.8735384136825386
4505,0.8074210164126836,0.22449876652081452,0.5976068321361572,0.8954376115966274,0.7211381384665344,0.6966939293599811,0.571241548584903,0.8863493847673832,0.2583700757532235,0.16033527724367885
4506,0.6466672473395307,0.36069722147523686,0.6117952287844235,0.3723673932389172,0.0,0.1682975356085516,0.14307223269723562,0.7815024285661588,0.4756013247297914,0.6774327523318211
4507,0.31505497218185113,0.9492728270432105,0.30204253790407054,0.3287262658282759,0.39947390877595434,0.41474628442287703,0.4960130338378285,0.8340811290730852,0.2931651588114413,0.8375830478834898
4508,0.33221771886751167,0.6611192204395615,0.32785226006515333,0.7797609276719139,0.7189722954971984,0.131212710354188,0.39688319276127265,0.5684868387056139,0.35059796147035566,0.21119608530039818
4509,0.6194934809530216,0.788976514355571,0.526236293630637,0.011532467879164843,0.43646694082636983,0.032424636624837994,0.624001150072538,0.2203201700624422,0.4732084662811787,0.8715073361178387
4510,0.4557431053032774,0.9687070402065575,0.3208180111042872,0.17225216059007678,0.7044032049167843,0.7799143078980176,0.8197887919787816,0.3766738276114446,0.7677090011341976,0.4195239858612121
4511,0.47329646372129314,0.23120050774103226,0.5341008170169604,0.07177953730786327,0.9219696282187728,0.13558447249357045,0.43533167213734375,0.5500918932675033,0.2151627917314582,0.3076860103525839
4512,0.7452846920133708,0.32148071502701686,0.7745655463208895,0.5123216531350784,0.5124263928454431,0.25895722254665093,0.43532385806157176,0.01841528489358575,0.5077881721424797,0.9840664894761664
4513,0.36398914665844195,0.6447047560763647,0.48962444235015967,0.6283409601561931,0.7229814581401491,0.371783218493722,0.9634806655232901,0.6394928651583137,0.2643948197381963,0.6879898615920264
4514,0.522471627428295,0.024051168985729995,0.274446831213611,0.010361475287771121,0.9648047270238891,0.9999999999999999,0.3676162365679783,0.8548636186488664,0.3964473802936755,0.2904652471185533
4515,0.6853598944446022,0.5710973454921828,0.5739067509402023,0.16151864911749844,0.5746530834246819,0.4658890445805996,0.2511029032505285,0.3252765272266433,0.6787933216993709,0.5296643303462066
4516,0.6579059532488618,0.8086467966740348,0.4676492669183073,0.30266142112592287,0.4875810926234375,0.19903928926251344,0.7530872334475551,0.6796669117135793,0.34097509483591754,0.6434471164995628
4517,0.4751322267691846,0.610334880696626,0.47277746943244114,0.2943425689486222,0.6714391247775273,0.1957313141216814,0.48956311260066393,0.4833098050278053,0.45210605966884093,0.7119247760147519
4518,0.450738021360031,0.29517845723514297,0.589426810242525,0.09715819512027457,0.7259375057387765,0.4537628490495513,0.5511821640051411,0.003404196178842245,0.5289322265640519,0.20934288371233167
4519,0.17717847984644958,0.724033952187325,0.6296566518389544,0.17290779856379593,0.48936988643084733,0.016120897849244743,0.9106501775407865,0.28360562499634345,0.6353501075261077,0.6165797423605871
4520,0.30596145165742267,0.14576638650189847,0.5074021204917112,0.8474225536435238,0.40328931233991866,0.28936763093427365,0.24003622273939423,0.5276363093799821,0.39805284321699214,0.84725785122382
4521,0.5653128655195483,0.8947609412838256,0.48946449698364725,0.7008844891107863,0.8290687229903042,0.3212759031354506,0.4628401253292746,0.7248159355835279,0.7416628141924257,0.8036525474252436
4522,0.4792321926097772,0.10063456542088985,0.8856228218699648,0.2962114765612345,0.4445336317532318,0.09992783782630438,0.2707966169735972,0.40172591550617653,0.41757524825173814,0.29423209083174295
4523,0.5193836657674843,0.8634680475696129,0.7246793281629217,0.26350950690254127,0.7277773882239411,0.5182168365349409,0.560751809586842,0.18579364512366375,0.5941579325675121,0.9701968976218955
4524,0.7013265448570677,0.49766291917608,0.6562339206245589,0.08021688302111163,0.5477234895442713,0.7593933333795825,0.3968687142115858,0.06051448365689187,0.46606116260864566,0.012527526535808908
4525,0.2812304823077403,0.4284771517032266,0.5252504681562927,0.34904734937777404,0.8502625061820283,0.3190553814963353,0.282482129939674,0.7145927445152962,0.6428975129247216,0.7790068982060325
4526,0.4606859417653379,0.5005162147149863,0.3132142853951828,0.3982335649089309,0.33264927442979914,0.05060314360614398,0.6340212727922323,0.36470882013668066,0.8873250319242676,0.3170711842755731
4527,0.5408516716096249,0.19995934957869213,0.7110338797952306,0.9045787556023597,0.33227509357175233,0.28581964192221465,0.5008115854371582,0.6469597773063275,0.44940278407540285,0.941207571229955
4528,0.37239057762648375,0.45752552867415636,0.5276913619001363,0.7434386473624852,0.6621586992442323,0.09901509268175097,0.26796193236279436,0.22132376567632406,0.49909834135951575,0.8610533778847649
4529,0.7753287332431084,0.8496920817056113,0.3931415535040711,0.4793551614153574,0.2782394931723772,0.9566651192900281,0.2792668953324224,0.7546128512018154,0.4200647583498717,0.8811589587143391
4530,0.6766731785056878,0.80091104934317,0.45543645813202294,0.1349001180011649,0.5194369312494501,0.03114980108691891,0.5372492712762069,0.34403987151521237,0.3908231760209851,0.2518226413093445
4531,0.5599873857656257,0.16278903974331696,0.32059218188868266,0.6564445427073647,0.7963822238963247,0.9999999999999999,0.19062429637036077,0.0518276540301411,0.36928917889702134,0.7964078537653387
4532,0.8437709321248319,0.5041605632076909,0.6979684835477795,0.9364240690153351,0.15164280132502128,0.02502852812516134,0.5408797847029212,0.509997800863846,0.49859845055450586,0.3326137661783603
4533,0.22244506478853476,0.8568119330046984,0.6281646262778886,0.07806154086373351,0.5746624784524257,0.4550217214994756,0.7460729169803635,0.7313584644642968,0.35453131195499715,0.44717686306337723
4534,0.5037891656260421,0.8197297451565895,0.5346547986746398,0.8489792770254613,0.7312622916956295,0.1882718870897212,0.6219877835822301,0.932543045714514,0.36029602075975337,0.9043350772483671
4535,0.574364994954801,0.425461574059042,0.49280179039644556,0.1801782440060433,0.49186657245618154,0.45570631462559164,0.3838934138267716,0.9709292494905698,0.0,0.7204405472796644
4536,0.3326945922061123,0.04779454654505898,0.37383926954180047,0.7015846040436641,0.31755288248081737,0.05194088763167994,0.5495253805197464,0.4561480225078689,0.7652527534262943,0.6405483641482119
4537,0.5619837807729503,0.9311691790903283,0.10353163675012803,0.18392144886665465,0.4460822965914886,0.536307777631066,0.26797219491381424,0.6117054367871806,0.814429031273624,0.12892007902290054
4538,0.2964640982347242,0.3957042064971276,0.23727626591701914,0.6002705941316022,0.334685315090015,0.09472405296920626,0.5240520173611134,0.5570165621639559,0.6253913887799076,0.5382579215342289
4539,0.6355367888626837,0.36078394583647705,0.362280923143122,0.23771475459959365,0.5102548978822194,0.17625021087258028,0.43859735362804714,0.5333214321917391,0.33612163241216203,0.1234608029719278
4540,0.7048323173982718,0.7594567649597024,0.33424668858793083,0.5419282489230398,0.4433554470511905,0.4220016052905218,0.30713067072793515,0.11403954746284,0.2621047345058635,0.07496677992618378
4541,0.5566290111150441,0.26374678380875627,0.5547456425251283,0.6004149748422125,0.3975992918072246,0.3632842036743309,0.6139902772971721,0.6707364635854396,0.20491825150427884,0.9465831129673181
4542,0.15567302840533076,0.8347151357642704,0.6521212463535535,0.618785886144754,0.5870433868154897,0.2330394548177073,0.13403378683422468,0.9653379908682321,0.6235679435113353,0.5923770779111567
4543,0.3228385754728747,0.07576270345276308,0.47682775015351175,0.6830940371229334,0.8023216736416023,0.03366198372568111,0.2801064760268673,0.12631149895755228,0.7425210474598727,0.0060844227992659095
4544,0.6117927332028708,0.740646674687194,0.7635381288304778,0.06904211298623461,0.5602872812181824,0.25044718305396685,0.30229091117057055,0.3114865199886827,0.5336940426368835,0.468998706530432
4545,0.5092465329107825,0.9658009312845097,0.35477402560245774,0.7036920435313786,0.7567792380883136,0.6151295213784025,0.40576157778851524,0.07652534812954111,0.665110334160167,0.28670147718656336
4546,0.0,0.9957903561258931,0.47550402055359264,0.15464966331356858,0.8022654396570847,0.07477346289746657,0.7386518716105812,0.40247554512411676,0.5866525488215528,0.1538580601944915
4547,0.73973609102907,0.9238016303755088,0.4912722258539779,0.6773249571935196,0.3834056491593003,0.13297791672001394,0.6380773393908794,0.4814173710280859,0.3556895964237237,0.819115270462079
4548,0.531030374051657,0.8707417733629432,0.704469218981883,0.12407548133336938,0.5500429192980223,0.3031532077984054,0.5183372835008841,0.3576808874373523,0.6939186627954199,0.15355733716099984
4549,0.3507092119250751,0.2786598244228302,0.5205286078325111,0.4796162177711283,0.4146814013269402,0.0011297587831097164,0.509637813546751,0.47632400491366755,0.681779705888071,0.16629926943238227
4550,0.692968683081179,0.9666600933533593,0.5256911517563024,0.38692727246249337,0.21018707152768007,0.36769906190358687,0.49673639586160084,0.8029263771136933,0.3139697207331263,0.23256082221718888
4551,0.37741305246165274,0.9278952453082067,0.19215992095743786,0.9677725412422777,0.565691634197278,0.7790678917776968,0.7520268380317345,0.21349030008397668,0.6554741659060042,0.7124289580377777
4552,0.37535422727993956,0.534238338983382,0.3329523471085285,0.6310803854117857,0.29336350281002216,0.04166219082269434,0.1638854898361271,0.757901200593755,0.49909834135951575,0.19068239471659265
4553,0.5728585656042289,0.4018988351056455,0.7051715516684041,0.08822728096103988,0.59055522730115,0.11699316178296891,0.6412690963473675,0.7932410536345957,0.45257748904046596,0.3213197619846531
4554,0.8412817020104304,0.10898960692316204,0.11373861967996765,0.701189949525047,0.19592873482256562,0.00030735762794651604,0.4051367006030307,0.5809447116551971,0.5763484008962851,0.9023458415192058
4555,0.8115748148642498,0.5905188988006635,0.7512435307278623,0.19420854561081627,0.5299525094135656,0.0033811002322265897,0.5917145505657964,0.314955511379778,0.5704789115525961,0.5651180497371755
4556,0.5731149442160363,0.7004678661942778,0.5939664180258865,0.28626287769867886,0.19305538956963547,0.05236274420505676,0.5925975697491015,0.9365493899724623,0.6709726426878178,0.17295832085106938
4557,0.5924868391778316,0.4038184115571046,0.3613715719792011,0.37859805334367513,0.627221568698846,0.08640014937328175,0.6341997877755796,0.3635702770828325,0.34079096299032746,0.8598996673821084
4558,0.6545817982500198,0.40585207516263483,0.34560752542705764,0.7765636196570432,0.42078742694689736,0.1486140810748754,0.7911110964089425,0.049378526689143235,0.6095929637461932,0.5121352927269471
4559,0.2680873781987148,0.5731903650559627,0.854368710680811,0.9444964103825404,0.40213852730258337,0.5155493612955057,0.24593027205231804,0.1356026540196686,0.28177060998403064,0.8342227184172242
4560,0.6267806431288835,0.027478947638750247,0.7640022927443887,0.9247415561335881,0.7147744562314337,0.019403513242105274,0.6844244962800887,0.8916086144689409,0.4681814802859145,0.07868835976763239
4561,0.36674668657908754,0.9578746629129102,0.47850592228209365,0.17074297793335833,0.4346774132279212,0.9999999999999999,0.48712358986974785,0.14950054487000175,0.4808484982233639,0.1617705968134901
4562,0.5653352875222806,0.2896890283066676,0.5258819023802745,0.060422047550155566,0.5183197229544971,0.9999999999999999,0.4138712694573062,0.4471165383090445,0.6864294762224823,0.0917586501514937
4563,0.46232979273783453,0.1406238885159908,0.3802710445364722,0.8288952846448602,0.45846004914627914,0.11274261993326937,0.8741636154889723,0.6918570540391867,0.5039007682236194,0.48120669264440225
4564,0.5998116485762115,0.005175722775363873,0.5259177558836329,0.2883317300206545,0.5950212948745545,0.26882645639171465,0.6284182761459727,0.5734512878470847,0.45239670544123495,0.38734337214528625
4565,0.5275299064904495,0.8568662277439896,0.37510094843341313,0.5830752287794316,0.6986116962179646,0.06829879883437588,0.421925570384102,0.6532314531063926,0.7730377393288701,0.4159756883261331
4566,0.0,0.8631841938348167,0.48613317807744816,0.9790588444357093,0.6585124144425413,0.7713033539918809,0.6755433917726661,0.3484713234870235,0.4206405642145626,0.3665022961613199
4567,0.5389990388464015,0.09502424598070563,0.8383998410682046,0.18648859854399422,0.40661144108229125,0.3245780149875744,0.4904072766826995,0.6621018025829681,0.4126318636107685,0.4241160859767228
4568,0.6264041668490142,0.1519781605585151,0.48294950507032475,0.37500925298529386,0.7307403438311462,0.04357880361160533,0.41903233505614895,0.0085156855551866,0.1456460396595985,0.381197672100681
4569,0.5893817805072125,0.44773887836486737,0.30532949799914166,0.8679792001583412,0.3196305740179175,0.005664011939333139,0.38707406663661365,0.2628498367654944,0.46094095974482013,0.1596095911443639
4570,0.48589165889750335,0.18545232489318036,0.2459585470253756,0.650260594571474,0.35326164843540064,0.1967425320448365,0.5551019341354,0.12310631791071565,0.3236207086056608,0.569059705130682
4571,0.8150793337572213,0.7357549603471059,0.5244880384002619,0.9379654724389412,0.4721576848373985,0.6210035100882805,0.3856376468914536,0.4549906212963477,0.45450762458251553,0.8691651989306967
4572,0.563994773936187,0.05774480911555919,0.35887741033436504,0.6319909537216287,0.6993574604377946,0.051737171126718245,0.5275845477403371,0.14534437633720448,0.5477280167613425,0.994087556223817
4573,0.5878242715326077,0.54958034072358,0.5467715540193142,0.3036905042137602,0.27053874912269504,0.15908861769890653,0.6625727019221423,0.5471601380191737,0.2959940753933082,0.11725417933530846
4574,0.7023148704060643,0.5041605632076909,0.1987506846064315,0.8054600846722988,0.6693150675809697,0.20717252149667176,0.5192965827199316,0.18020956960437912,0.345791935701573,0.4112004800799056
4575,0.5736586071075928,0.46478888345787933,0.6295098296703551,0.7595941239400217,0.48628824337073545,0.6381664570569577,0.8635981390691794,0.41396497921940445,0.1982771675626342,0.2410456835337818
4576,0.33581474152578655,0.4245859530236023,0.3030648819562213,0.9340295952497666,0.4129819735917971,0.11157114316265061,0.5013424538896334,0.0736950604468649,0.4052871754782659,0.5668770125735448
4577,0.04519721240435677,0.15289635000077526,0.5094153595347982,0.4763669439312783,0.7092233897122497,0.07749929696349589,0.7478224304950616,0.43969772342922864,0.32270872038892723,0.3603279149318146
4578,0.4152268311817167,0.5041605632076909,0.4376890077519374,0.5030515806441966,0.3416194772955172,0.36955313779921806,0.6790460407657337,0.8079461348994578,0.9094925804048524,0.8777519070539909
4579,0.6488171796155616,0.06451504659315087,0.8212533445689248,0.32395296247347827,0.938989672849557,0.35569268325285014,0.780345386333702,0.31653663655125686,0.787876834709873,0.9352060887324859
4580,0.4386269832317448,0.11500995992649098,0.5327631186210403,0.26886284100264324,0.4627104985638327,0.33176686471310185,0.8627868339579792,0.7062117956062705,0.7570627677187696,0.32504732276681614
4581,0.6564080522839623,0.977910348970052,0.863603354805463,0.996967440898118,0.525861274377635,0.14311724435198775,0.17391410954818237,0.42569421398791274,0.2561588554992616,0.3563797845875199
4582,0.5333079784354112,0.2795667176274177,0.6053571884578438,0.9776862637033614,0.7953175588397612,0.010838520763698796,0.547832283053264,0.2337920676694698,0.4684452650156425,0.5349373901301171
4583,0.7482708671188599,0.30681463871722653,0.7666132547531043,0.5298711003835673,0.5309073972476538,0.18418721222199164,0.4782643661196388,0.30310502629718483,0.27355996999978643,0.6355030465704095
4584,0.4495473355667415,0.12683470471928615,0.4618411410439608,0.9555061212568152,0.7268373530887446,0.4198920633657466,0.5194666946581721,0.3022040927423867,0.8522386631415373,0.7524483154875397
4585,0.5934734446471291,0.7551045565458889,0.565215965783291,0.3563001977606888,0.11908391711742616,0.5074891084748526,0.4255798021925041,0.742298015380366,0.6600293729894056,0.10001594738553943
4586,0.6006940250780867,0.9241401947299757,0.7280529597169725,0.8503664717048224,0.41126752872349526,0.07555558901885244,0.39863028518134985,0.20049400710822618,0.30217165496490844,0.05103399006059922
4587,0.7885594181646349,0.7897025624562173,0.6695522960298077,0.6351412465525527,0.5736169078861881,0.8190825403663856,0.2960162036521233,0.9778476089938494,0.5723332394012681,0.6782122546632117
4588,0.1832496457760141,0.6125080695389067,0.599809103860408,0.7173770524546692,0.7060536854969561,0.35478652319455495,0.5168743108805915,0.6873667630416671,0.2204850881808233,0.47865792233921634
4589,0.41875740843600945,0.8131928666105919,0.4396226673545838,0.7185143941887765,0.6457580403409756,0.47081536151600223,0.671244785863196,0.40084599439269986,0.4762119749573254,0.672736044508033
4590,0.6653394289220017,0.4040521401682866,0.4711699775199695,0.6361021809903109,0.6276407914285032,0.20162140230502884,0.4078119286297141,0.998093580823607,0.4687876730605289,0.3015654586249675
4591,0.7969166375222999,0.8594729209352298,0.7129502290526714,0.8527012335407973,0.7021152269672299,0.7560754193401462,0.438291431037442,0.21573975400272288,0.6426585318316136,0.17212207629433907
4592,0.5505420471179474,0.7984738344481328,0.7517878365145352,0.39217451221691557,0.5887595225972435,0.2089934460110221,0.370101418210843,0.7628440140356267,0.6898098615508297,0.1111969617982202
4593,0.45002138583684764,0.0014107005815169348,0.39021474237470466,0.8495607277439033,0.08232781225702435,0.9999999999999999,0.31543395841740834,0.27054162373713997,0.5060020901516049,0.7863250589983991
4594,0.6480950964015498,0.4876442460648073,0.36207323498666566,0.1834803725353041,0.7758391023918663,0.29965405335793976,0.4553338551309069,0.543350979214737,0.4595855194882125,0.40299492982728835
4595,0.6691481000700867,0.2643913618761011,0.33216401485730307,0.20003224693136348,0.33485065419776183,0.9931347009431117,0.5622340174845382,0.05388171129812262,0.0,0.08281817508372041
4596,0.43738827606947844,0.08594749534204735,0.6555167508081895,0.717654286305837,0.5575414140696745,0.10011781564561359,0.7309038760540427,0.846447649596085,0.7989118530786155,0.24672107719704
4597,0.5675671528632525,0.846167119235117,0.3274379826248095,0.7504560534853635,0.5318890560750525,0.19750482258845994,0.2789458107117155,0.36582012240618206,0.37721241342711637,0.8615156013735621
4598,0.7279811419233251,0.007637841658902371,0.6532606726916403,0.9026973081330576,0.5060322657047027,0.13868182562513398,0.4932993227051405,0.5843002075676699,0.5215466989067952,0.48151066511864143
4599,0.8619264591045708,0.7300954160398382,0.6025500439102085,0.2747901393815859,0.28293950673083745,0.0011787777610033974,0.7162886030010829,0.9273262429620271,0.9313213057866825,0.8533385791942167
4600,0.6453568003849076,0.9882111230215194,0.3991238090653082,0.05607602225332267,0.12188188042039017,0.35320856293862024,0.2813934304250771,0.02969094723997666,0.2752954243228151,0.9453377208861038
4601,0.513574751176353,0.48186792892859287,0.7924342229219518,0.5076861520108341,0.3029905103328395,0.047079546606197106,0.7326881861701875,0.9680870113103307,0.506182080292636,0.06689973331134408
4602,0.4950443565650989,0.37105130271983744,0.2280760557743117,0.8757242841183586,0.6566947755904138,0.020312598247480985,0.4179125196271523,0.5249536166940516,0.5965336816628906,0.9432253459206705
4603,0.6104128796138716,0.6057229052702732,0.8102768834921638,0.9718939351463818,0.217061855622381,0.5843955222827661,0.6301577310063251,0.7806912667841782,0.7096858352212552,0.37102903667941645
4604,0.48342250813875326,0.8046548979436647,0.5602519740362313,0.8582020492145008,0.32660756783036293,0.9999999999999999,0.45866934983942526,0.4727842674387731,0.5023727382298269,0.6982575297456447
4605,0.5410270503634639,0.24001855620637585,0.11408846833884248,0.49016281103567116,0.5777393969083614,0.9999999999999999,0.5835513157025547,0.8158759177800051,0.7254770376825599,0.4030934293786861
4606,0.3056536738557574,0.2504715184059929,0.7976598936956031,0.8637605484191359,0.29814597842786783,0.36378403469803977,0.7957963956175431,0.8805700802956518,0.42317788753078783,0.6145973268060189
4607,0.749967254535004,0.60706841885765,0.6820946113826446,0.2140502024629228,0.39183754782839536,0.006661417450870506,0.47650309581585054,0.3813526271269204,0.6053979281537565,0.6697496249608563
4608,0.290124246654851,0.9398825168443018,0.42092146156040844,0.9215745728941631,0.5127043223465346,0.09841875363663903,0.6827740842611356,0.7225381699150429,0.5807840825243085,0.13293203182519592
4609,0.42371886426166444,0.29822617739622015,0.32086483885129224,0.5670877276147542,0.5515486018180386,0.5122869547617992,0.549580157079957,0.9987079884123978,0.4848321773797853,0.4310911387101399
4610,0.5236601741182838,0.3765672970996524,0.20815684905715412,0.3895236272733438,0.29431587430513106,0.12038726406626796,0.35387395299359675,0.7570606208499974,0.5635992211491039,0.20654350036525637
4611,0.8808934091262848,0.9933540387003944,0.9512515451252982,0.5818897615011839,0.524140007127283,0.4046746932931099,0.4720428160603272,0.9569419749021549,0.33599180988238414,0.11925223181446942
4612,0.42549782452440715,0.17596711673148466,0.32857432877164505,0.7843499729396757,0.5740271619553895,0.9999999999999999,0.46050750544734514,0.7365324952270978,0.49909834135951575,0.5919219527280022
4613,0.37958736361869,0.07667962037581202,0.2651272296439865,0.24021283289323322,0.25060625315973273,0.12683950157802995,0.23840696587998117,0.3295309744630458,0.2576605705896496,0.6802474695544868
4614,0.4013223447116379,0.5896397632364856,0.5507468939953499,0.10190746688020252,0.5384342859861242,0.11013117710287028,0.5836047749390951,0.8271273129670491,0.418253797824138,0.2575233262515229
4615,0.8182368748288602,0.023960653083360237,0.1953209582060729,0.7334384343411117,0.35827115733923065,0.051387765694947365,0.620310732494054,0.6662091660348779,0.7183717731940666,0.0072637154039996155
4616,0.0,0.18017960408976738,0.3177265195897685,0.9528883003554285,0.5208463804786772,0.28291369864755,0.6488033236252391,0.032514076656982846,0.5820108688577008,0.9707638925310647
4617,0.31605680190751045,0.6221046586769542,0.6863386371883746,0.6372521522406396,0.6367409388764859,0.23820049944611607,0.7627221827719963,0.17197308461493727,0.560641369648055,0.4748197015619987
4618,1.0000000000000002,0.6594204690033555,0.5873544176859654,0.14262986096985128,0.46278453627769,0.6684213775203072,0.6749184606284246,0.26087128964667944,0.1983871485214312,0.6518077710883219
4619,0.6167307097749019,0.510282999092668,0.4287247649183078,0.6436623800758821,0.6735571712767494,0.39295575461284593,0.38763878716074524,0.7434837046912487,0.49909834135951575,0.07516577022926774
4620,0.2965768390479967,0.38356304045841993,0.5041952343285194,0.11666655326561609,0.6498427241406499,0.46422993017685676,0.42690815893698236,0.7970882792174687,0.4902149431253578,0.6201978805460702
4621,0.49733809709991544,0.5760775328917014,0.41826224733012674,0.30364526837274086,0.6724768185348294,0.13556376582618074,0.6536684391838827,0.8268608972780225,0.60423872187176,0.7625905051083741
4622,0.5179738005463337,0.6432883783903683,0.4892187902107601,0.03159300258392708,0.5748502307029668,0.7480124063394706,0.5708123540653611,0.06668361151933179,0.7649232050729542,0.04732900400691337
4623,0.6648883370523885,0.8034387062455052,0.35870653769999394,0.4877068550799719,0.7097960354886234,0.56039080026577,0.49561658909592704,0.07162885099199227,0.42445467918957797,0.5235458649819217
4624,0.8523122244507854,0.7927038662369876,0.3925689545595593,0.32148291076103874,0.571365710704677,0.6151080166190457,0.3375073678014254,0.29906695338845357,0.4421824486608264,0.14196060158949908
4625,0.5785563228836806,0.664710618719392,0.3868922445678067,0.09754754727321413,0.17438437576056826,0.9999999999999999,0.40098083544273294,0.681121736911582,0.6765667265022588,0.14686752375664175
4626,0.4034031521738976,0.8942198726776454,0.36541115864601426,0.3091503513886398,0.3436698384802112,0.5000661150734691,0.6064423029172197,0.8421705719108423,0.38750384701190316,0.6147816362419385
4627,0.6537489008941954,0.8379935723343597,0.6954660749790518,0.6478490569824671,0.456014963528212,0.5612491842528685,0.1389467736249294,0.8693794622918523,0.5187436283344304,0.6192382693121687
4628,0.3735051175130547,0.13297645472680653,0.6444047332122492,0.2891954202090995,0.48000651160951646,0.7732630346288781,0.06714823190395086,0.2070777482424323,0.122830868391066,0.5537457828316177
4629,0.31028348964322977,0.9566878074055146,0.3268993369789259,0.14311874928684146,0.5660742119508865,0.5656988404258001,0.6268436602859688,0.7673510840637754,0.4436168338678816,0.5101416503296669
4630,0.1731987120822432,0.8917287512646624,0.27803175960730186,0.5450290789743757,0.34079140662122254,0.4901224564939441,0.4004710430920719,0.6406262854838994,0.750067700205906,0.4699585931050008
4631,0.2099486299959955,0.32072097087133283,0.47144969328666386,0.7535548599917384,0.8854166448731453,0.24289704923577302,0.5853574780929951,0.9267720611202489,0.5658668921684575,0.481192052666175
4632,0.33611144898883005,0.019876705347960138,0.9027330804429586,0.8305043621610452,0.47705959846980905,0.05902201454325121,0.7898240667780656,0.7728004782449208,0.6730114771833595,0.3344205146044901
4633,0.2830291713604172,0.6038652707894104,0.30911847188547315,0.47229525080600443,0.4953907900284914,0.07466853496484788,0.31198073816768496,0.5283978472203822,0.6838208003821082,0.25728529179819715
4634,0.5643463478399726,0.4382510227783525,0.4707134553550527,0.7113805993290186,0.5010879514399724,0.03276955367010926,0.1908421429837513,0.783140607936727,0.7584718866671512,0.26560123162821
4635,0.27895154832372054,0.7495051253915297,0.5173270972557106,0.8336922216334223,0.30279749834495834,0.501439867706086,0.44790643861625307,0.3079073215565276,0.43618635250878496,0.9080998474432749
4636,0.0,0.524462298038166,0.48051981474925576,0.673179826802916,0.47244735463399684,0.12307690575376529,0.37255040437565107,0.7860935323599334,0.6811546051988933,0.26666397942777664
4637,0.3082884032996772,0.07620172601026551,0.41532692666799753,0.5274949488252364,0.5022068770326024,0.686508444952415,0.49422662151955904,0.7811134489631946,0.9291415611093867,0.3744776930590152
4638,0.4162194905388094,0.24445547970042733,0.7161986157505654,0.059947718983421217,0.4800682057617235,0.0976002324981518,0.5981803434249211,0.8552029382700906,0.4971421263295645,0.5040564207274215
4639,0.39101462543238846,0.882507093693141,0.5855357164422245,0.2901486780480772,0.8170299371993994,0.02062434767746697,0.5591854351777614,0.24198174739429462,0.25143253747297706,0.7426819967486444
4640,0.7919409771524903,0.037387890716367306,0.6585202103002261,0.3199431740242068,0.47244615909764537,0.3101775055672579,0.5074398365530333,0.8489910481012283,0.3891120340064756,0.7770882644273036
4641,0.3894876771769155,0.7366037792994939,0.6106979695578089,0.39517389297983374,0.48025676282688395,0.47837497416401653,0.6941509753682964,0.1685870014921707,0.5911151593070332,0.7216656553164167
4642,0.6714538391282985,0.2917275169458804,0.6674986745087784,0.9513113115066143,0.6545781101199738,0.1339183020371585,0.622659289005715,0.7718384019120516,0.18645103649859712,0.3029897422297154
4643,0.5016653964010577,0.45247804914215045,0.7962660612781952,0.2089522745895874,0.46378904061348253,0.27580208332443706,0.46543495963879405,0.9299616566787888,0.35736080201355297,0.16304136287115778
4644,0.4972651288436278,0.5308701274378342,0.7490151517174227,0.5417850318604007,0.6012006446369237,0.007261811441645071,0.6161180808132753,0.035246038415,0.43948910936926827,0.8170202581333581
4645,0.3476327723222849,0.24985123727728475,0.9343471602480337,0.9916552834932486,0.24947582336481045,0.03814477865738074,0.213717994828241,0.6258541555762659,0.5230116914176022,0.8744843364319307
4646,0.494156180593664,0.6518659624250098,0.7278100848908979,0.6190602480952853,0.2510039399743847,0.11791640915948921,0.6951823861544317,0.6594556232711344,0.8434403209583199,0.9129259948817493
4647,0.36089353241516975,0.6933617381678576,0.3759321435575148,0.2089876722069284,0.5204872604682045,0.31131497513857465,0.5030000903712943,0.8151105326255716,0.6328112097627374,0.8583393130683433
4648,0.5373259957741456,0.08477366259486616,0.6588012068049254,0.9606138215260427,0.45207668610394913,0.007332782178742375,0.2773633550038282,0.10231601869724775,0.2905302916132873,0.3613392905980134
4649,0.4606728609565583,0.37373875537427004,0.633274254531108,0.33642827301499845,0.3403904502162649,0.003857370183292858,0.42203003597097893,0.9094611853607836,1.0,0.15345433705077677
4650,0.3270206349339126,0.7443140125342271,0.8589079434787553,0.04787350419891259,0.5204472538447651,0.7155619902788204,0.6903466056156724,0.9938738787533016,0.49900244868629423,0.6704117741980464
4651,0.6923911047901706,0.7215665962083966,0.3204101712862877,0.43154114779012476,0.537323456635758,0.4633096788405283,0.35726171229881415,0.6719775182052585,0.18289585730296215,0.6493997687842255
4652,0.5857804052412666,0.5444726289049369,0.6048366194077629,0.24074726227839657,0.35956447954909926,0.10662681199213705,0.5746668547855263,0.4296437359006535,0.30487024892093223,0.24785365338287513
4653,0.4207093379406494,0.7776227295312966,0.3737643975587813,0.8192215860729194,0.3965286140557872,0.21017668070768009,0.6610525066782473,0.6348629061452773,0.30599486576551854,0.620200973488921
4654,0.5326975952875949,0.10736669883688427,0.5963685979218147,0.22003786870662448,0.5387773432549752,0.5323026594759324,0.5034148836107353,0.05416664897014996,0.24605269799898793,0.9982489788855691
4655,0.4894318202460893,0.11793663993151941,0.46073177891472883,0.8202122911943837,0.29937351044531857,0.8361986897313182,0.33937604522782755,0.7529603790527744,0.5995931512614101,0.16848334181592955
4656,0.3415554759696469,0.6573966857854752,0.5902000087842881,0.0361684237895456,0.3800414546280219,0.1706459003740728,0.4871146841420038,0.06943729987676091,0.0,0.37854191168113027
4657,0.518547681796216,0.693253351395497,0.23775904942059825,0.9295659176506978,0.6001553781408516,0.6430084649115583,0.23885285359780012,0.32223017017525074,0.6887481134102915,0.3910144053510143
4658,0.3880784377820771,0.8144872430426928,0.6487144800437645,0.042193707218805804,0.4922672829490843,0.04477289861363922,0.4087418480822497,0.1389157327520371,0.65686150508163,0.21348428392508706
4659,0.32696291924657167,0.18078345432680462,0.5392103402034206,0.9389527640809594,0.40457382626976984,0.12704500530110868,0.29460624638926985,0.7259494672576509,0.41541945545735953,0.7880615011972762
4660,0.19907368921288182,0.5166315508726129,0.529164442365221,0.07370596000116394,0.3221996821360435,0.42937866252071294,0.49025026379679454,0.5942487065430582,0.6761072547579385,0.7072891172457401
4661,0.43758719930059137,0.6607398105924364,0.8644903941573044,0.8729661518502229,0.3008952211927498,0.44564998983430193,0.26469955464911094,0.6990941267003328,0.29454269398775773,0.21692221800951839
4662,0.612219259193229,0.223460549601493,0.4294495920888669,0.8316955918761558,0.4713927296038251,0.38434654366240745,0.5142977252099368,0.06403323851652352,0.34211716901821315,0.8577922744552267
4663,0.3741830862694604,0.5167878097571252,0.5646121625548846,0.5946783029603829,0.8887249880003656,0.9999999999999999,0.7079362890767424,0.3700773941447447,0.6065438926329769,0.4257671807960795
4664,0.980837886993247,0.6383459821870701,0.5194811763022062,0.03598340616475437,0.6063163237847717,0.20685951856763962,0.7195228099858948,0.40586457237369344,0.4623325018122671,0.5508838868558182
4665,0.672352338354416,0.2142073652329106,0.5377145781462724,0.62140957537864,0.23906566927872158,0.019068675007262656,0.26910386818148707,0.6022242918569775,0.3833837388055537,0.6848776498758193
4666,0.7513394649880499,0.37537564205729135,0.9151380884385553,0.6181116715524648,0.6336726355856993,0.04098500760954316,0.3760013259902412,0.10182299178583774,0.480571805440231,0.8741557474044345
4667,0.6552882069930978,0.21609730155399096,0.5126808688808109,0.557434798745504,0.3500885349125657,0.6715678276594246,0.6562529799212415,0.6470926412073655,0.7526786424118497,0.22678840585936422
4668,0.8548334634104647,0.9029331337253153,0.394985849882207,0.6317971209966415,0.4959382700333878,0.6383741016501927,0.628811728471,0.3943858310921142,0.7453133231021192,0.5923238438449484
4669,0.3567604773909671,0.2365642788905947,0.8496965252507479,0.9685339382826443,0.3829761824101355,0.4055494469747255,0.3853923702025625,0.9059481282919294,0.583096062135309,0.6715594728969216
4670,0.022103579110363522,0.12056088349053297,0.44339847273390065,0.995946399472291,0.8881335437592947,0.01839920439735108,0.40914519389168397,0.44953314698936586,0.43461644039777375,0.8863793721342623
4671,0.42107482227808185,0.0348526511405893,0.20142222604356572,0.5207162304349764,0.2775105425716766,0.5899677658018126,0.5140847290248736,0.10156369191706001,0.6011985001412004,0.772283982618279
4672,0.6105679727085417,0.044654119032480025,0.3626169200454956,0.09182364725182857,0.5575389476356799,0.4195622969128236,0.16063729233749385,0.10289502665929477,0.3382939847024052,0.9144350810980391
4673,0.533834150355128,0.19133637206664608,0.26829785644989446,0.1340114838561505,0.36431757933329356,0.24944843494692656,0.5958366428079829,0.2538892019507316,0.724216708001516,0.07517563572064301
4674,0.5572212968791043,0.60809926388407,0.1650952201795994,0.7206633301874495,0.6397872380404429,0.6059721184868914,0.6987477228426324,0.23939559969154167,0.6827018252190153,0.42542351948232504
4675,0.7544676473902284,0.0173413058102007,0.4330803646802457,0.9823965026030994,0.5536397585331524,0.0785907860299704,0.42710909805292757,0.7966415260482166,0.8691026774290991,0.3062874573229003
4676,0.5773310569044898,0.2865261788241368,0.4876861391167312,0.43623676525334,0.7395423779449218,0.5706602123254249,0.23703972105930854,0.722294326511104,0.3497441227013823,0.4971551921942501
4677,0.6559806228643972,0.0578719976464481,0.7209445487830777,0.09806464133564341,0.635781306419429,0.18728479083866828,0.7595529255512827,0.07614790075361137,0.3261637809587736,0.8108039359081634
4678,0.3279763024030093,0.4034804846584691,0.618161839234812,0.3531878701885499,0.36272952982434903,0.03934302913121944,0.5393935133941847,0.8514258807726325,0.6068810311083337,0.492532291849932
4679,0.2985751293551864,0.04827860735054205,0.6096637310171101,0.3851683140282248,1.0,0.7477922902177158,0.6297188022352935,0.0956182009312619,0.4501318421027796,0.03509185826414152
4680,0.8097874625264968,0.6074323041662528,0.33420125390116806,0.9970349867305275,0.6043123199674229,0.2596319903747021,0.2551380503729373,0.7855757613725344,0.6919907176427873,0.6708032130662988
4681,0.5242843578679832,0.6883420919642508,0.6658174042225825,0.6868802552440822,0.39036484000866345,0.2565973699931639,0.25581173901094284,0.11111557980879457,0.7524783301865361,0.010231762606111583
4682,0.38766006771995193,0.7312698598846862,0.7602401196944165,0.11790111136952541,0.5366349137061691,0.06471535926437631,0.5753169417515149,0.37603337048714,0.8256382704856446,0.09769692969189031
4683,0.3880062251175858,0.2241045917180449,0.5743669094601231,0.33721268193331655,0.6188981774395366,0.23901489301238424,0.6885059875588275,0.7508554324145241,0.5132354154091154,0.7277159381041622
4684,0.38277456730711396,0.8684787663815722,0.5795788397461302,0.04856182390319019,0.6115403729863591,0.16082442733417596,0.2905452768413496,0.25322817919031904,0.6693956394923668,0.8309950812780984
4685,0.37148511766491105,0.6902066228674463,0.26492138726138215,0.6533419738313485,0.5928231263622008,0.32539751424012786,0.48012176625849995,0.11282956748550833,0.4039294566958202,0.31807411141090547
4686,0.26315090026876997,0.0563548137262882,0.6974289074649155,0.6730297960555508,0.6838217198531507,0.8602911641507734,0.20604063472650297,0.7871442596683774,0.5434072703254875,0.568983048130548
4687,0.22215731454029952,0.4406009474761666,0.8328984346534575,0.05750397216477879,0.6648056741041499,0.1736885964992181,0.36945781517827186,0.690860400768828,0.4919890462881629,0.5471598570371737
4688,0.46845474831123174,0.7677010954841117,0.5610103654667042,0.33565518944279527,0.33293549951610535,0.3528484016126125,0.4514811637576935,0.8912863268750583,0.4818562328777229,0.05553979071968429
4689,0.39337750041356895,0.31068433172932064,0.38993601533165967,0.9032348476088254,0.9046327436596437,0.5691639179684175,0.5890972027128809,0.6414044006548253,0.8486470184666126,0.5448226084315385
4690,0.7141385476022115,0.3813730292282066,0.4705697666727594,0.8271775048199123,0.8777142036678267,0.08011126663130533,0.11036030210091113,0.07342408582129543,0.2471738192343505,0.010908941451027943
4691,0.5605427134701964,0.6295018010731509,0.4223744440033569,0.5744577285026432,0.6518061860584062,0.06486055580779479,0.7425379347474355,0.6384845925213606,0.5011951996073443,0.8199647011982532
4692,0.5553053303433705,0.05518507987506912,0.43355879176060363,0.484827266115611,0.5043628149086397,0.7637298619898317,0.46743699928107113,0.8224796126843938,0.51235623399342,0.748123404197709
4693,0.3650397686935561,0.9669468679890528,0.6216272008687037,0.9932898411826885,0.5076876663621489,0.9999999999999999,0.7377385171309372,0.08315839793068382,0.6243546669844167,0.28366882279122174
4694,0.4824120532833904,0.17422537447220587,0.5528999849871363,0.7225088597845325,0.43425299020510016,0.6744250221236507,0.6278252707620473,0.13520784146593545,0.2937011468484158,0.2622862345098568
4695,0.5733582584767347,0.02636647603078886,0.6880110213196173,0.9530546217689175,0.4592786294203657,0.38726054306498564,0.6561671903808406,0.6774431446907118,0.4453400299131191,0.19007367246405976
4696,0.6403740800307004,0.005010252851769514,0.5699528635367123,0.07159892874690382,0.07389431287417775,0.0019271998606823684,0.8716789770618201,0.7912822284597993,0.3889577298431804,0.9527657278243681
4697,0.48753200904511923,0.3993747040715034,0.3396323887601591,0.21222959700597818,0.7928723371391774,0.15358275683054595,0.35468676107004776,0.35281063007381036,0.07432477705897106,0.845783488615129
4698,0.7088489900346189,0.8842372868078076,0.4074041865953528,0.031106113035503147,0.7246293362203515,0.045164473374411346,0.5238969427691123,0.7351759623780703,0.7229874951029895,0.837731656331288
4699,0.5067542812809065,0.8197242338962143,0.39581365351755016,0.8682980154383745,0.17256104890375723,0.7828474133428736,0.3161060357384213,0.16690389390873228,0.22288453328897523,0.4661831437504718
4700,0.6548361653271878,0.9120390998923519,0.4660052422085723,0.6945318648221249,0.6690256561980441,0.41499466823890424,0.48004665939520136,0.44372545095758664,0.19756288821337692,0.8115148329385249
4701,0.41282477078258256,0.5336479520910137,0.8354875816620421,0.17771420753891679,0.495385603893419,0.8759758731816296,0.6317733719945513,0.7478968973145197,0.6821704813054981,0.5915414611639823
4702,0.16325948650881233,0.4485831658442061,0.8653615701938201,0.9746199436062133,0.4583768885521125,0.08590079134997182,0.7069152192335881,0.19854289953901438,0.43852548946077413,0.29942028934922216
4703,0.555879144611746,0.38567668347735057,0.6568036804841554,0.9562180891959318,0.5922067534816962,0.31036298517219946,0.4283734055842073,0.3485530589372037,0.4450932623551505,0.4304027487487981
4704,0.6420963529261633,0.04611921673526722,0.5229300603214745,0.22468197686750543,0.15977543664914068,0.19074035556870012,0.2766055802033435,0.6289093765183595,0.44871505454051624,0.4090550785239849
4705,0.6137997154105941,0.9095137058818249,0.24683877494615794,0.6472884325776911,0.49470192121258627,0.040364696858006185,0.5124317151056503,0.34564998709309036,0.7062489380592707,0.35178667771996597
4706,0.5849023529170262,0.4960290324524584,0.5418117302641994,0.668391309017802,0.5122516371604581,0.28417609755530177,0.34166866602397966,0.8741652556830907,0.3973064856207052,0.24225111683328326
4707,0.4394777810774329,0.45490649650742593,0.35344811978311697,0.003999356236693757,0.5124388336028927,0.5800949440980778,0.39227860201768444,0.9567881600437614,0.6151910043074424,0.3982103171417194
4708,0.3530352568927246,0.5150268370264146,0.8048665108363001,0.6890777056101738,0.23236822368199322,0.35097885769853737,0.6228499085136379,0.6421418742480862,0.285341349402834,0.5992708500023667
4709,0.6093434237477662,0.7941080299050759,0.20124924330038932,0.22142286668648006,0.5833235057544288,0.8824331438835636,0.5885112619458046,0.7823460347960601,0.5648426335761809,0.1961383369452001
4710,0.5857062445069657,0.22423232215050284,0.5724858092881803,0.9017145315374924,0.7018748267346844,0.2886442837410399,0.6528278539133423,0.9067251806784081,0.6736335101214084,0.14179381846638284
4711,0.39942010556670343,0.7098257540111135,0.3377391951866727,0.8388739906944743,0.5756667881598526,0.09473712843739292,0.43668409999412033,0.7017514244837131,0.7690799121432788,0.690212880253658
4712,0.7145658749603566,0.7106951091899879,0.4990065761631699,0.9056911958943366,0.45254665112921233,0.04290155959668605,0.6850756542796725,0.7732539139943719,0.20783873778200807,0.5263122624569194
4713,0.33867356773788926,0.8495249916890933,0.625,0.7578835440568741,1.0,0.34866058038335807,0.5015532631608599,0.07969674727462904,0.4457747522471556,0.35213083623512403
4714,0.3951515015681079,0.008372003527296522,0.6913739280068357,0.16496212400827096,0.31803994073804676,0.08621146069145548,0.44647501760294744,0.8237360634190447,0.8057966151660785,0.9079019466527078
4715,0.8139970119724432,0.17013852819883904,0.4894626536182627,0.36070108868374784,0.6464843094748858,0.8112257375038677,0.2961610867538614,0.27417175466108884,0.6772767878437216,0.46128978473561844
4716,0.6691253201016313,0.4708913107646357,0.6427447640987924,0.7092386661519156,0.5439335613629931,0.9651319580448602,0.11328307649705044,0.07027579197085106,0.4643328417777702,0.3316970871007671
4717,0.43770003505418004,0.8505129302220856,0.3772332642911841,0.32345467603017686,0.8861138037826861,0.42736874119557156,0.2103389166926662,0.589288662844153,0.5028646041089386,0.21620863364466014
4718,0.5594680397486098,0.965128075449924,0.5465729813321178,0.7103406333703965,0.5716857383415567,0.275505828115788,0.5386615510447939,0.22636225445235564,0.5585683096179772,0.3231316283305088
4719,0.534452107592065,0.5947548648666138,0.6876885344592508,0.33629426725669376,0.6131575722468505,0.007350441208820229,0.33145544808369815,0.07932415850985398,0.43128223427531215,0.2737038758959767
4720,0.0,0.21189104765449135,0.5627162567812988,0.17779204487316833,0.5946972196979948,0.005962342585928125,0.19533132708493856,0.6093919734339127,0.6060880848963712,0.8668063865767406
4721,0.3342192812666467,0.1843324698132728,0.40206077163092413,0.5183831683704558,0.2921694941839701,0.5524868818146433,0.42152502982685686,0.09804209656794548,0.595327387177119,0.8919869348306304
4722,0.49565350013614035,0.639345248934569,0.4487409039988579,0.6865244977133732,0.328812737421046,0.29460152231597975,0.5505290941704779,0.8872432293464367,0.29035589686619495,0.4125464558007631
4723,0.4379637684317184,0.2098255223842476,0.6901966500850567,0.5174145914693504,0.4435561632696744,0.5124936415869878,0.5754919030377175,0.96934289454647,0.40909451281920867,0.26090804164529513
4724,0.551868620469361,0.5529595724087565,0.29715674433936257,0.6421436098934615,0.6820616610188356,0.013596658119450116,0.49357876198253997,0.7381086459003777,0.41587392110435456,0.13029469146688893
4725,0.718350311733278,0.8347791633437363,0.3246703649168321,0.4382334786270903,0.5419650595090304,0.05855489979539065,0.48767596053974255,0.2872791219182781,0.4535969988494973,0.7161179019982742
4726,0.44458162261878204,0.38963669193643674,0.6129748606808094,0.7786704780283654,0.45688967595954333,0.6280194344620113,0.3995615387020484,0.562340235183743,0.5534118299791808,0.8790849608910427
4727,0.3056954590794161,0.3782854033002715,0.41888270666864913,0.6502464636342771,0.7622985333790278,0.27116193801457017,0.6158703046033254,0.030830668526046615,0.5364272656044311,0.4110831166369846
4728,0.5665378154931611,0.03583800896348655,0.22979194935139777,0.574851974231112,0.11342205388510823,0.35789973854907897,0.46628092481774946,0.6212379491372535,0.36540239929417845,0.8748961753074822
4729,0.44362173686735024,0.25385580953422016,0.7527030491399501,0.4355529422626141,0.24623100691523148,0.5497014637440292,0.4848213251226204,0.2634407562908757,0.7567651497041081,0.24746796406227634
4730,0.4758018605361078,0.6981125826204989,0.2957103447203464,0.5359549936750023,0.013967602796825185,0.11629484248850142,0.6904028571451846,0.4547517667687393,0.503101525406014,0.6086929433734762
4731,0.45019693621891804,0.36019835613481743,0.4635882691802311,0.0510139617093901,0.7305978917477323,0.09749874164710444,0.6450224938743585,0.17841139949523976,0.7801979964674881,0.0810355299685191
4732,0.9282223347120937,0.1580378194838697,0.38524315481219173,0.6670074320266373,0.4781683548659914,0.23183260852303314,0.46479546294183244,0.9866335991478331,0.7757463352814145,0.5631007888790415
4733,0.08248535460742602,0.10548890599151474,0.4452644148456434,0.20448660614687106,0.6837848961127576,0.0162749211755157,0.43855915283355335,0.20698693183135802,0.3009144915402631,0.6386626938376718
4734,0.4319785866115415,0.09477093414648753,0.33580335445127185,0.8605257839168438,0.475744289204574,0.9999999999999999,0.43712334927968094,0.4166371934777654,0.4089868604230545,0.6443616271007383
4735,0.5045508888161175,0.659041373523396,0.6339911551173463,0.8126985789076415,0.6947893329681165,0.27874925972471154,0.12595344377821488,0.2541945622229607,0.4228692630988821,0.7787761919980902
4736,0.35786600820726133,0.6125137208050164,0.5214492332945208,0.5281785245691246,0.47236047767374595,0.017692018939980087,0.7012986244208979,0.5413728187859235,0.5616634146370494,0.09468961254006264
4737,0.6750202155721395,0.518381487470847,0.6842283261512729,0.8475018975021372,0.5761658226992342,0.11636385223732786,0.37254907786880725,0.9053699467218922,0.6401434900505778,0.2785177309143255
4738,0.6586870975242556,0.5001807891263603,0.3871738393402122,0.6710928795149703,0.5478484855830305,0.4304076214259057,0.6565947591670713,0.16292147136386959,0.5300538941526196,0.6930494753408908
4739,0.4962368783934778,0.1528740126173773,0.8985805982362097,0.14130584238207702,0.5621995816597926,0.3540901333533696,0.5065793464881096,0.14033083387871714,0.39748054611139355,0.5920535615372157
4740,0.45417794061990074,0.5004586594805507,0.14557222675517353,0.7410946091163829,0.8227517597240377,0.29507573805579596,0.7556879867639577,0.07353857924734021,0.8159111463057978,0.9494553038591755
4741,0.4841236204876766,0.059643480620513695,0.2051602048526949,0.9962457552680182,0.18266999330618428,0.9999999999999999,0.5966031881631437,0.589168368215221,0.41884907355738704,0.7841708224218737
4742,0.48547644368291815,0.9258564221992021,0.8277239795134087,0.04097692916089585,0.4836506200793043,0.017381499954382165,0.6672053429809892,0.6019025268856941,0.643072879411474,0.4709499699575914
4743,0.4904599953325382,0.05773261329758413,0.5891878708830757,0.24501296408402637,0.535173923783816,0.5589980876982756,0.3896589885634328,0.8213621725045964,0.4950808411493262,0.5337218210891687
4744,0.4697764584044765,0.42335861611939707,0.5644481690679529,0.5979967410710064,0.5062178387502207,0.01982160639402152,0.26172951698122465,0.8359428439138508,0.48976061379286845,0.6596819068384244
4745,0.5528774105566643,0.00025672337735418825,0.581212126762262,0.415366389109316,0.4199160091502132,0.10429995309934176,0.5261263533646383,0.10143448450570484,0.6301398235797613,0.010166825534173751
4746,0.6473580803125508,0.7861012490924679,0.6073088421835561,0.6378305330168611,0.39344916464121515,0.22568633966087978,0.14515795234762557,0.9105565864085979,0.7952792179483776,0.3641753721173351
4747,0.27312940019582893,0.16591174738676087,0.5566865215953853,0.586655105758843,0.7928242129441732,0.25456844801688766,0.4125617771861367,0.8293602326219865,0.5600829710720663,0.12184827459791225
4748,0.3070144561893732,0.9249136633320796,0.32064404162033777,0.7883330642177521,0.4831984390792105,0.38834194152343454,0.2794385266560164,0.6471027415994623,0.4092727722394058,0.23939453035724007
4749,0.1753478624042657,0.04367806516187352,0.653370238763859,0.07091632035915724,0.9684429005092173,0.18599268149164433,0.34397671156221915,0.34671559905620297,0.7833238093230159,0.8295017058785477
4750,0.6687131557497028,0.8207498352798255,0.623994791902336,0.44079971157796416,0.599060550574234,0.03771384348550584,0.6088194799304909,0.7455072638523967,0.5959611005251839,0.5484471421177748
4751,0.55247628661948,0.6565449109165368,0.7671774462313633,0.860430569391648,0.44085056423970237,0.3731705432844073,0.5966920307699746,0.6205116671994884,0.534506318232884,0.8604569788025203
4752,0.600577510010718,0.24950548219847812,0.8298045687677554,0.36290969756996017,0.6037809188401015,0.1996494029710187,0.4690217930427552,0.35270592841991694,0.6973776625637458,0.8888166812748992
4753,0.23553844869734092,0.20217340273618833,0.5624134998719633,0.5040015360037647,0.5179483947102999,0.4121374614856155,0.5579518246245483,0.012688606276139089,0.5633557876924491,0.8059420016215552
4754,0.8420193520030665,0.3574841286013733,0.271848451259597,0.021569314205550777,0.75645692972856,0.4097801985385197,0.39914090257593543,0.5922801111939974,0.9689105960781608,0.7620653103914524
4755,0.39037286750330874,0.8283679542381966,0.8313490993416018,0.2242578718297719,0.27100860305491403,0.13404571792303444,0.9466590664077061,0.5762994894686587,0.5024937831183978,0.16604836384007715
4756,0.5369828916339606,0.8619329441999444,0.31090048882301624,0.4638493720001118,0.1484795235809025,0.40346949455604086,0.5544144899940633,0.15410510884975814,0.720551029029642,0.26924894477296696
4757,0.6664466698939499,0.1750300148718521,0.5638100012638154,0.39913259032838266,0.5667013514098833,0.196894618865662,0.389982933353957,0.9063545920290706,0.5861094782064349,0.7040638221219799
4758,0.3190299675706324,0.35325280726413577,0.45290133331183535,0.7149647049252386,0.6585241054065206,0.8730816290408545,0.6604232501271057,0.1588066707723283,0.5854818765518146,0.30100703738422274
4759,0.4021699715891128,0.23725701459134638,0.42047132298170686,0.6121424849570551,0.5521796986517816,0.3047106956943135,0.7277376065062848,0.28671165034064144,0.4333539119224185,0.37511312420196147
4760,0.5390518792981854,0.12236971544113472,0.6433198370297587,0.8806686165698343,0.6269527847496035,0.1516179308170521,0.3560513692411808,0.3716601566583079,0.43429669668553955,0.9363536365507867
4761,1.0000000000000002,0.6463530469028428,0.5463717924274432,0.8551450487011935,0.5985115803671317,0.08309199802272843,0.23716127524486913,0.682845142840284,0.5964906065944491,0.7058546874777228
4762,0.5620611748451664,0.3456732334730069,0.596498471164342,0.24131166664073353,0.2105282085405088,0.025108041141144094,0.2737147005963864,0.08111861941590569,0.337189454574826,0.10658014602910765
4763,0.8083247196849339,0.22514558907982846,0.348659096760669,0.017627602745378557,0.5512772166756246,0.08437513913582469,0.375289341828085,0.7022668678277898,0.39279871552106876,0.7211892597828812
4764,0.7327255040899179,0.8659755333329111,0.468316877693396,0.8548449785981802,0.7515789668211585,0.06302004080640936,0.4888923810744184,0.4141782107426837,0.5050473175206942,0.7937795506102747
4765,0.5746806584972362,0.7482559722456591,0.3572661196840361,0.329253165672619,0.5301022133981494,0.21827064470842342,0.1983081584727307,0.18249230482085566,0.7377858650906906,0.9133133819423909
4766,0.3186118640672371,0.773707777457824,0.463655113980841,0.3472502941130712,0.24349632115011505,0.012251631802301512,0.42173324204183743,0.11157925989309884,0.5174403794516935,0.6851085649959738
4767,0.7051943521989008,0.03889459454530365,0.47863246834882134,0.15844848571134365,0.4323007833689508,0.001970655557469864,0.4605383168183724,0.41203502074268594,0.5144309583465467,0.09565234487660984
4768,0.22259316179523242,0.9151247919838477,0.8447359954246189,0.6933071261094246,0.604569693388989,0.07294812609910405,0.5588469705568313,0.4457042305652231,0.30102616763200424,0.7652664295209743
4769,0.8072896516799081,0.5746178339427922,0.4524062639406624,0.28021865144849434,0.8442014902309414,0.3630810120902978,0.6117882065498996,0.13681714475028223,0.8242861203083427,0.6562821619307792
4770,0.5429826153775489,0.5036583189676179,0.10436607824033775,0.1768052373991262,0.11846734604069642,0.6627585620119143,0.5729961735225706,0.4822116102218872,0.7124698588649501,0.4561022798106346
4771,0.005219910184084506,0.01027439295592919,0.760959750991086,0.5036032884988838,0.5667499226376563,0.10064325946817124,0.8295870564991168,0.5021977062203635,0.7338593916581162,0.7605280006126278
4772,0.4410024274227748,0.8976506574274049,0.5845660786507135,0.7507422007805229,0.31656355548935966,0.09035573781482904,0.7007869674065865,0.9810887567034531,0.2261670673869432,0.5250919609328005
4773,0.6286295462062523,0.5437595148815785,0.47634822937921517,0.26970349093612,0.5950860304963775,0.3099699771608826,0.5398608550314303,0.7132040221120657,0.5689286675953946,0.9322923880116556
4774,0.46052678229350125,0.825117436681268,0.419242312923233,0.7223522291639118,0.6105803514301774,0.23100940349550275,0.319837010986108,0.011601110835982337,0.3238921824451017,0.9315976123944008
4775,0.6401495719931324,0.6554176785119009,0.32418351366679543,0.4621685864954921,0.4517808139078624,0.8826847695431509,0.3742668767246468,0.4766102512696383,0.6487344245941369,0.22540260757762998
4776,0.34486986018022037,0.7966479822797222,0.8622188381897528,0.40393939967093295,0.6190462605409153,0.29964375636039753,0.23529670471616132,0.02102828080081247,0.5632557518436652,0.44055019122238603
4777,0.25884262158080307,0.5041605632076909,0.510449968800134,0.3596671679621205,0.7173646133068244,0.21730243930347365,0.5272000043367899,0.510977928549937,0.6007078790750802,0.19847157762252804
4778,0.49176705472722,0.9209602139554671,0.1766979265608775,0.1456287524599771,0.4650451805001533,0.3584885337411226,0.5600467275386465,0.33758650932070694,0.36599990656829856,0.33067833791054335
4779,0.5112025157577842,0.22524576444213382,0.561903238872693,0.33276768599950113,0.23823470149142106,0.12785007406000692,0.663660768438481,0.9035333425926114,0.3045922416999423,0.2230463017059378
4780,0.43951600914202554,0.2018537904015462,0.7257270058833889,0.8796371502932125,0.7726223252176909,0.4857620680510536,0.5482297264258742,0.49304199710756436,0.380416034988537,0.5118913792946296
4781,0.7368042484750419,0.7124675282939115,0.5299555175067184,0.10219472079415864,0.6571699142899722,0.606929741765428,0.6933815680475315,0.8498950726919781,0.5606166076146646,0.000581778198300742
4782,0.34483529379049466,0.5012495021336317,0.3326377729919351,0.9587220341412945,0.605923625876486,0.017806876290564353,0.697165997035988,0.5836858318045194,0.4561224516975761,0.7913936310901099
4783,0.5643329671060844,0.5990488693158619,0.31594998210482805,0.10752677792669774,0.3632260998586266,0.3506957374227915,0.3092074477099546,0.39620165212936864,0.5502360743976227,0.1588889420697493
4784,0.5180710438389317,0.7084670857938118,0.32970504247510946,0.3621790982588833,0.6874878842154866,0.5425001193781579,0.4033157004964249,0.22928420177083125,0.3076078107580911,0.2740792783848486
4785,0.21153583509160168,0.547298435424634,0.7845638569758607,0.6065661106005551,0.8919384166826428,0.04369301677436982,0.49686896491085647,0.18270328617075232,0.5008992504355738,0.17486027185049424
4786,0.2563808452000792,0.7876447787611358,0.4874160765026284,0.8382079551955864,0.47341310557303695,0.058248066848372824,0.3686249446111411,0.7945001914056178,0.7671813900472693,0.35391534258770474
4787,0.5074942036013279,0.31866045208177995,0.18770616022413492,0.14362968512972904,0.5151552734669922,0.35925712002989696,0.4540091228238426,0.8829994286940565,0.5652778421671125,0.07697538464010162
4788,0.8790468838199978,0.8589658383649674,0.5724204597836821,0.14114794887760015,0.29084101228045484,0.3876896947578449,0.5544921892959713,0.32372523805255754,0.5771651376835871,0.8589039177706433
4789,0.6145397835285807,0.10739816934076539,0.5270838779122687,0.6286482249100859,0.3576988505024228,0.2882127174475704,0.476196393402266,0.49436640853604497,0.5786854727852209,0.41491481020452986
4790,0.17966531706933925,0.6339034358459621,0.4170640239876484,0.2928621847675722,0.28902691062319286,0.7803724556172367,0.4989627902880423,0.28711738185285923,0.40488501486984724,0.9242210307039695
4791,0.0,0.8901184131467046,0.31047960129708874,0.6447796218551989,0.5221824494411627,0.007109643653217619,0.32497550612609577,0.45502206616578234,0.8121374677352067,0.04690265066403848
4792,0.6435547105166897,0.25246488971609926,0.3023692476155473,0.8209418076511796,0.4309619125328577,0.1882207925742641,0.5923514538941999,0.8694952454577849,0.5699680639795324,0.17254545795237708
4793,0.4870939739627554,0.32663046014439506,0.7034336988740628,0.07688665909633188,0.5689875146686107,0.12438865188012989,0.578848632081802,0.13749061518588251,0.5358054322675678,0.8358216586187326
4794,0.7205735756714805,0.30523034333036325,0.5469412117748524,0.8448637380360632,0.32435996984340376,0.15951392503437864,0.358213607753781,0.29110445617369396,0.6326515463863598,0.46378040313124064
4795,0.33907876182213076,0.5641396324064983,0.5900461237744732,0.037583414868768955,0.4644678305266654,0.34972489804486256,0.26028695502005655,0.6951592642793699,0.6808531364784829,0.05938506053119014
4796,0.5713227342715541,0.41269663944794627,0.5464275938770145,0.8992208184754984,0.3124380116652246,0.17620040968899708,0.7259032838725048,0.3102569732792836,0.2655022099087991,0.04662064109794184
4797,0.6648974343464711,0.10768119690334768,0.5618936663495391,0.9760481350992927,0.5331592567673192,0.5274575227305506,0.8214688198617728,0.08063434326021034,0.5128487728978259,0.8948523295308869
4798,0.42082237147845275,0.8912735171075498,0.41342750683405327,0.6677432964906778,0.1811419599743947,0.3337159152465296,0.5422129631155492,0.37407900525360166,0.9267787109747427,0.26166291111270934
4799,0.4248558467708032,0.20443118443806715,0.4623948192936891,0.9846892755890928,0.5261971806513611,0.06700348432357943,0.4321697265570957,0.6762671042450891,0.8166159213929385,0.4108492026754958
4800,0.5100133374803327,0.5339457442254801,0.7180322107962416,0.8223510954848855,0.4429638115083298,0.04239676088736507,0.691958820155008,0.9840851703429409,0.4819267100703503,0.8970081766085194
4801,0.6076355656884102,0.5946911246185635,0.7645961625794028,0.04436668069392316,0.5318811889581406,0.08819883340205624,0.5856919566066461,0.8921619725622841,0.6404456064653503,0.6676203075856568
4802,0.5025424632052079,0.04045107216390961,0.27286616410192244,0.0037934506482170116,0.1772845632788171,0.05879638587244691,0.4600272717725486,0.5616765757998788,0.44009216634533105,0.7704387141922759
4803,0.6890142257992854,0.09543010605420757,0.4619417318712892,0.02078881810536609,0.6235176140724783,0.1679164695442731,0.6775291697608457,0.7772755501113431,0.5693297891642246,0.471470720168644
4804,0.41809197302935847,0.9717031426740865,0.6573042646275553,0.4520958006733147,0.43909282839294184,0.11443692980507826,0.3495169378512189,0.5711932576016878,0.4150705554382568,0.6952349393950688
4805,0.254613913592215,0.6644220960064864,0.8517809763813223,0.6236504110870775,0.5388733152211196,0.1498909218758003,0.37144240754672914,0.4936504932111233,0.4118473298742144,0.5842971804062784
4806,0.8782498079075132,0.03326197996864968,0.8331089944216964,0.48167427715620226,0.1351546594601541,0.28078858963397263,0.5660009234113634,0.17017044185386598,0.38970095088821194,0.17023832971777386
4807,0.39116853610551855,0.7941527475315667,0.3523756725592786,0.6774228749384857,0.25649944646950396,0.03649574046431996,0.5199848749767011,0.29178840259087485,0.8217468526905947,0.5726637538450567
4808,0.39799694256514867,0.5083999233742433,0.7385717913222544,0.4497904137962955,0.42141140604595057,0.05341332052405042,0.6164927172782455,0.4518324299541061,0.4108657421291045,0.9255845819252764
4809,0.49283156618220486,0.07491042715455938,0.5117165384990555,0.04256415404493688,0.7629369082786561,0.0837993177739933,0.7190921632487071,0.9856849478131074,0.7190535599939416,0.3451943481094931
4810,0.517922206562715,0.6806673350359763,0.6955603751453401,0.22625159922354296,0.5988664197337771,0.7489369709308393,0.21245688418199488,0.6083922586889996,0.4201340563578883,0.4938502817098116
4811,0.4322899470928831,0.4992058178811455,0.6477917362680123,0.9930620608829217,0.521999179427333,0.13894391273380718,0.5060928718183331,0.9449328755217002,0.39838581691046654,0.4160510168690276
4812,0.5019575955937682,0.20467443846403646,0.2650572041171352,0.3460038488859578,0.31809151221929,0.18036525812446083,0.849681962023739,0.25827947697468145,0.5761198516362664,0.6886133399767295
4813,0.49774483017714516,0.8776839823413921,0.6033489195950942,0.32489603391179156,0.2828961277467639,0.9999999999999999,0.3888331174806922,0.06844130263965294,0.25540883492220495,0.6269982954524319
4814,0.5382306877014685,0.2911636770555594,0.6883392510673186,0.152843156639933,0.5503904473624764,0.12353046462791903,0.36702464042826105,0.9784515580815604,0.6284136982596935,0.47702733028630173
4815,0.06045145780283799,0.2843381512814972,0.49702224848462206,0.9875790227903432,0.6324101617900347,0.22125931596223675,0.08541183614640052,0.3292681510367786,0.47627914069870897,0.04722122861130912
4816,0.8601184599750361,0.2725511206854636,0.45484415255257804,0.23054619258190542,0.5372990862236808,0.6931883856560287,0.5176797370039319,0.5350871399707942,0.3975081827576988,0.2644922776271859
4817,0.4774575059924679,0.7674002777049956,0.20767248829267018,0.6471051624374635,0.8275526195684049,0.6521017608409295,0.6060362002354287,0.07061443819145934,0.3567149582907016,0.3144867669303434
4818,0.6147950224878329,0.706042468919259,0.6282728746416997,0.04204757132591555,0.5010879514399724,0.9026509928680012,0.6056571606013221,0.8603893476323462,0.8766536358593007,0.7324791564327757
4819,0.24523568203495777,0.9031359832083328,0.5397117997728957,0.06648369013254307,0.5315728374043629,0.11046499001686902,0.30755508206477217,0.00010459463228114363,0.4956227119456383,0.3962525150390123
4820,0.4163816340078104,0.22910209881109664,0.3287977431100563,0.7170624908558363,0.16937183505495906,0.12610506111179642,0.4972979200789875,0.9060401197335654,0.4876116548324461,0.3782686988008923
4821,0.37839871057652236,0.7863154781327442,0.4400133453349798,0.6354413896969338,0.5376997549632199,0.06139884354416835,0.5397841143793483,0.16490519349676658,0.667983500197826,0.44583194313865104
4822,0.7825448633588671,0.5729244611539839,0.5295953160425731,0.6804563409186218,0.7810945108396361,0.16205218900976273,0.5085203213788403,0.18302468299194946,0.3422458576631145,0.43195135938925305
4823,0.39471939618593116,0.30846926730073415,0.39659792103357416,0.23105751347461415,0.29542171007907164,0.2782849985613934,0.29689879058631513,0.8257741879350307,0.7176337984271037,0.7176579054186932
4824,0.6482765283026747,0.03515157287715893,0.5012803906375382,0.9853232449560176,0.6597689337491873,0.550747218796596,0.5131700498881882,0.38591203272741337,0.4953507307574488,0.6702922475391144
4825,0.38252979529677905,0.8189094296150612,0.17442612796961163,0.5586130282149763,0.7756140486983458,0.9917512578669876,0.34860699157379044,0.2556126028622502,0.23925361244451887,0.7628579551980007
4826,0.41984970261815774,0.24083821049517634,0.7524425201459921,0.9699753707354593,0.36346863320492695,0.29845719202230064,0.15351228859391058,0.5962628247339552,0.4013582946407222,0.20736452187866428
4827,0.45891809675625,0.6316417320025676,0.5037481316779662,0.16422690004406884,0.5871966389859054,0.06996557888713031,0.6246164029289902,0.2540051844487022,0.29408390488641284,0.7414384821504019
4828,0.7474744868722198,0.5487386604152416,0.2957563683990344,0.4052667972171633,0.8024215057888158,0.7424077281717306,0.5247443161365415,0.2861625402603696,0.5175584546785734,0.2961560879298829
4829,0.14868176063654576,0.004136514659543011,0.042055887745851755,0.3358208433758817,0.5414579754207959,0.2621482436793236,0.6081187707114537,0.04500476103178659,0.3513752349763399,0.0
4830,0.25701603882289203,0.9943647081789675,0.6927104035471894,0.7554033668994171,0.6490498687660331,0.010563013179788893,0.4002912742597438,0.5391950380177796,0.33045663081036675,0.6395658889568141
4831,0.1378419940887936,0.8142896768630752,0.6048628167129966,0.7478964211741017,0.1537478264936214,0.5261002473486986,0.6145115812513298,0.1289294606915038,0.5576531187988765,0.011735550920282
4832,0.30006405952649773,0.486320935299944,0.5400731064909,0.4867485832604336,0.6123802429816461,0.3383210143480212,0.6875028320344156,0.8371036643415807,0.5104875190247877,0.09793872048516222
4833,0.3521194734190216,0.6802564686045521,0.6618477937068753,0.01613619149633183,0.596925647419769,0.4734519076304341,0.8225414975873289,0.7509450049554648,0.7318554892808133,0.04107246477155213
4834,0.20063705235521112,0.47644056762562476,0.6613350040845786,0.17526713759557958,0.24035238099165324,0.011190170922828915,0.6490735176778293,0.2850736851035245,0.7234381806982653,0.6063426705066975
4835,0.36673267219862793,0.7445230531368039,0.5370429901550835,0.05026956451354961,0.31035046275445005,0.2459721116540485,0.5699048537010134,0.5335585795379284,0.5137994141937738,0.20783957166181238
4836,0.12512364143775068,0.13405935769838528,0.45337124834512155,0.8473853447946972,0.6137081737313158,0.3478109805338654,0.24429762819090634,0.5771859672491628,0.59706368253163,0.8091588609251801
4837,0.3131793964947709,0.44618711877864586,0.4229859852532776,0.28988574973541326,0.43832511371488064,0.18563764809875405,0.47925030465458535,0.6663201703730358,0.2347401048506394,0.35626943650223286
4838,0.7317344501586023,0.3353358995018468,0.5792850133913546,0.1179576882393541,0.7119569067571004,0.0038734309744761315,0.2364045446898569,0.4186241716470883,0.634374193708132,0.3351391917971766
4839,0.581393291294251,0.45949585739676435,0.7613215224384714,0.35431620228797345,0.556980847284379,0.4847919896655615,0.3478115285123165,0.6523913645274405,0.580165662148054,0.514765781919666
4840,0.5406170954777584,0.45031016751843483,0.4815901143290935,0.07730565712193638,0.5077978586894342,0.12057042864474916,0.8596416511682969,0.16892667434402958,0.6833961482614723,0.7750310914362621
4841,0.31604915230377073,0.14282772009737568,0.7761378690498334,0.9792886198541471,0.4639083456571576,0.5484920414094827,0.31014155390202064,0.47075688233730284,0.44396421786534307,0.696382598685608
4842,0.21542835713738906,0.976503622631788,0.5703724656572005,0.3151337043340434,0.5534904930876678,0.55404978727595,0.06666422350542867,0.09349300707687357,0.4456195089104576,0.2064958263291467
4843,0.2903183259737063,0.015182845824476711,0.5717783628976479,0.9334770987703176,0.6521867496064675,0.11651289146613761,0.6489463900977768,0.9411214091056518,0.44680596640898346,0.763497706862192
4844,0.4970943602116858,0.009761818803424346,0.949323795603683,0.6830238178578026,0.6001390436932025,0.19772771525130162,0.3747153162183791,0.4011011000378475,0.7746819810596739,0.5067816601560678
4845,0.6690488775150703,0.37325283410704757,0.8089985701389143,0.566348413746295,0.4150564534510415,0.7981643138666262,0.6406139707475698,0.6172772929932656,0.5558903957876407,0.9874106503526255
4846,0.6754997453566403,0.6202712087287094,0.8138345965122363,0.4756967003563852,0.7366186115536723,0.3505957695091891,0.2830001644171091,0.48956702811697383,0.21793972438436598,0.5167826480256351
4847,0.6242267631689795,0.17939933636814728,0.3520295656611314,0.6876773756333456,0.6240937495524271,0.32979353666581157,0.4203186049719166,0.026259499460863048,0.6245599449387893,0.28613825390061903
4848,0.36608946201554127,0.5330594381021112,0.9096138229639462,0.6865720936623291,0.5713925174096267,0.05125987889192478,0.7195627769923119,0.062179370206252985,0.4141239883078624,0.7611318124347839
4849,0.509878813508351,0.7227013872083491,0.48544803562065975,0.010506657006935316,0.5146145435039321,0.22863553349140148,0.254974271365283,0.26415671879395125,0.7081886442970502,0.029230567324696533
4850,0.4446180846471755,0.0937778299633466,0.458354981087995,0.9081825033935094,0.5936009872617726,0.602262660803578,0.4676737477345693,0.6748091917847503,0.6044923890916076,0.7246193908941576
4851,0.4672877298047268,0.984440137712741,0.09809047990172345,0.3681136077969166,0.14258135754651197,0.05652298990181613,0.552655499162477,0.6412864659581448,0.7377994453634862,0.5431547715421757
4852,0.8895989971398748,0.33649976285487604,0.5616329676131153,0.35341654447554505,0.5435535869895886,0.08652352094015157,0.36619666131592626,0.18749437422367116,0.6995025237713035,0.1755985477914629
4853,0.17280412688143204,0.6423177116421687,0.2987402160682209,0.40675851783377825,0.8141337496802168,0.2197942490216305,0.5435526455794322,0.4883630967340189,0.6802210937430195,0.024042909881941354
4854,0.46096960981674046,0.11044270182464513,0.5769187189667601,0.6855791083966453,0.5394292193448185,0.18720029113344153,0.5017929383270467,0.3667300437413757,0.7176673932602691,0.04652185469553982
4855,0.7338718394816066,0.7094113239091209,0.28415416482624345,0.37617163217131777,0.5130245995532786,0.02238636416897459,0.5975364309588276,0.5683474593578227,0.6569851782452143,0.08173050981236318
4856,0.22867200493096806,0.8404254863273267,0.8360444852508536,0.37398395115326555,0.3816176078532751,0.9999999999999999,0.8388168140264094,0.3343335587534265,0.3703254124103618,0.48769479605131644
4857,0.3837888188531658,0.10500615168087904,0.6036473139499055,0.06347485486004509,0.5921846586165656,0.07902580412115376,0.9925200062202826,0.8962197825778028,0.28488371854870725,0.7075727476735906
4858,0.4054313557847729,0.125591109069021,0.925967461923911,0.41681426660677745,0.4591451294012111,0.32086111096986664,0.5843964972488151,0.47215767664120156,0.3444101562930662,0.13374955109963915
4859,0.46311805287633717,0.2808277458073258,0.3099914905752278,0.1495280588674575,0.7501319611966841,0.29136813718078064,0.4785364251475281,0.4262863523574959,0.640957710145208,0.158918281485041
4860,0.20413205842877175,0.01162531810457738,0.789696452515228,0.855963977981531,0.32983031169567667,0.299899182881434,0.5802614810792932,0.7032193592921228,0.07974200514990043,0.8140188864679221
4861,0.6175616254663115,0.9860695738045141,0.1645829255635394,0.3346458667934743,0.4093897583085888,0.9812187269337406,0.4560537358046339,0.7806323940414652,0.4992154000497299,0.2278768228487527
4862,0.6309576758343471,0.5982715116537677,0.539586308402347,0.9612905993013343,0.3806516806802061,0.9999999999999999,0.206011188242412,0.43726854413989436,0.45163236838906956,0.8278977256041187
4863,0.6011638712840014,0.6074799935993481,0.3829860945071486,0.6848239580914567,0.8517352472658128,0.4209593391888959,0.49030911548901784,0.10845690903120182,0.7346458430807639,0.09498923076144489
4864,0.3410304471850216,0.9589713061843887,0.41723913074045726,0.7564804707655048,0.4601719850266862,0.07119671184735654,0.6985716313952848,0.08456980818505376,0.47987306860011486,0.8369227993985476
4865,0.5215692055033999,0.8319955493300464,0.40445673437767016,0.9481683430317114,0.39086474979547753,0.5289771237344939,0.2286391389549079,0.32651631558418615,0.4321303489784806,0.7325715477378425
4866,0.33554635605867916,0.8142032228617827,0.3301904428476571,0.23902553948499408,0.09250004644183552,0.07897101023412365,0.3172349473977795,0.7324948506007494,0.7521563280231274,0.14761526475916253
4867,0.442494728209833,0.33930243063514826,0.2658546106646279,0.5675329412016574,0.3205937208981486,0.23642915254626337,0.3915273647367406,0.6534987148307277,0.48468036913386753,0.3379042131703084
4868,0.9115492799206784,0.33466188848283585,0.41827040153359185,0.04072530908779173,0.5989851056666822,0.13537067988910317,0.5676084291735697,0.287351282590888,0.45399392840520364,0.3330729518074964
4869,0.5233020938077589,0.29152189943190476,0.5224199199497536,0.10078583582858419,0.5982096171358735,0.03419217180458593,0.9374957272740734,0.0038203571752797455,0.4091982418129823,0.13379057095080554
4870,0.2811920934872289,0.34649825037385557,0.7178051617775255,0.3667364734923072,0.3709174247402729,0.15890703593373026,0.3495754302218514,0.6425252179845752,0.5564067184800792,0.37708205123972793
4871,0.539271413400691,0.36931894964366563,0.5558627095074573,0.682796873169329,0.3816617877468155,0.040088581080569924,0.5157362061593509,0.5642007663182602,0.43916622326766935,0.6778194267182421
4872,0.2501988173135129,0.13973641629526334,0.7183358996942982,0.832057323121321,0.8566274030818892,0.0017799496867551344,0.4999719627949741,0.7724283779039289,0.439852597301904,0.7305368897560488
4873,0.27902540142318516,0.35575347400492247,0.22510742327302527,0.256503020275203,1.0,0.025391235842576278,0.44332158469504573,0.6860474527992008,0.77765485818395,0.20285572751291564
4874,0.30881454556236393,0.446583292458036,0.4200341666044075,0.7494028920704382,0.7192750689544345,0.24471318024323357,0.49010389142729466,0.24648897126038438,0.5114294828870145,0.7217720643285784
4875,0.42141748284944563,0.30913722176204333,0.6333805086442171,0.22437518818920252,0.7984849037256045,0.1599785501501705,0.41315511767574803,0.7328121559708887,0.4169891039347859,0.26661677853906923
4876,0.6820281468908924,0.1650882491610143,0.5647847328511512,0.0060391461592274875,0.8395195819410319,0.07463733456138205,1.0,0.4861294823020419,0.3130918244543441,0.04244451381539194
4877,0.6143753330711565,0.37322190331586236,0.34017562462401496,0.054418832089191294,0.925236111042756,0.776030408215583,0.6372314037587938,0.5745840938533534,0.5398543214174367,0.19458528018739418
4878,0.6039222787260398,0.48075556012641973,0.674980990100081,0.5858090060024177,0.438476769104083,0.021564056331022364,0.41474066744413035,0.35665530037818904,0.3958004106975292,0.34219846917032504
4879,0.29790894648808686,0.720657116176534,0.40170093078362956,0.4973572187340999,0.3269969381155594,0.7974615969784155,0.7172933357802809,0.7905405906841941,0.4321654229598471,0.03584806307557675
4880,0.4031152264947006,0.7111632877737173,0.35580612254824073,0.2705305019782299,0.8515245459790173,0.8168771790432048,0.5462690352952773,0.19564241905381313,0.34036819412963,0.09524643583154846
4881,0.556566315990812,0.20244891754740185,0.5915948022997453,0.006531625312715589,0.3103571623031973,0.1965571110090204,0.509597837478555,0.20409983307036622,0.5395477147112255,0.35620960200887763
4882,0.38669956820820744,0.03635324107956729,0.5019316781264054,0.5682526520147528,0.29791939410548574,0.013975365079536462,0.46532127802370465,0.23700846512918905,0.2545363340346502,0.9245882566963259
4883,0.4527265346863428,0.3035875323615437,0.40326019314539985,0.8179638709349917,0.30236075449531646,0.837625114049031,0.45277096624611674,0.7895027522323662,0.5803109685596528,0.63578364216592
4884,0.5885196074699042,0.1568748146559693,0.3969275082106183,0.06855719233653262,0.4714621977518765,0.751719049167871,0.273803858487737,0.7280134666241752,0.39832262768058063,0.9343798631988048
4885,0.4394427415285698,0.39560753724863,0.30126856838179694,0.736794332648526,0.1130456232250236,0.10020646433693259,0.19009139834218008,0.2691914437478752,0.6382872441378089,0.037176770681161986
4886,0.5478983682101011,0.9793621355354056,0.42697575444017977,0.6348155407629056,0.21967552836584991,0.08813466181778891,0.5673124590873415,0.1434046136001645,0.594330799738159,0.868094005259254
4887,0.8057525912332206,0.18081795910065246,0.7059281950721326,0.47955625182075756,0.37650059121773516,0.1832035680660843,0.4634638207062041,0.027632549297262124,0.5219000479633982,0.13564416849444122
4888,0.47282170606389456,0.31866704179225963,0.5463887381244815,0.04834436629392316,0.2655533778498436,0.01601192846761949,0.6608042946948687,0.6837045833886571,0.49909834135951575,0.23689847368256656
4889,0.7277567236993211,0.7250445261377048,0.6795548333799954,0.9239774439899144,0.7023771218663201,0.05579307791187093,0.3347061628578882,0.5386564859828947,0.7979288962439324,0.10026009494821858
4890,0.610785228709782,0.5090401129581498,0.5970257032853079,0.47764158730856354,0.49816376137006363,0.9707885884590098,0.2963195922750366,0.7022067469364714,0.743128432828646,0.4111630511651745
4891,0.2284172016367827,0.04362844413259703,0.3865998062945708,0.3997717191087574,0.6084895318373873,0.1879804350055951,0.6421217346084112,0.7081514514303461,0.25310408352466746,0.20240331876516604
4892,0.29730283966555043,0.16143006489624726,0.1932232898881889,0.8618528363979707,0.5873108548660876,0.3007532875000605,0.44441159425197146,0.8447634279540663,0.38713409852632635,0.7393409001132861
4893,0.3479694424379349,0.9352506879877195,0.32792672406688606,0.845948343139142,0.4568822864468345,0.18826553956909703,0.656800716837088,0.41566776801545036,0.4103918713626303,0.7549152184239969
4894,0.34396219920071347,0.10288528651101754,0.3755984962255725,0.7275765857219182,0.6880092963281421,0.026807661194841403,0.5050798155632483,0.8272498800294644,0.6234635214781947,0.2904452420990909
4895,0.48821162622838193,0.6349926135822067,0.3611735989283016,0.8297226290564387,0.5843355013538658,0.1998196362423524,0.8453352662185176,0.43548213553803117,0.4029283462180779,0.7997819459207463
4896,0.6212139651147756,0.7922785433644435,0.6837371582144885,0.12436648201401043,0.4352905570428602,0.028974406917538872,0.6383506727217367,0.707717473818078,0.39547075017820915,0.1636030701730961
4897,0.7420620643539942,0.26521412612181894,0.6817917353261095,0.761246684701994,0.1711639112196337,0.36679882650984164,0.5745099781256651,0.5509335306554894,0.36266287673326,0.04019396594627711
4898,0.5633913884039502,0.7250082007006481,0.9132872553787857,0.32816588412273684,0.5975872944093622,0.9999999999999999,0.6465034521248212,0.9214632079966284,0.558923632308556,0.16498986420631195
4899,0.4211589805346602,0.16963799511441174,0.3583503702493669,0.8678749995214271,0.2529074843609692,0.12959490742170954,0.44855218535920455,0.36979932564221585,0.6227162144448481,0.24573123417123333
4900,0.11238312956259976,0.284531856017808,0.798698426991784,0.3703826977107081,0.5704349047774149,0.0552681818117786,0.1957647641242542,0.6897111922845373,0.271960938588969,0.05026909390803419
4901,0.5185652937891722,0.3116127491406147,0.7975456780781579,0.0543097090288768,0.5121370087176329,0.2935341663558454,0.5655020577777521,0.5979178606457809,0.4044459825959888,0.1097317187042352
4902,0.5101090633663206,0.9964567746650427,0.45746491555316104,0.41455179763296435,0.23374546654115563,0.8044254878679945,0.8571564108554579,0.9987726923891004,0.14212500511049703,0.3026612674158482
4903,0.5397607217313775,0.21433019041430876,0.5890971835035815,0.7571062590379942,0.5468588252175075,0.14041907575421747,0.07628668559373791,0.07673734823161064,0.047770481812146715,0.8524427083393322
4904,0.9026386769235937,0.12893654808107435,0.7321725873009426,0.5011434762708323,0.533884194546482,0.7815926972457152,0.5854696026556288,0.5979317657340012,0.5942173373451822,0.85546858738672
4905,0.7393146250163193,0.9256893447061075,0.48979192644997205,0.7639662931495275,0.5345859607635021,0.016365078664724038,0.2156415110806778,0.2320221990093535,0.5620653712724863,0.993581399602303
4906,0.6533671155310532,0.16167082178646686,0.47534463187959763,0.0352707349532452,0.5253110153096867,0.9999999999999999,0.4946056971223289,0.8841996095206907,0.5348943573093039,0.09795197720425158
4907,0.32372843357279,0.8792621623586949,0.3837853590950273,0.17722653384256135,0.3706882225135334,0.19691268686987484,0.5135671022942012,0.794452870470547,0.8036336081533211,0.0017794832367277746
4908,0.4084583862313555,0.6503616395166517,0.060643979973825896,0.5638482066271925,0.6113110950976249,0.356358895381123,0.6367107972328669,0.6617047618734742,0.1837861777449798,0.5655879528127588
4909,0.4873522446132846,0.5767416706199276,0.5139237742519366,0.38547193049694817,0.3638665091163117,0.48522709630736843,0.5376837555303833,0.4800929809880753,0.10696457132764442,0.6032246053457084
4910,0.35894812031608037,0.7512777724417179,0.36839350987609,0.6804696951145286,0.2890227465957037,0.13401269509619815,0.7523393505634104,0.6811700697591616,0.2887292271725203,0.23612903274962987
4911,0.5996713128118403,0.7259294655440535,0.3002331768735994,0.9629782110952778,0.6273703021869715,0.27990477736674985,0.7141230943218888,0.5541313434003461,0.09945365011472201,0.7970340994942602
4912,0.5725861584396845,0.11024896769063622,0.5795180633656781,0.6601465582782414,0.6780089332029926,0.43992487680175546,0.4626165593873344,0.2869147025745752,0.38561615127443655,0.9559558590429198
4913,0.29991205031192625,0.9994889175501721,0.23011756262548896,0.41753582916668985,0.6141329973743951,0.26825948281003503,0.7008366945299609,0.8193926382408007,0.6128720712753466,0.3316475903396283
4914,0.7310545291350298,0.9418931008081992,0.6511115862444471,0.5425945118653106,0.45680070434418063,0.37675389126461145,0.44119323500418256,0.5123419287282107,0.49909834135951575,0.945838126939692
4915,0.5245501608676169,0.8965800486326372,0.5909703315164704,0.9132275615848402,0.12173246952661254,0.16691612750106252,0.40944263305207923,0.25671462756951613,0.6973475859807035,0.10421886634775596
4916,0.17901697418463597,0.6221846389141631,0.4261467872694604,0.6732798889477088,0.7834769449933017,0.25554623013823613,0.27667994276774704,0.6642177112893087,0.572579019249045,0.4756110335985627
4917,0.4955598725564407,0.5226532544919645,0.48897402508925913,0.8035300886100828,0.11870886700883254,0.09598153762148905,0.7409816328363652,0.01807826092298863,0.4253817372319862,0.19711989120292
4918,0.5583031215782885,0.5361450591657783,0.27880995009484266,0.3016380005952568,0.6102380113558623,0.05629595224271891,0.44354681881320296,0.7199936285553358,0.40221925031343825,0.5844096698083293
4919,0.68878706735073,0.014627459877792341,0.640716073321625,0.744644645254556,0.9050549462451805,0.9999999999999999,0.05210391141298987,0.47007268872472197,0.5852483077144688,0.07107287119386052
4920,0.44157405005290234,0.4993235536820881,0.5357237511572562,0.13947632478228858,0.525788689618415,0.6452033999886875,0.5989245724036407,0.6341612601743905,0.21144209027928523,0.5043352770185597
4921,0.6614569358453749,0.623665572297454,0.5496150196695698,0.7501016164308476,0.5532102002351377,0.9999999999999999,0.41882347077979715,0.15674653131092303,0.0,0.17312136958239271
4922,0.5405556472671522,0.5041605632076909,0.5943815371700351,0.8819452747986849,0.57024879380769,0.02216880578002543,0.44380722356082464,0.7181550848136863,0.5762752241290887,0.41741722758924515
4923,0.2571309308516545,0.33193704070797203,0.3809733776249632,0.9006277477892148,0.535208764944797,0.9999999999999999,0.4557263593546495,0.7231824534142873,0.5466514463506984,0.6880371292776053
4924,0.23824241659411205,0.4711268884971744,0.21748321563972037,0.11662449878150835,0.9515503164091366,0.1809494113741693,0.4368070247775148,0.7415091454687477,0.8002749457441845,0.33374595655905825
4925,0.7170442300975168,0.6362108440650979,0.6793169196665102,0.8302449391270462,0.3337868331018813,0.9999999999999999,1.0,0.4669354646767887,0.634449145134143,0.5404218061108624
4926,0.7308974526363333,0.4281355432321726,0.6292241702307282,0.10996789674901564,0.30949977151409913,0.10256160794694885,0.8056984573247588,0.6403575660807194,0.5608783953223675,0.9714988296800098
4927,0.566171330748935,0.9621454064552537,0.40093897979896054,0.47859799185650054,0.4335302163345153,0.00838117477654494,0.6279128635509845,0.5490455404956199,0.44284270538498666,0.8753145813504688
4928,0.7874471592013705,0.7053656800426839,0.5770784284351947,0.6828165612921506,0.8336019350394708,0.27479425535934754,0.5434335698318775,0.23265932736243228,0.3480434708864925,0.9969727966841895
4929,0.7046012076048408,0.0009596503921034385,0.7353878092708657,0.48445284482272444,0.3852942126635911,0.6902095369871697,0.7071781401398474,0.02246227284973147,0.4488987045109663,0.17699123897008484
4930,0.6342295476402432,0.022972812847448846,0.7131439704317317,0.3400468716567926,0.5801091887515347,0.29935498987563763,0.5438644365284946,0.4132766838555235,0.6835964508525707,0.49410450085302493
4931,0.33330656571608375,0.6902186630672484,0.3954932979099052,0.6841167875401122,0.7040399624254161,0.060699861016681775,0.6494446124652045,0.8148845292017384,0.5902273672043594,0.7842321272270263
4932,0.8319216638369316,0.41246984490799826,0.22313351997307965,0.6611638408960978,0.6475544103324355,0.08597635690736102,0.6019055588789413,0.3218763751477791,0.67962528483805,0.9290044448847549
4933,0.6064327881708423,0.8394397558924209,0.2551261011940693,0.5831418107669057,0.6938009536344318,0.06002437447195785,0.5225871787572953,0.7489253605337658,0.5224142959516174,0.24084597518247697
4934,0.43244935128739376,0.172759278689157,0.4426455432574491,0.5286527414008343,0.7711548993613416,0.6073025305353453,0.6724066704359382,0.6395161203968641,0.3312467035835405,0.9877627690623761
4935,0.37916205740746717,0.013517055052122598,0.7734970384803074,0.7060456220668466,0.5564982038010527,0.28799511571470604,0.42137757377022805,0.35292363006009664,0.7226267833829534,0.44131828514910554
4936,0.553695209679267,0.3878988072271025,0.36492914915441865,0.403203394381374,0.40847214679952787,0.008907399651837069,0.5096911793157339,0.0,0.7054348768153791,0.7720960009337938
4937,0.18996231398879138,0.735998009822503,0.3895685115490757,0.06878066501036159,0.5010879514399724,0.14852469439796767,0.31818566403713905,0.43071765927736017,0.5373865607448682,0.5183575346427506
4938,0.63725672855438,0.9717411784553465,0.38572982395274313,0.5376827429370143,0.43129566947715436,0.4032659860992761,0.33949061145390697,0.3925362275783786,0.6077629980358612,0.297560684277823
4939,0.32533335002004965,0.8836375983490632,0.4016155876578531,0.7237694326967867,0.9846144651011044,0.175995618085161,0.03224161318559288,0.1382592109260533,0.5973113092301845,0.10884573261647762
4940,0.5751708459436372,0.48392346769668615,0.4986873591196812,0.29927841309305414,0.3938475533113954,0.3980874673012,0.5831489242130885,0.8186976616144147,0.4131552278732929,0.16179924685649194
4941,0.4068309661683697,0.8127770939149964,0.26205720897523466,0.14079670129092955,0.5903304124957756,0.3037773406978687,0.6338814965631949,0.9555438663704089,0.4527295752292458,0.647377782878908
4942,0.4553581015158858,0.07003966955385138,0.7030096338236803,0.9122418203564584,0.20656964353994922,0.1253785439594274,0.6991809996879839,0.12074786403522815,0.32932206587913254,0.5538433736005258
4943,0.3624380617813272,0.5721509712358713,0.473772603162248,0.8641281462838021,0.5225685036027303,0.0741620822914431,0.29549241204152005,0.23051922459426444,0.4520225048345489,0.4327244256200346
4944,0.4748271862816999,0.9242958500751566,0.9631291630321192,0.618699740679874,0.4413441343327341,0.41828536731484617,0.5800751402123236,0.632342681608478,0.6979793011599684,0.6260743053935356
4945,0.8617227959931096,0.39620440690703684,0.2819151220507393,0.7869501135095333,0.6275737259585397,0.4366914652414268,0.49877455088289263,0.9509201469113137,0.6619238131140703,0.5073629346420737
4946,0.7665709826983051,0.9601101504410395,0.7972843912309092,0.9692321711783716,0.6326159174545366,0.9999999999999999,0.6349999643756055,0.934046193596673,0.6082371749168092,0.14126541983812063
4947,0.5721277017488523,0.22044505507606316,0.7602611119513923,0.5695018584442334,0.7709638132566901,0.11912448331324271,0.3787094294404248,0.9313893352788781,0.6843647580559633,0.2615050357649108
4948,0.5004745521944471,0.10535493656339975,0.4240038025140431,0.24427487431192593,0.7556000603959558,0.9999999999999999,0.4368545639125386,0.43986254225146304,0.43273888910728836,0.4317588634162497
4949,0.6645253187866335,0.5246249244812805,0.42710399498315643,0.6390868952523907,0.4840526443336685,0.14531214685655452,0.21226300386466262,0.9859842968434683,0.2792349997977646,0.39779627591874833
4950,0.7184423997227222,0.907238553923385,0.3289629967234148,0.9149955697273002,0.3142078861732308,0.32435602801356794,0.36662380284833035,0.364330515818869,0.47233771340673364,0.9025252575174836
4951,0.34868215681477716,0.3110697537949419,0.3311032947730276,0.6904467448500887,0.3368929838016664,0.005900033554593611,0.49947738423131954,0.08618123123284092,0.487381867562865,0.9419172603263892
4952,0.49063624667920797,0.8001158582264558,0.5006681106989739,0.026233225659354764,0.5554355664823188,0.9999999999999999,0.531034387614981,0.7043329739711008,0.6305169441138001,0.5340283381913009
4953,0.1614916414937997,0.16893984640967954,0.5046408307182066,0.9175356665867986,0.5273979389033832,0.02427315360986741,0.18783647147318855,0.5559793835370764,0.599305161660493,0.2656062763552268
4954,0.7171465364469474,0.7455075100140015,0.20194868119740175,0.7540030509422592,0.5467678273595761,0.05902963198044875,0.4045358056099943,0.7994036290776785,0.6941301300934257,0.798863829928838
4955,0.8948623016594823,0.5569004195140661,0.9285100978122546,0.40199679573210967,0.39337295009780804,0.33981083507846827,0.5284862087894433,0.6209460537305596,0.11935060299938999,0.18178557207542034
4956,0.5203563807790947,0.17476152015198781,0.45238232857448646,0.9879273503406529,0.7748785776842506,0.3458292042158097,0.7587096567350977,0.8206181951821001,0.3505315771518203,0.49213833994280864
4957,0.10431377427310119,0.7180150875285923,0.5130175281625408,0.7219923953945862,0.2120207646813944,0.6158677224315741,0.34298892670450004,0.3435447071218882,0.48478454630714723,0.9942509944197893
4958,0.6201284260850082,0.7136824897322661,0.3839905021195187,0.8258019234598082,0.38266581360065344,0.22291913819463333,0.5893294649646574,0.28755300145835466,0.5932081610224238,0.874764708371919
4959,0.3346692267260418,0.5152946695222146,0.4509849752887932,0.9435816098025891,0.28853604620798606,0.24962437982317254,0.395289007378199,0.7571753315294174,0.9000306027706144,0.9295856952885871
4960,0.38009043745998544,0.22522921015985672,0.4340383733816976,0.03957744099993862,0.4564567273626037,0.9999999999999999,0.41665365933834625,0.49747468189727484,0.31647282037980656,0.09782182302856696
4961,0.6234652820026819,0.1320240174022464,0.5002346058101473,0.7747571919642778,0.7379976228255498,0.21298242651555607,0.33698140250551595,0.1789390452396875,0.3672873304257512,0.46211632067247066
4962,0.5532745326376676,0.9572636088167712,0.49806016156252375,0.38650508752490387,0.44121839744675795,0.35293326912310613,0.3062102162297609,0.3746933287611167,0.4217176979483173,0.7690940556265791
4963,0.4131537104673117,0.6557193578191274,0.6508852656891965,0.8694559465939286,0.5165062917907143,0.7790982121061885,0.41129969606400457,0.8006155858852638,0.36049836864875356,0.15596244535938303
4964,0.38268353026618834,0.8092000874127872,0.543156668816783,0.8792813118218055,0.6253604299540279,0.7740847089116856,0.6922786047055907,0.9239623509658096,0.33339459382336695,0.7689543054954224
4965,0.5289888414892253,0.6968912399714011,0.6321269031428188,0.8289807752156773,0.43201852672770163,0.24176229450371006,0.35960308721059037,0.7602533443814248,0.5108643063508167,0.3417479067675395
4966,0.4279916039825345,0.8294390976580919,0.4989514412475562,0.7795401349635322,0.570888402241262,0.2941023490424817,0.33086180616261945,0.7180281891455528,0.6890128960230435,0.8872102587582721
4967,0.2959632380018572,0.16223113676487777,0.5439087349095061,0.7946293288432325,0.5453807923244076,0.1539455423785338,0.5374927523050443,0.8116132492922521,0.5248151115446056,0.4175689305409158
4968,0.44250104486585123,0.4968034259945574,0.4557786350956473,0.2966698055686432,0.27814858097652245,0.18730965261264107,0.4998676535700038,0.20008805285687703,0.33881321336586584,0.2502224903454545
4969,0.5693190451697279,0.6670354080888723,0.6878571862711514,0.40669615137257265,0.4070666090479487,0.9999999999999999,0.4863136997923629,0.5793917061848995,0.4648633130831262,0.916864930021368
4970,0.4716435026153492,0.10311026957631923,0.5609488275537671,0.11508862153362096,0.5654643078324795,0.2965118181758801,0.5457700378580264,0.59400601948091,0.30483042296759016,0.7127786202824519
4971,0.23855527034898566,0.14969303599886377,0.47130083026160596,0.8309547351035141,0.7448885847131187,0.5673944489498417,0.31262434604890504,0.9459877790003101,0.6888957370743574,0.46294179435730126
4972,0.6918572118789147,0.633882045918777,0.4657366775339722,0.6462846933816179,0.744708362164942,0.020441252211604907,0.33304553629241246,0.014738802962020889,0.7816292704054681,0.9610324666333047
4973,0.0,0.868684478080617,0.48040844560806706,0.6129796037719487,0.9022019302694779,0.06108490183591886,0.6808829090280777,0.9705942514310325,0.19909815415999094,0.602366077261608
4974,0.42102962616408707,0.6603245522906219,0.5064587799280725,0.246172102030529,0.5907784191049144,0.09659431668205291,0.4719794742259446,0.725982162680027,0.5456511838047191,0.5870212643789532
4975,0.388231886002064,0.03590250729017393,0.4902700122870396,0.6153000407043311,0.41693155682037214,0.20168966475369315,0.6089575786140176,0.02187743906641225,0.3542982032626107,0.36119061418160014
4976,0.5332043404401184,0.9704459251506381,0.396559527871287,0.4547417837674085,0.4845077004802729,0.03457411224145307,0.7247587177858803,0.5185825747001745,0.5140862774281001,0.8347103572450855
4977,0.6112176194513219,0.13923946054843053,0.6434318153658012,0.9957078486862649,0.47487261254419083,0.03882053078774235,0.654957284094486,0.06925488501199724,0.4858871998375139,0.585259971452425
4978,0.7178375905639002,0.23232620058875222,0.6552137655002661,0.8634464405151716,0.41798270607020543,0.2687205061136946,0.24616047053400897,0.6032211857896684,0.24736741625638398,0.6216281751513925
4979,0.37083497658786857,0.9749818203725782,0.833462824695968,0.5262058323235549,0.5709517842995098,0.3157679789159983,0.47741003926857667,0.45133241427498305,0.731790865754617,0.936212764251543
4980,0.6159194634275944,0.7709787046277948,0.3882067461818153,0.8088085876205079,0.5799525601048908,0.4988466704008691,0.6909538577471592,0.7723654094000408,0.47331932972106855,0.26988175164305345
4981,0.5421926543881407,0.9365782615153113,0.6250691031706038,0.16456150192989713,0.26984123578208125,0.953517233322849,0.5953596732170439,0.5792393264658813,0.4128487372275152,0.7909037426323389
4982,0.18232475520094615,0.8065774117586961,0.144735134871222,0.10142794253361664,0.7073594639476618,0.3134262770567537,0.5328454802636868,0.7863288079084794,0.5242371478848724,0.8107606934950362
4983,0.8638285263018239,0.6516399181633883,0.655394120400087,0.6309219464200334,0.141590108066029,0.4483874314903384,0.1963855075623538,0.36845607869744396,0.3367456412232655,0.06332698884726007
4984,0.23378814543713966,0.28433451346379857,0.22913475352200333,0.7271012418804423,0.45384376561041806,0.9124626797118252,0.38514923118784955,0.8568824849264601,0.4672499947323912,0.7223217118616865
4985,0.5843949364091047,0.32667724270440707,0.3172075569285595,0.05306162178734222,0.7191866114124237,0.12957692360042494,0.5116975723127477,0.8663079561181702,0.15308861029649107,0.8303758029045714
4986,0.5788220248027486,0.9472762636788282,0.5627397274339333,0.20103664020819365,0.6143638192017774,0.36048554454456244,0.2358071654079476,0.655299857148573,0.05433831449416654,0.536340461199819
4987,0.5572522716673894,0.8606015628130834,0.38487419317497407,0.5374961237754834,0.4278293841425404,0.23895991076652676,0.6453427379717691,0.2633172489941484,0.3178466659693238,0.11112839360672389
4988,0.4119333499984013,0.3592972554142614,0.3593514162127355,0.062826276307588,0.877701765508335,0.04433640030120661,0.47720579757346776,0.9915160340939565,0.4009989447567666,0.07887183099717654
4989,0.6613275782048105,0.37307887450025684,0.41036499326811005,0.42422885107817665,0.4117556494937156,0.07288946973577078,0.13363200420638605,0.8177029863899911,0.1683469772931317,0.023491308187702398
4990,0.21084688962632397,0.2974803402684715,0.6368532594539486,0.48228251385919274,0.10964612195524148,0.09680288164502439,0.3943579533590645,0.851643688825038,0.4076303232880331,0.36607126586485694
4991,0.4928267611201906,0.32592569005660366,0.3268010298457492,0.9222149485350377,0.5844499721605214,0.0742060503940385,0.4460745257182895,0.01098299511797414,0.4007454093682317,0.6211953415061359
4992,0.3988586913430308,0.8606434270711927,0.4906814660955987,0.31580260724939435,0.15286498700449092,0.9999999999999999,0.4749421805613054,0.8261194985882192,0.49044521606369423,0.5700998561477154
4993,0.3774587248186088,0.01019587702678112,0.430163332508394,0.16872689165649793,0.3360530884709726,0.06851218335373904,0.7608459169274198,0.21732983953389456,0.6188172700508205,0.5097486046545104
4994,0.5861402636443376,0.435885268817933,0.653687256584841,0.007492467663310048,0.617334635716108,0.4346999495393608,0.6056398418726963,0.5080192216468244,0.8274029926260922,0.4172178713520161
4995,0.7085385774565479,0.9428433735086524,0.6589149155492324,0.12164485442648806,0.407735427692167,0.04187227618135836,0.2469597066189047,0.7041792580098226,0.5834994966913523,0.6808541942245692
4996,0.44048363811342156,0.5425049762980392,0.15850887475607514,0.7511925009340494,0.6091834685778268,0.8142040694581423,0.22407035236819212,0.40998989915399875,0.31517995259746184,0.8832395119263563
4997,0.6525407579130147,0.4502832957354554,0.6956895756456105,0.44510750680870137,0.27286995021829696,0.8350037685936622,0.44967429618797944,0.24320989034969415,0.6287603710718845,0.8264782868927305
4998,0.5146316565987494,0.3121607078368356,0.38687774099649974,0.19879730107535995,0.6629311743018536,0.9999999999999999,0.5221933000374879,0.4999394871437354,0.7682265242252726,0.7150264284804729
4999,0.3368119837399017,0.07362305057812664,0.5448486069683381,0.9334380762421886,0.16980283581219519,0.457197265640908,0.6820147022192764,0.2993901680533545,0.28931280628774486,0.29228529626383914
5000,0.16814251850760736,0.5944723741778858,0.5020094078299878,0.42380054264917055,0.5489495325153729,0.41711810803323185,0.39856738554422105,0.1966182724228377,0.26450388310272827,0.7716355387794027
